Office Number	Name English	Name Arabic	Website	Phone Number	Email
2004	HARBOR REAL ESTATE BROKER L.L.C	هاربور للوساطة العقارية ش.ذ.م.م	www.harbordubai.com	971-971-3251616	mohanad@harbordubai.com
1034	NEW WAY REAL ESTATE BROKER	الطريق الجديد للوساطة العقاريه		971-4-3573806	info@newwayint.com
1007	SEVEN CENTURY REAL ESTATE BROKERS L.L.C	القرن السابع للوساطة العقارية ذ.م.م	www.sevencentury.com	971-4-4520077	naghmeh@sevencentury.com
578	CHIC HOUSE REAL ESTATE BROKERS (L.L.C)	شيك هاوس للوساطة العقارية (ش.ذ.م.م)		971-4-4516161	ghasir@chichouse.ae
11803	ABUFAHAD REALESTATE L.L.C	أبو فهد للعقارات ش.ذ.م.م		585299999	broker.alhasan@gmail.com
23173	ON PLAN REAL ESTATE L.L.C	اون بلان للعقارات ش.ذ.م.م	onplan.ae		q-l2@hotmail.com
12651	VALCO PROPERTIES L.L.C	فالكو بروبيرتيز ش.ذ.م.م	www.valco-properties.com	971-4-3799919	info@valco-properties.com
3351	GULF GATE REAL ESTATE	جلف جيت للعقارات		971-04-3210200	info@thegulfgate.co
203	CASTLES PLAZA REAL ESTATE	كاستلس بلازا للعقارات		971-4-3551131	reception@castlesplaza.com
1721	MUSTAFA ALANSARI REAL ESTATE BROKER	مصطفى الانصاري للوساطة العقارية	www.alansarire.com	44473277	ahmed.sssprop@gmail.com
358	HAMPTONS INTERNATIONAL DUBAI (L L C)	هامبتونز انترناشيونال دبي (ش ذ م م)		971-04-3661662	enquiries@hamptons.ae
11	AL BISHRI REAL ESTATE	البشري للعقارات		971-4-2627400	mahmoud_766@yahoo.com
11814	PREMIER ESTATES REAL ESTATE BROKERS L.L.C	بريميار ايستيتس للوساطة العقارية ش.ذ.م.م		971-4-4252780	dinesh@dubaipremierestates.com
25226	GRAND VISION REAL ESTATE L.L.C	غراند فيجن للوساطة العقارية ش.ذ.م.م		45760444	Ghafoor.ghattali@yahoo.com
11826	OTTOMANS INTERNATIONAL PROPERTY BROKER	اوتومانز انترناشيونال للوساطة العقارية	www.ottomans-uae.com	97145616900	silvia@ottomans-uae.com
12882	YOUSIF AL SUWAIDI PROPERTIES	يوسف السويدي للعقارات	www.yasproperties.com	971-4-3552266	noushadthotton@yasproperties.com
11887	DAR AL AQAR REAL ESTATE L.L.C	دار العقار للعقارات ش.ذ.م.م	www.daralaqar.com	971-04-4211543	info@daralaqar.com
12571	PROPERTY JUNCTION INTERNATIONAL REAL ESTATE BROKER L.L.C	بروبرتي جنكشن انترناشيونال للوساطة العقارية ش.ذ.م.م		971-4-3365880	
23378	AKN PROPERTIES L.L.C	ايه كيه ان للعقارات ذ.م.م			admin@aknproperties.com
2370	MOUNTAIN GATE REAL ESTATE BROKER L.L.C	ماونتن جيت للوساطة العقارية ش.ذ.م.م	www.mountaingate.ae	97144524466	haytham@mountaingate.ae
2025	CUSHMAN & WAKEFIELD CORE REAL ESTATE L.L.C	كوشمان اند واكفيلد كور للعقارات ش.ذ.م.م		42452100	hr@cushwake.ae
283	TABANI REAL ESTATE L.L.C	تباني للعقارات ش.ذ.م.م	www.tabanirealestate.ae	971-4-3792565	pm.info@tabanirealestate.ae
1021	S P F REALTY REAL ESTATE BROKER (L.L.C)	اس بي اف ريالتي للوساطة العقارية (ش.ذ.م.م)		971-4-3396222	ks@spfrealty.com
1162	BINAYAH PROPERTIES L.L.C	بنايه للعقارات ش.ذ.م.م		971|543782440	Pro@binayah.com
918	M A R REAL ESTATE BROKER	ام ايه آر للوساطة العقارية	Manzoor Ahmed	44328398	mn@ma1world.com
456	KEY ONE REALTY L.L.C	كي وان ريالتي ش.ذ.م.م	www.keyoneproperties.com	97142089111	ceo@keyonerealtygroup.com
2416	CONTINENTAL REAL ESTATE (Branch)	كونتيننتال للعقارات (فرع)	www.cre-me.com	971-4-2225586	shaban@cre-me.com
259	A & A REAL ESTATE BROKERS L.L.C	اي & اي للوساطة العقارية ش.ذ.م.م	www.aarealgroup.com	971-4-4477834	info@aarealgroup.com
801	HIGH MARK REAL ESTATE BROKERS L.L.C	هاي مارك للوساطة العقارية ش.ذ.م.م		971-4-2796999	info@highmarkuae.com
1303	A 2 Z PROPERTIES L.L.C	ايه 2 زد للوساطة العقارية ش.ذ.م.م		971-04-3347205	simmi@a2zproperties.org
2456	ATOMIC PROPERTIES L.L.C	اتوميك بروبرتيس ش.ذ.م.م	www.atomic.ae	971-4-4474188	admin@atomic.ae
33504	EXPERT CARE REAL ESTATE L.L.C	اكسبرت كير للعقارات ش.ذ.م.م		971-4-2639922	ks.property12@gmail.com
2284	SHOAIB REAL ESTATE BROKER L.L.C	شعيب للوساطة العقارية ش.ذ.م.م	www.shoaibre.com	971-04-8787053	v2sf@yahoo.com
1564	LEGACY REAL ESTATE BROKERS	ليجاسي للوساطة العقارية		43298121	tejal@legacydubai.com
823	DIAMOND CITY REAL ESTATE BROKER	مدينة الالماس للوساطة العقارية	www.diamondcityre.com	971-4-4385232	sufi@diamondcityre.com
563	SKY VIEW REAL ESTATE BROKERS L.L.C	منظر السماء للوساطة العقارية ذ.م.م	www.skyviewdubai.com	971-4-4370431	akash@skyviewdubai.com
756	VANGUARD REAL ESTATE BROKERS	فانجارد للوساطة العقارية	www.vanguard.ae	971-4-4392273	karim@vanguard.ae
944	HUNTER & HUNTER PROPERTIES	هنتر & هنتر للعقارات	www.hunterandhunter.com	43991851	jbr@hunterandhunter.com
509	TOP CLASS REAL ESTATE BROKER (L.L.C)	المستوى الرفيع للوساطة العقارية (ش.ذ.م.م)	www.tcre.ae	971-4-3388745	raj@tcre.ae
1808	SCOPE REAL ESTATE BROKER L.L.C	اسكوب للوساطة العقارية ش.ذ.م.م		971-4-3467011	cs@scoperealestatedubai.com
1057	VALOREM REAL ESTATE BROKERS L.L.C	فالوريم للوساطة العقارية ش.ذ.م.م	www.valorem.ae	971-4-3791819	info@valoremdxb.ae
610	AL KHAIL REAL ESTATE BROKER L.L.C	الخيل للوساطة العقارية ش.ذ.م.م	www.alkhail.ae	971-04-2493610	info@alkhailuae.com
1470	CRYPTO PROPERTIES L.L.C	كريبتو للعقارات ش.ذ.م.م		503500609	farzin@micasauae.com
312	CASA BELLA PROPERTY BROKER L.L.C	كازابيلا للوساطة العقارية ذ.م.م	www.casabella.ae	971-4-3321090	pouneh@casabella.ae
469	W CAPITAL REAL ESTATE BROKER	دبليو كابيتال للوساطه العقاريه		971|501151118	walid.alzarooni@gmail.com
1047	KINGDOM REAL ESTATE L.L.C	كينجدم العقارية ش.ذ.م.م	www.mag.ae	43252799	ceo@kingdomproperties.ae
1038	REALTY FORCE REAL ESTATE BROKERS L.L.C	ريالتي فورس للوساطة العقارية ش.ذ.م.م	https://www.realtyforce.ae		riyaz@realty-force.com
19498	HOME MATTERS REAL ESTATE BROKER L.L.C	هوم ماترز للوساطة العقارية ش.ذ.م.م		97145579973	sawan@homematters.ae
2518	NEW AGE REAL ESTATE BROKER L.L.C	العصر الجديد للوساطه العقارية ش.ذ.م.م		44327307	md@newageuae.com
422	SAVILLS REAL ESTATE L.L.C	ساويلس للعقارات ش.ذ.م.م		971-4-3657700	ABDUL.ALHASHMI@SAVILLS.ME
180	ASTECO PROPERTY MANAGEMENT (L.L.C.)	استيكو لادارة العقارات (ش . ذ. م. م)		44037777	ahmedebid@asteco.com
1774	H B S REAL ESTATE	اتش بي اس للعقارات		971044277224	said@hbs-dubai.com
17651	VAKSON REAL ESTATE (L.L.C)	فاكسون للعقارات (ش.ذ.م.م)		43219993	contact@vakson.com
308	BLUECHIP REAL ESTATE BROKER l.l.c	بيلوشيب للوساطة العقارية ش.ذ.م.م	www.bluechiphome.com	971-4-3951212	nidhi@bluechiphome.com
1534	CITY TOWER REAL ESTATE L.L.C	برج المدينة للعقارات (ش. ذ. م. م)		971-4-2500200	info@citytowerrealestate.com
1399	KHALIFA BAKHIT REAL ESTATE L.L.C	خليفة بخيت للعقارات ش.ذ.م.م	www.khalifabakhit.com	43746151	usman_319@live.com
1219	L D I INTERNATIONAL REAL ESTATE BROKER (L.L.C)	ال دي اي انترناشيونال للوساطة العقارية (ش.ذ.م.م)	www.livedubai.co.uk	97144323920	contracts@livedubai.co.uk
1413	S T CLAIR REAL ESTATES BROKER L.L.C	اس تي كلير للوساطة العقارية ش.ذ.م.م		971-4-4542751	accounts@stclair.ae
359	BHH REAL ESTATE BROKER L.L.C	بي اتش اتش للوساطة العقارية ذ.م.م		971-04-3992447	info@bhhsgp.com
134	ARAB VISION REAL ESTATE BROKERS	الرؤية العربية للوساطة العقارية	https://salesnlease.com/	971-4-3432393	sunil@arabvision.ae
1860	FORTUNE 5 REAL ESTATE BROKER L.L.C	فورتشون5 للوساطة العقارية ش.ذ.م.م		97144488555	yasser@f5-investments.com
1671	IMEX REAL ESTATE BROKER (L.L.C)	ايمكس للوساطه العقارية (ش.ذ.م.م)	www.imexre.com	971-4-3951911	oleg@imexre.com
2148	A A J PROPERTY L.L.C	ايه ايه جيه العقارية ش.ذ.م.م	http://aajproperty.com/		wasim@aajproperty.com
1913	SUCCESS REAL ESTATE BROKERS	سكسيس للوساطة العقارية		971043957207	successdxb69@gmail.com
1571	I M J REAL ESTATE BROKERS (L.L.C)	اي ام جي للوساطة العقارية (ش.ذ.م.م)	www.imjrealestate.com	971-4-4477109	IMU316@GMAIL.COM
12388	MEHTAB J & B PROPERTIES L.L.C	مهتاب جيه & بي العقارية ش.ذ.م.م		971-4-5594888	fexpressdxb@gmail.com
2129	STONES INTERNATIONAL REAL ESTATE BROKERS L.L.C	ستونز انترناشيونال للوساطة العقارية ش.ذ.م.م	www.stones.ae	971-4-3998833	chandan@stonesstar.com
13210	MOHAMED AL NAHDI PROPERTIES	محمد النهدي للعقارات		43663334	mohamed@alnahdiproperties.com
19899	COUNTRY HOME REAL ESTATE BROKER L.L.C	كانتري هوم للوساطة العقارية ش.ذ.م.م	www.countryhome.ae	42414845	Md@countryhome.ae
18256	SYGMA REAL ESTATE	سيغما للوساطة لبعقارية		42432670	usman.82@hotmail.com
19642	R E M REAL ESTATE BROKER OWNED BY MUNA SAYED SAEED ALHASHEMI ONE PERSON CO L.L.C	ار اي ام للوساطة العقارية لمالكها منى السيد سعيد الهاشمي شركة الشخص الواحد ش.ذ.م.م		971-4-5736900	moh.alahmad1991@gmail.com
19707	XSPACE REAL ESTATE	اكسسبيس للعقارات	www.grre.ae	971-4-4370622	jasonjiang0427@gmail.com
19067	HAMRA PROPERTIES	حمره العقارية		971-04-2424149	IALHUDAIDI@GMAIL.COM
17301	MILESTONE HOMES REAL ESTATE BROKER	ميل ستون هومز للوساطة العقارية			makhasan2000@gmail.com
2353	DARWISH AL FALASI REAL ESTATE BROKERS	درويش الفلاسي للوساطة العقارية		559233405	darwishrealestate@gmail.com
12948	SILVER TIME PROPERTIES	سيلفر تايم للعقارات	www.silvertimeproperties.com	45754987	YDY101@YAHOO.COM
15607	KELLER WILLIAMS REAL ESTATE L.L.C	كيلر ويليامز للعقارات ش.ذ.م.م	kwdubai.com	971-4-4227428	abdul@kwdubai.ae
12391	PROPERTY PRO REAL ESTATE BROKERS	بروبارتي برو للوساطة العفارية	www.propertypro.ae		info@propertypro.ae
11960	VOGUE PROPERTIES OWNED BY SALEH MUBARAK ALQAITI ONE PERSON COMPANY L.L.C	فوج بروبرتيز لمالكها صالح مبارك القعيطي شركة الشخص الواحد ش.ذ.م.م	www.vogueproperties.ae	971-4-3757444	nedal@vogueproperties.ae
12839	KEY WORTH PROPERTIES L.L.C	كي ورث للعقارات ش.ذ.م.م		971-4-2945228	info@keyworthproperty.com
12466	TEXTURE PROPERTIES L.L.C	تيكيستشر للعقارات ش.ذ.م.م	www.textureproperties.com	97143232455	accountsassistant@textureproperties.com
2617	TRIANGLE CITY REAL ESTATEBROKER L.L.C	مثلث المدينة للوساطة العقارية ش.ذ.م.م	www.tcrbroker.com	44574202	naseer.properties@gmail.com
12364	AL SARAH PROPERTIES	الساره للعقارات			saqib23@live.com
2598	FORTUNE HOMES REAL ESTATE BROKERAGE	فورتشن المنازل للوساطة العقارية		971-04-4471990	fortunehomesinfo@gmail.com
30694	DAR AL BAHAR FOR REAL ESTATE BUYING & SELLING BROKERAGE L.L.C	دار أل بحر للوساطة في بيع العقارات وشرائها ش.ذ.م.م		971-4-971561512777	dxb6244364@gmail.com
15241	I Q I PROPERTIES	آي كيو آي للعقارات		971-4-3524748	ahlan@iqiproperties.com
11964	KNIGHT FRANK REAL ESTATE BROKERAGE L.L.C	نايت فرانك للوساطة العقارية ش.ذ.م.م		97144512000	analyn.cuajotor@me.knightfrank.com
11778	AL AMMAN PROPERTIES	الأمان للعقارات		971-4-3713333	Workspace2019@icloud.com
11995	ABODE PROPERTY L.L.C	ابودى للعقارات ذ.م.م	www.abodeproperty.ae	971-4-8812777	mark@abodeproperty.ae
11898	TOP LINE REAL ESTATE BROKER	توب لاين للوساطه العقارية	http://www.tlre.ae/	97144540990	hanif@tlre.ae
2608	MHM REAL ESTATE	ام اتش ام للعقارات	www.mhmrealestate.com	445188440	Reception@mhmrealestate.com
12282	BELLEVIEW REAL ESTATE BROKER	بيلفيو للوساطة العقارية	www.belleview.ae	971-4-5466194	admin@belleview.ae
11721	STONE HOUSE REAL ESTATE BROKERAGE L.L.C	إستون هاوس للوساطة العقارية ش.ذ.م.م	http://www.stonehouserealestate.ae	971-4-3792211	moin@stonehouserealestate.ae
34307	DUBAI DUNES PROPERTIES L.L.C	دبي ديونز العقارية ش.ذ.م.م			Mohamed@dubaidunesproperties.com
11929	SPRING FIELD REAL ESTATE	سبرنج فيلد للوساطة العقارية	www.springfield-re.com	971-4-4542588	MASROOR.SPRINGFIELD@GMAIL.COM
26387	BLACK BRICK PROPERTY L.L.C	بلاك بريك للعقارات ش.ذ.م.م		971-04-5911275	be@blackbrickproperty.com
11902	ROYAL PARK REAL ESTATE BROKER	رويال بارك للوساطة العقارية	www.royalparkhome.com		rustam@royalparkdxb.ae
25250	BENEFITS PROPERTIES L.L.C	بنيفتس العقارية ش.ذ.م.م			info@benefitsuae.com
12838	ARABIAN SANDS REAL ESTATE L.L.C	اربيان ساندس للعقارات ش.ذ.م.م		971|509533066	yousuf.siddiki@asre.ae
11959	PROPERTY BOUTIQUE REAL ESTATE L.L.C	بيروبيرتى بوتيك العقارية ش.ذ.م.م	propertyboutique.ae	971-4-4425434	info@pbredubai.com
12534	UBER HOMES REAL ESTATE L.L.C	اوبر هومز للعقارات ش.ذ.م.م	www.uberhomesuae.com	971-4-3795959	pavan@uberhomesuae.com
11870	SYNERGY PROPERTIES	سينرجي للعقارات		971-4-3258819	
11972	GULF INVEST REAL ESTATE BROKER	الخليج انفيست للوساطة العقارية		971-4-4410291	dubairealt@gmail.com
12550	NEXT LEVEL REAL ESTATE	نيكست ليفيل للعقارات	www.nextlevelrealestate.ae	971-4-4542828	ahad@nextlevelrealestate.ae
15451	VOSTOK REAL ESTATE	فوستوك للوساطة العقارية	vostokrealestate.com	971-4-2417773	info@vostokrealestate.com
11651	YOUR PLACE REAL ESTATE BROKER	يور بلايس للوساطة العقارية	www.yourplace.ae	43682168	marcello@yourplace.ae
15671	DREAM CATCHER REAL ESTATE BROKERS L.L.C	دريم كاتشر للوساطة في بيع العقارات وشرائها ش.ذ.م.م	www.dcbrokers.net	971-4-2833746	admin@dcbrokers.net
15570	H M S HOMES REAL ESTATE	اتش ام اس هومز للعقارات		971-4-4250600	
11878	LA PALMA PROPERTIES L.L.C	لا بالما للعقارات ش.ذ.م.م	https://www.lapalmadubai.com/	971-4-4542117	afshan.amdani@lapalmadubai.com
11941	LUXURY CONCIERGE REAL ESTATE BROKER L.L.C	لكتشري كونسيرج للوساطة العقارية ش.ذ.م.م	www.lcredubai.com	971-4-4414387	info@lcredubai.com
15568	RAINE AND HORNE REAL ESTATE L.L.C	رين آند هورن للعقارات ش.ذ.م.م		971-4-3663200	
26880	PROPHUNTERS REAL ESTATE	بروبهانترز للعقارات			ahsansakhawat@gmail.com
15717	NOVEL HOMES PROPERTIES	نوفل هومز للعقارات	www.novelproperties.ae	45519969	info@novelproperties.ae
12519	HOUSE 2 HOME REAL ESTATE PROPERTIES L.L.C	هاوس 2 هوم ريال استيت بروبيرتيس ش.ذ.م.م	www.house2homeuae.com	971-4-2980201	deepakk@house2homeuae.com
12448	ZOOMA PROPERTIES L.L.C	زوما بروبيرتس ش.ذ.م.م	www.zooma.ae		wael@zooma.ae
31258	CAPITAL WESTERN REAL ESTATE L.L.C	كابيتال وسترن للعقارات ذ.م.م			babaktaherkhani@ymail.com
11666	S .A. S INTERNATIONAL REAL ESTATE CO. L.L.C	اس. ايه. اس انترناشيونال للعقارات ذ.م.م	www.sasrealestateuae.com	971-4-2504444	saif@sasrealestateuae.com
12547	FALCON STAR REAL ESTATE L.L.C	فالكون ستار للعقارات ش.ذ.م.م		971-4-3885855	falconstarrealestate@gmail.com
11864	RESIDENCE REAL ESTATE	ريزيدنس للعقارات		971-04-8790730	info@residencedubai.com
27624	URBAN AVENUE PROPERTIES	اوربان افنيو للعقارات			bin.ghubash88@gmail.com
12148	VARDHMAN REALTY	وردهمان للعقارات		971-4-3266106	jiten@vardhmanintl.com
24905	SWAP REAL ESTATE BROKERS L.L.C	سواب للوساطة العقارية ش.ذ.م.م		47080808	admin@cbswap.ae
11892	BACK YARD REAL ESTATE BROKERAGE L.L.C	باك يارد للوساطة العقارية ذ.م.م		45197666	info@backyard.ae
11868	IMPERIAL HOMES REAL ESTATE BROKERS	امبيريال هومس للوساطة العقارية	www.imperialhomesdubai.com	971-4-4274076	muhammadhadaitullah@hsbc.com
2530	UNIQUE ZONE REAL ESTATE	المنطقة الفريدة العقارات	www.uzdubai.com	971-04-3273377	ankush@uzdubai.com
15236	A M S REAL ESTATE BROKERS	ايه ام اس للوساطة العقارية		971-4-3380111	sanjeev@amsre.ae
12237	INSPIRE REAL ESTATE BROKER L.L.C	انسبايرللوساطة العقارية ش.ذ.م.م	eastwest82@gmail.com	971-4-3888711	info@inspireprop.com
12521	SIR REAL ESTATE L.L.C	اس اي ار للعقارات ش.ذ.م.م		971600545451	hr@sothebysrealty.ae
11881	AVANTI REAL ESTATE	اوانتي للوساطة العقارية			revaz@avanti-re.com
2533	ROYAL HOME REAL ESTATE	رويال هوم للعقارات	Mahoud Khalil	971-04-3990990	info@royalhome.ae
1875	SUPERIORITY REAL ESTATE BROKER L.L.C	سوبيريوريتي للوساطه العقارية ش.ذ.م.م	www.superdxb.com	971-4-4572248	INFO@SUPERDXB.COM
1645	L . Y . M REAL ESTATE BROKERS(L.L.C)	ال . واي . ام للوساطه العقاريه(ش.ذ.م.م)	www.lymdubai.com	971-4-4579418	IMRAN@LYMDUBAI.COM
2112	ROYAL OASIS REAL ESTATE BROKERS L.L.C	الواحة الملكية للوساطة العقارية ذ.م.م		971-4-5534695	info@royaloasis.co.ae
169	PRIME LINKS REAL ESTATE BROKERS L.L.C	الروابط الممتازة للوساطة العقارية ذ.م.م	www.primelinks.ae	971-4-2771143	amer@primelinks.ae
150	AMLAK REAL ESTATE L.L.C	املاك للعقارات ش.ذ.م.م		97142599933	KADIDUBAI@GMAIL.COM
156	GROUP SEVEN PROPERTIES (L L C)	جروب سفن للعقارات (ش ذ م م)	http://www.group7properties.com	971-4-3663377	lucy.s.ghattas@group7properties.com
2377	MOVE IN REAL ESTATE BROKER	موف ان للوساطة العقارية	www.moveindubai.com	971-04-4327866	info@moveindubai.com
3	ALI AL HAJ REAL ESTATE BROKER	علي الحاج للوساطة العقارية		971-4-6444519	amam_alhaj@hotmail.com
1723	OSLOOB REAL ESTATE (L.L.C)	اسلوب للعقارات (ش.ذ.م.م)		971|042226444	osloobrealestate03@gmail.com
321	Group A	المجموعة أ			info@dubailand.gov.ae
1511	PRIMA LUXURY REAL ESTATE BROKER L.L.C	بريما لكزريز للوساطة العقارية ش.ذ.م.م		971-4-3799507	info@primaluxury.com
120	CHINA TOWN REAL ESTATE	مدينة الصين للعقارات		971-4-4430268	chinatowndubai@hotmail.com
171	CITY HOME REAL ESTATE BROKRAGE L.L.C	بيت المدينة للوساطة العقارية ذ.م.م		971-4-3414699	info@cityhomerealestate.com
1139	3 G REAL ESTATE	3 جي للوساطة العقارية		971-4-4472272	adnanb@3guae.com
2293	AL RAEA REAL ESTATE (Branch)	الرائع للعقارات (فرع)	www.alraea.com	971-4-2681833	helalzoha@alraea.com
30852	HENGAMEH ABEDI REAL ESTATE BROKERAGE L.L.C	هنكامه عابدى للوساطة العقارية ش.ذ.م.م		97142501693	hengameh@harealestate.ae
12518	MAGUS REAL ESTATE BROKERS L.L.C	ماجوس للوساطة العقارية ش.ذ.م.م		971-4-2249094	chintan@magus-re.com
2497	MAHEL REAL ESTATE BROKER	ماهيل للوساطة العقارية	SHEIROSE NURMMAD OSSEMANE	971-4-4471702	mahelrealestate@gmail.com
12812	NEXT REAL ESTATE	القادم للعقارات	NEXT REAL ESTATE	971-4-2341575	dubaifirst1@yahoo.com
1018	ICON REAL ESTATE BROKERS EST.	مؤسسة أي كون للوساطة العقارية		971-4-5539020	imdadilyas@gmail.com
727	ARAB LAND REAL ESTATE L.L.C	ارض العرب للعقارات ش.ذ.م.م	Mohammad Rafie	971-4-3298844	ceo@arabland.ae
2427	NEW HOMES REAL ESTATE BROKER	نيو هومس للوساطة العقارية	www.newhomesuae.com	971-4-4473501	saleem@newhomesuae.com
670	EXCEL REAL ESTATE BROKER L.L.C	اكسل للوساطة العقارية ش.ذ.م.م	www.excelproperties.ae	971-4-3364447	mak@excelproperties.ae
2132	LAND COM REAL ESTATE L.L.C	لاند كوم للعقارات ش.ذ.م.م		42221226	abduldubai786@gmail.com
17340	AL HIRMAS AL THAHABI REAL ESTATE BROKER	الهرماس الذهبي للوساطة العقارية		44427116	alhirmas@tigergroup.ae
21514	TAMANI REAL ESTATE	تماني للعقارات		9714666993	mshwaini@yahoo.com
20687	FRIENDS REAL ESTATE BROKER	فريندس للوساطة العقارية		45656216	sarwarzaib@gmail.com
21915	DISTRICT REAL ESTATE L.L.C	ديستريكت للعقارات ش.ذ.م.م		971-04-5542518	Camelia.savoye@hotmail.com
22137	ALNAKHLAT ALTHALATH REAL ESTATE BROKER ONE PERSON COMPANY L.L.C	النخلات الثلاث للوساطة العقارية شركة الشخص الواحد ش.ذ.م.م			khaoula@tptdubai.com
16737	LANDSMITH REAL ESTATE BROKER	لاندسميث للوساطة العقارية		971-4-2417191	info@landsmith.ae
21126	Cogent Real Estate LLC	كوجبنت للعقارات ش.ذ.م.م		43999927	pooja.laller@gmail.com
20643	SPACE & PLACE REAL ESTATE BROKER L.L.C	سبيس & بليس للوساطة العقارية ش.ذ.م.م		971-04-2401777	info@spaceandplace.ae
20456	FIDU PROPERTY REAL ESTATE BROKERAGE	اف اي دي يو بروبيرتي للوساطة العقارية	www.299.com	971-4-3399222	hr@fiduproperties.com
17231	DARKOM REAL ESTATE L.L.C	داركم للعقارات ش.ذ.م.م		971-4-4547765	ALI@DARKOMRE.AE
21815	M AND T REALTY REAL ESTATE BROKERS L.L.C	ام اند تي ريالتي للوساطة العقارية ذ.م.م			hmurtaza99@yahoo.com
20778	LIMES WOOD REAL ESTATE BROKERS L.L.C	ليمس وود للوساطة العقارية ش.ذ.م.م			info@limeswood.ae
18690	AMBER HOMES REAL ESTATE L.L.C	أمبر هومز للوساطة العقارية ش.ذ.م.م		43684497	ambreen@amberhomes.ae
21329	STONE BRIDGE REAL ESTATE BROKER L.L.C	ستون بريدج للوساطه العقاريه ش.ذ.م.م		971-4-4272294	info@stonebridgere.ae
17463	HOME SQUARE REAL ESTATE L.L.C	هوم سكوير للعقارات ش.ذ.م.م		971-4-2364444	shaan@zestrealtors.com
18190	EDEN FORT REAL ESTATE	ايدين فورت للعقارات	www.edenfort.ae	97143230688	wasif@edenfort.ae
19025	FAST WAY REAL ESTATE BROKER L.L.C	فاست واي للوساطة العقارية ش.ذ.م.م		42427909	huimin.wang@fastway.vip
17224	THINK PROPERTIES REAL ESTATE	ثينك بروبرتيز للوساطة العقارية	www.think-properties.ae	971-04-5543227	bharatbedi@think-properties.ae
17550	BROWN STONE REAL ESTATE	براون ستون للعقارات	www.brownstone.ae		iblinksdubai@gmail.com
20108	UNITED REALTY REAL ESTATE BROKER	يونايتد ريالتي للوساطة العقارية		971-4-5645383	omerdxb@gmail.com
16416	NEWPORT HOMES REAL ESTATE BROKER	نيوبورت هومز للوساطة العقارية	www.newport-homes.com	971-4-5586510	Nasser@nph.ae
20736	PLUSH REAL ESTATE	بلاش للعقارات			piyush@plushre.ae
13195	UNIQUE PROPERTIES L.L.C (BRANCH)	يونيك بروبرتيز ش.ذ.م.م (فرع)		971-4-4558888	evelyn@UNIQUEPROPERTIES.AE
19755	POSITIVE PROPERTIES L.L.C	بوزيتيف للعقارات ذ.م.م		971-04-5517101	joseallwyn@gmail.com
21423	RENAISSANCE REAL ESTATE BROKERS L.L.C	رينيسانس للوساطة العقارية ش.ذ.م.م	www.rrealestate.ae		mazin@rrealestate.ae
19034	NORTHGATE REAL ESTATE BROKERAGE L.L.C	نورث جيت للوساطة العقارية ش.ذ.م.م	www.john-taylor.ae	971-4-3665555	dubai@john-taylor.com
20611	VERA REAL ESTATE L.L.C	فيرا للعقارات ش.ذ.م.م	www.verare.ae		admin@verare.ae
12445	ATOMIC PROPERTIES LLC (DMCC BRANCH)	أتوميك بروبرتيس ش.ذ.م.م فرع م.د.م.س	www.atomicproperties.org	44342678	admin@atomic.ae
16580	MOON WAY REAL ESTATE L.L.C	مون واي للعقارات ش.ذ.م.م		971-04-2959965	HUZAIFAKHALID@HOTMAIL.COM
20487	FIVE PILLARS REAL ESTATE	فايف بيلرز للعقارات			5pillarsre@gmail.com
17190	FOREFRONT REALTY L.L.C	فورفرونت للعقارات ش.ذ.م.م		48323070	abbas@4frealty.com
16552	HOME DOT COM REAL ESTATE BROKER L.L.C	هوم دوت كوم للوساطة العقارية ش.ذ.م.م	www.homedxb.com	971-4-3250035	moh@homedxb.com
12808	SAWANI PROPERTIES L.L.C	سواني للعقارات ش.ذ.م.م		971-04-5138222	sawani.ae.ac@gmail.com
18310	F P M S T G REAL ESTATE L.L.C	اف بي ام اس تي جي للعقارات ش.ذ.م.م		971-4-4317733	info@stonetree.ae
23271	N M D REAL ESTATE BROKERAGE L.L.C	ان ام دي للوساطة العقارية ش.ذ.م.م		45472756	tymour@nomadhomes.co
12795	OCEAN REAL ESTATE	اوشن للعقارات	www.ocean-uae.com	42785111	info@ocean-uae.com
12806	V I P REAL ESTATE L.L.C	فى اى بى للعقارات ش.ذ.م.م	haxxon.asteco.net	971-4-1131725	quintro@gmail.com
22039	HOUSE LAND PROPERTIES L.L.C	هاوس لاند للعقارات ش.ذ.م.م			obaid@belresheed.ae
21750	HUAXIA REAL ESTATE BROKER LLC	هواشيا للوساطة العقارية ذ.م.م	https://www.huaxia.ae/	45897440	black@huaxia.ae
20006	CLEMSON PORTER PROPERTIES BROKER L.L.C	كليمسون بورتر للوساطة العقارية ش.ذ.م.م			admin@dubaioffplan.com
22004	KNIGHTSBRIDGE PROPERTIES	نايتسبريدج بروبرتيز	www.knightsbridgeprop.ae	971-04-2275700	info@knightsbridgeprop.ae
17425	EMPIRES HEIGHTS PROPERTIES L.L.C	امبايرس هايتس للعقارات ش.ذ.م.م	empirehfbb.com		jafar.arbab@empirehfbb.com
19479	B L B REAL ESTATE BROKERS	بي ال بي للوساطة العقارية		42355274	operations@prodesk.co
17406	IDEAL SHELTERS REAL ESTATE BROKERS	ايديل شيلتيرز للوساطة العقارية	www.idealshelters.ae	44249988	chusamamazhar@gmail.com
17029	KAYE & CO REAL ESTATE L.L.C	كي اند كو للعقارات ش.ذ.م.م		971-4-5830001	info@kayeandco.ae
25441	N E T REALESTATE L.L.C	ان ايه تي للعقارات ذ.م.م		566963222	admin@netrealestate.com
30308	GOLDEN MEADOWS REAL ESTATE	قولدن ميدوس للعقارات		971-50-7657277	swatidalvi7@gmail.com
12666	EPIC HOMES REAL ESTATE BROKERS L.L.C	ايبك هومز للوساطة العقارية ش.ذ.م.م			tarundb@gmail.com
27788	F A M REAL ESTATE BROKER L.L.C (BRANCH)	اف ايه ام للوساطة العقارية ش.ذ.م.م (فرع)		43691717	VYSAK@FAMPROPERTIES.COM
25444	A N W REAL ESTATE L.L.C	ايه ان دبليو للعقارات ش.ذ.م.م			admin@anw.ae
31840	INTRUST REAL ESTATE L.L.C	انترست للوساطة العقارية ش.ذ.م.م			info@intrust.agency
26336	TWELVEPOINT REAL ESTATE BROKERS L.L.C	تويلف بوينت للوساطة العقارية ش.ذ.م.م			Prop.Manager@xiipointre.com
22520	N V E S T REAL ESTATE BROKER	ان في اي اس تي للوساطة العقارية	www.nvestrealestate.com	971-04-2426556	musmanshayeq@gmail.com
31764	BEMINE PROPERTIES L.L.C	بيماين للعقارات ش.ذ.م.م			Sultan_h1993@yahoo.com
30666	N H D REAL ESTATE	إن أتش دي للعقارات			nitin@nhd.ae
27949	LUXE HAVEN REAL ESTATE BROKERAGE L.L.C	لوكس هافن للوساطة العقارية ش.ذ.م.م	www.luxehaven.ae		info@luxehaven.ae
29862	DOMSTAR REAL ESTATE BROKERAGE L.L.C	دومستار للوساطة العقارية ذ.م.م		971-4-8754000	domstar.world2022@gmail.com
27880	UPSTREAM PROPERTIES	أبستريم للعقارات			connect@preciouspoint.com
22588	BEST LUXURY PROPERTIES L.L.C	بيست لاكجري بروبرتيز ش.ذ.م.م		971-4-2721516	office@bestluxury.properties
22414	ZENITH HOMES REAL ESTATE L.L.C	زينيث هومز للعقارات ش.ذ.م.م			zenithhomes11@gmail.com
26099	WHITEWILL REAL ESTATE BROKERS L.L.C	وايتويل للوساطة العقارية ش.ذ.م.م			info@whitewill.ae
29467	EAST PORCH REAL ESTATE L.L.C	ايست بورج للعقارات ش.ذ.م.م		971-04-5541710	karlablanka@icloud.com
29858	WELLINGTON HOME REAL ESTATE BROKER L.L.C	ويلينجتون هوم للوساطة العقارية ش.ذ.م.م			reception@alburoojrealestate.com
29027	XPERIENCE REALTY REAL ESTATE	اكسبرينس ريالتي للعقارات		4000000	info@xrealty.ae
33276	LUXURY HUB PROPERTIES L.L.C	لكجري هب للعقارات ش.ذ.م.م			office@luxurypropertieshub.com
29644	S K R LEASING PROPERTY BROKERAGE AGENTS	اس كيه ار للوساطة في تأجير العقارات		581808522	skrproperties22@gmail.com
30841	GRIFFIN PROPERTIES	غريفين للعقارات			Zarghamexpert@gmail.com
28218	DELUXXIS REAL ESTATE BUYING & SELLING BROKERAGE L.L.C	ديلوكسيس للوساطة في بيع العقارات وشرائها ش.ذ.م.م		971-04-5837940	firasfh78@gmail.com
32767	LOCI PROPERTIES L.L.C	لوكاي للعقارات ذ.م.م			imad@loci-p.com
30727	INSIDE PREMIUM PROPERTIES L.L.C	انسايد بريميوم للعقارات ش.ذ.م.م			a.mokov@insiderealty.ae
32204	FAWAZ AL TAMIMI & AL AMMARI REAL ESTATE BROKER L.L.C	فواز التميمي والعماري للوساطة العقاريه ش.ذ.م.م			basmahelammari@gmail.com
23064	YOUR DEALER REAL ESTATE	يور ديلر للعقارات			abdulla.bakhwar@gmail.com
22985	PETALS REAL ESTATE BROKERS L.L.C	بتلز للوساطة العقارية ش.ذ.م.م	www.petalsdubai.com		vishnulalwani@gmail.com
34208	ANWAR AL RIYADH PROPERTIES L.L.C	انوار الرياض للعقارات ش.ذ.م.م			aasevensatarproperties@gmail.com
27893	BILLIONAIRE HOMES REAL ESTATE L.L.C	بيليونير هومز للعقارات ش.ذ.م.م		43324005	shahzaib394@gmail.com
31087	TOTALLY HOME REAL ESTATE	توتالي هوم للعقارات		97145548620	jivan@totallyhomerealestate.com
26140	NATION WIDE EXCELLENCY MIDDLE EAST REAL ESTATE L.L.C	نيشين وايد اكسيلانسي ميدل ايست للعقارات ش.ذ.م.م		508198688	d.alqudsi@nwmea.com
25573	SCORPION PROPERTY REAL ESTATE BROKERS L.L.C	سكوربيون للوساطة العقارية ش.ذ.م.م		971-04-4245000	info@scorpionproperty.ae
30492	META WORLD PROPERTIES BROKERS	ميتا وورلد للوساطة العقارية		971-04-4081900	metaworldpropertiesbrokers@gmail.com
27829	ELAN REAL ESTATE	ايلان للعقارات			fasih.us2@gmail.com
12080	TIDEWATER PROPERTIES	تايد ووتر بروبريتيز		43503522	mshltouni@bonyangroup.com
25484	THE ASSETS ADVISORS REAL ESTATE L.L.C	ذا اسيتس ادفايزرس للعقارات ش.ذ.م.م			theassetsadvisors2@gmail.com
34422	TRINITY HOMES PROPERTIES L.L.C	ترينتي هومز للعقارات ش.ذ.م.م			kapiltekwani35@gmail.com
12803	ALRUWAD REAL ESTATE L.L.C	الرواد للعقارات ش.ذ.م.م	www.alruwad.ae	971-4-3430111	ismail.alhammadi@alruwad.ae
31326	IREST REAL ESTATE	ايرست للعقارات			partner66a1@gmail.com
22546	A S C REAL ESTATE	ايه اس سي للعقارات		971|555105276	kapil.gupta@bhomes.com
11769	ELEMENT ONE REAL ESTATE BROKER OWNED BY ABDULWAHID ALMULLA ONE PERSON COMPANY L.L.C	المنت ون للوساطة العقارية لمالكها عبدالواحد الملا شركة الشخص الواحد ش.ذ.م.م		97142727234	thasleem@elementone.me
26303	LUXURY ONE REAL ESTATE L.L.C	لاكشري ون للعقارات ش.ذ.م.م			oalbakri1976@gmail.com
11794	REALTY SOLUTIONS REAL ESTATE	ريلتي سوليوشنز للوساطة العقارية	www.rsdubai.com	971-4-2771009	SOHAILGOPALANI@HOTMAIL.COM
23743	M I R A REAL ESTATE BROKERS L.L.C	ام اي ار ايه للوساطة العقارية ش.ذ.م.م		971|43339114	info@miraestate.ae
28687	EVEROSE PROPERTIES	ايفروز للعقارات			karl@shehfe.com
33765	7 STATES REAL ESTATE	7 استيتس للعقارات			admin@7statesre.com
12683	SPARE FOOT REAL ESTATE BROKER	سبير فوت للوساطة العقارية	www.sparefoot.ae	971-4-2322567	arshad@sparefoot.ae
26196	AUTHENTIC REAL ESTATE BUYING AND SELLING BROKERAGE L.L.C	اوتيك للوساطة في بيع العقارات و شرائها ش.ذ.م.م		971-04-5686757	dxbinfo3@gmail.com
32856	L G H REAL ESTATE BROKERAGE L.L.C	ال جي اتش للوساطة العقارية ش.ذ.م.م			christophe.libon@maisonlgh.com
25317	TOP MILLIONS REAL ESTATE	توب مليونز للعقارات		45693994	topmillions777@gmail.com
24133	IDIGOV REAL ESTATE L.L.C	اديغوف للعقارات ش.ذ.م.م		971-04-5646070	akhmed@idigovs.com
23429	FOUR APPLE REAL ESTATE BROKERS L.L.C	فور أبل للوساطة العقارية ش.ذ.م.م		971|522437443	emad@fourapplerealestate.com
23126	3S REAL ESTATE BROKERS L.L.C	3 اس للوساطة العقارية ش.ذ.م.م		971-4-5786173	sar@3sbrokers.com
15567	EMPRO PROPERTIES L.L.C	امبرو للعقارات ش.ذ.م.م	www.emproproperties.com	971-4-5787698	christina@empro.ae
32132	ETAGI REAL ESTATE L.L.C	إيتاجي للعقارات ذ.م.م			info@dubai.etagi.com
12386	TERRA NOVA REAL ESTATE BROKERS L.L.C	تيرا نوفا للوساطة العقارية ش.ذ.م.م		971-4-5898687	marc@terranovarealestate.ae
34983	F T T COLLECTION REAL ESTATE L.L.C	اف تي تي كوليكشن للعقارات ش.ذ.م.م			schmidt_thomas67@hotmail.com
30280	E H PROPERTIES L.L.C	ايي اتش للعقارات ش.ذ.م.م		44427830	ceo@ehgroup.ae
36299	GOOD VIBES REAL ESTATE	جود فايبس للعقارات			anjna.nijhawan@gmail.com
32914	PRIVE REAL ESTATE L.L.C	بريف للعقارات ش.ذ.م.م			info@prive-re.com
15700	C T C HOUSE & HOME REAL ESTATE	سي تي سي هاوس & هوم للعقارات	https://houseandhome.com/	971-4-3218908	Houseandhome@ctcdubai.com
27777	AHYAN REAL ESTATE BROKER	أهيان للوساطة العقارية		971-04-5277877	NASIR@AHYANGROUP.COM
24838	PRIDE AND PROPERTY	برايد اند للعقارات		971-04-5475151	kunalsyn@gmail.com
11859	FANDAH PROPERTIES L.L.C	فندة العقارية ش.ذ.م.م		971-4-5515680	info@fandah.com
30353	TUIMAADA REAL ESTATE BUYING & SELLING BROKERAGE L.L.C	تويمادا للوساطة في بيع العقارات وشرائها ش.ذ.م.م		44580276	tuimaada_ipoteka@mail.ru
31831	INVESTMENTER REAL ESTATE L.L.C	انفستمينتر للعقارات ش.ذ.م.م			a.said@freemontgroup.com
31777	HOLO REAL ESTATE BROKERAGE L.L.C	هولو للوساطة العقارية ذ.م.م			mahmoud_elkoumy2@yahoo.com
28048	BLACKOAK REALESTATE	بلاكوك للعقارات			sheikh@outlook.com
23798	KORE REAL ESTATE L.L.C	كور للعقارات ذ.م.م	https://koredubai.com/		TONY@KOREDUBAI.COM
34726	A X CAPITAL REAL ESTATE L.L.C	ايه اكس كابيتال للعقارات ش.ذ.م.م			admin@axcapital.ae
26207	CASABELLA LUXURY REAL ESTATE L.L.C	كاسابيلا لاكجري للعقارات ش.ذ.م.م		45831707	indira@casabellaluxury.com
27232	PREMIUM HOMES REAL ESTATE L.L.C	بريميم هومز للعقارات ش.ذ.م.م			poojavt999@gmail.com
28067	WAKHAN PROPERTIES	واخان للعقارات			Fezaidi@gmail.com
22564	EBB STONE REAL ESTATE	اي بي بي ستون للعقارات		971-04-2779249	Sarah@ebbstonere.com
25265	ELITE & LUXURY REAL ESTATE L.L.C	اليت & لاكجري للعقارات ش.ذ.م.م			mt@dubai-realty.com
32783	LUXGRP REAL ESTATE BROKERAGE L.L.C	لوكس جي ار بي للعقارات ش.ذ.م.م			info@livuae.com
23540	ARBAT REAL ESTATE BROKERS L.L.C	اربات للوساطة العقارية ش.ذ.م.م			admin@arbatrealty.com
29875	INFINITY ESTATES PROPERTIES L.L.C	انفينتى استاتس للعقارات ذ.م.م			Ak@infinitydxb.com
31239	WEALTH KEY REAL ESTATE L.L.C	ويلث كي للعقارات ذ.م.م			sharonxure@gmail.com
27171	DREAM CATCHER HOMES REAL ESTATE L.L.C	دريم كاتشر هومز للعقارات ش.ذ.م.م		971-4-2833746	karim.b@dcbrokers.net
29710	LUXBRIDGE INTERNATIONAL REALTY L.L.C	لوكسبريدج انترناشونال للعقارات ش.ذ.م.م			john@luxbridgerealty.com
28117	M Y A INTERNATIONAL REAL ESTATE L.L.C	ام واى ايه انترناشيونال للعقارات ذ.م.م			mdll.irina@outlook.com
24294	P J INTERNATIONAL REAL ESTATE L.L.C	بي جاي انترناشيونال للعقارات ش.ذ.م.م			p11puneetj@iima.ac.in
26475	D G HOMES REAL ESTATE BROKER L.L.C	دي جي هومز للوساطة العقارية ش.ذ.م.م		44431780	om@danielgarofoli.com
34375	HOMES PORT REAL ESTATE L.L.C	هومز بورت للعقارات ش.ذ.م.م		504025599	vgube@hotmail.com
36819	H B R E INTERNATIONAL REAL ESTATE L.L.C	اتش بي ار اي انترناشونال للعقارات ذ.م.م			mickab1994@gmail.com
35769	SHERLOCK HOMES REAL ESTATE L.L.C	شيرلوك هومز للعقارات ش.ذ.م.م			arrow.chengjian@gmail.com
11838	R K PROPERTY REAL ESTATE BROKER	آر كيه بروبرتي للوساطة العقارية	www.rk-re.com	97144239010	inder@rk-re.com
22524	GLOBAL 99 REALESTATE OWNED BY SHIKH THEYAB ALNEHAYAN L.L.C	جلوبال 99 للعقارات لمالكها الشيخ ذياب ال نهيان ش.ذ.م.م		48762058	jamila@global99.ae
30723	METRIKA REAL ESTATE BROKERAGE	ميتريكا للوساطة العقارية			bukanov@metrika72.ru
29786	PRYPCO REAL ESTATE L.L.C	بريبكو للعقارات ش.ذ.م.م			Haytham.Sultan@damacgroup.com
36823	SUPERIOR AND SERENDIPITY REAL ESTATE BUYING & SELLING BROKERAGE L.L.C	سوبيريور اند سيرينديبيتي للوساطة في بيع العقارات وشرائها ش.ذ.م.م			862296772@qq.com
22518	EXPERT HOMES REAL ESTATE BROKERS L.L.C	اكسبيرت هومز للوساطة العقارية ذ.م.م			bharat.dprop@gmail.com
11664	EXCLUSIVE HOMES REAL ESTATE BROKERS L.L.C	اكسكلوسف هومز للوساطة العقارية ش.ذ.م.م		971-4-3688036	info@exclusivehomesdubai.com
11977	ASSETS REAL ESTATE BROKER L.L.C	اسيتس للوساطة العقارية ش.ذ.م.م		45587121	rami@assets-realestate.com
32915	FAZWAZ REAL ESTATE L.L.C	فازواز للعقارات ش.ذ.م.م			Paul@fazwaz.ae
28776	TOP MILLIONS REAL ESTATE (BRANCH)	توب مليونز للعقارات (فرع)			topmillions777@gmail.com
28130	A P I L PROPERTIES	ايه بي اي ال للعقارات		971-04-5516626	admin@apilproperties.com
31654	M N R REAL ESTATE	ام ان آر للعقارات			nikitadevnani5@gmail.com
29300	ART IX REALESTATE L.L.C	ارت ايكس للعقارات ش.ذ.م.م			Ceo@investartix.com
11637	DISCOVERY HOMES REAL ESTATE BROKER EST	مؤسسة ديسكفري هومز للوساطة العقارية		97144434303	qadeer@discoveryhomes.ae
23654	DESEA GLOBAL PROPERTIES L.L.C	ديزيا جلوبال للعقارات ش.ذ.م.م			Sultan_h1993@yahoo.com
28153	PRIME CAPITAL REAL ESTATE	برايم كابيتال للعقارات		42405000	shaad@primecapitaldubai.com
26487	OQOOD PROPERTIES L.L.C	عقود للعقارات ش.ذ.م.م			CONNECT@PRECIOUSPOINT.COM
24413	REALCO CAPITAL REAL ESTATE BROKER	ريلكو كابيتال للوساطة العقارية		971-4-3942786	talha@realcocapital.ae
27666	HAAZ PROPERTIES	هاز للعقارات			CONNECT@PRECIOUSPOINT.COM
24200	ARTHA REALTY L.L.C	آرثا ريالتي ش.ذ.م.م			niraj@artharealty.com
15996	TRUMP STAR ROYAL REAL ESTATE BROKER L.L.C	ترامب ستار رويال للوساطة العقارية ش.ذ.م.م		971-4-5570686	zahra@trumpstar.ae
27695	BEACON HOMES REAL ESTATE	بايكون هومز للعقارات	www.beaconhomesdxb.com		msalman.fayyaz@gmail.com
31998	EXP REAL ESTATE (Br of EXP INTERNATIONAL HOLDINGS INC )(Dubai Branch)	اي اكس بي للعقارات ( فرع من إي أكس بي انترناشيونال هولدنجز انك )(فرع دبي)	https://www.expdubai.com/	45124163	dounia.fadi@exprealty.net
24292	SIGNATURE REALITY HOMES REAL ESTATE L.L.C	سيجنتشر رياليتي هومز للعقارات ش.ذ.م.م		971|562212721	TANG@SIGNATUREHOMESUAE.COM
34768	DISRUPTIVE REAL ESTATE L.L.C	ديسترابتف للعقارات ش.ذ.م.م			Anthony@disruptiveestate.com
23265	MARIGOLD PROPERTIES L.L.C	ماريجولد للعقارات ش.ذ.م.م		506769398	sheetal@marigolddubai.com
24402	LINDAS REALESTATE L.L.C	لينداز للعقارات ش.ذ.م.م		44081000	customercare@bhomes.com
26612	FORBES REAL ESTATE L.L.C	فوربس للعقارات ش.ذ.م.م			it@hdsgroup.org
28454	KEY CAPITAL PROPERTIES L.L.C	كاي كابيتال بروبرتيز ش.ذ.م.م			Khusro.properties@gmail.com
26182	AORA PLUS ONE REAL ESTATE L.L.C	اورا بلس ون للعقارات ش.ذ.م.م		43960991	manager@aoraproperties.com
28885	STAR 5 REALTY REAL ESTATE L.L.C	ستار فايف ريالتي للعقارات ش.ذ.م.م		45494200	info@star5realty.ae
31741	MAGNUS PROPERTIES	ماغنوس بروبرتيز			ak@magnus-properties.com
11916	SKYRISE REAL ESTATE BROKERS EST.	مؤسسة سكاي رايز للوساطة العقارية		971-4-4343241	statedubai@gmail.com
11966	DEALS CONNECTION REAL ESTATE	دييلز كونيكشن للعقارات		971-4-3388004	info@dealsconnection.ae
28785	O N G REALESTATE L.L.C	او ان جي للعقارات ش.ذ.م.م		42689901	yasemin@onguae.com
29560	ARTEGO REALESTATE L.L.C	ارتيغو للعقارات ذ.م.م			A5061022@gmail.com
27296	REAP REAL ESTATE BROKERS L.L.C	رييب للوسطاء العقاريين ش.ذ.م.م		971-4-5915688	sales@reapuae.com
11723	TASEES REAL ESTATE	تأسيس للعقارات		971-4-2626210	aldaham87@gmail.com
29302	PRIME REALTY REAL ESTATE L.L.C	برايم رياليتي للوساطة العقارية ش.ذ.م.م			SKP@Sothebysrealty.ae
27403	REVO REALTY REAL ESTATE BROKERS L.L.C	ريفو للوساطة العقارية ش.ذ.م.م			farhan.safi@revorealty.ae
32746	MAGIC FLASH ESTATE BROKER L.L.C	ماجيك فلاش للوساطه العقاريه ش.ذ.م.م			corp@realiste.ai
33993	ROYAL ARAB REAL ESTATE L.L.C	رويال عرب للعقارات ش.ذ.م.م			52764862@QQ.COM
23278	PLATINUM SQUARE REAL ESTATE BROKERS	بلاتينيوم سكوير للوساطة العقارية		44428453	info@platinumsquare.ae
26585	CREATIVE HOMES REAL ESTATE BROKER L.L.C	كريتيف هوم للوساطة العقارية ش.ذ.م.م	www.creativehomes.ae	971-04-2387671	yogesh@creativehomes.ae
23067	KEY CLUE PROPERTIES L.L.C	كي كلو للعقارات ش.ذ.م.م	www.keyclue.ae		s.danhach@keyclue.ae
30760	S P INVEST REAL ESTATE L.L.C	اس بي انفست للعقارات ش.ذ.م.م		971-04-5579148	ibrahim@startup-n-marketing.com
28831	ANAROCK PROPERTY CONSULTANTS PRIVATE LIMITED - DUBAI BRANCH	اناروك بروبرتي كونسولتانتس برايفت ليميتد - فرع دبى			morgan.owen@anarock.com
24825	DRIVEN PROPERTIES L.L.C (BRANCH)	درفن للعقارات ش.ذ.م.م (فرع)			pro@drivenproperties.ae
24933	NEXUS POINT REAL ESTATE BROKERAGE L.L.C	نكسس بوينت للوساطة العقارية ش.ذ.م.م		0	dld@nexuspoint.ae
1841	APPELLO REAL ESTATE BROKERS (L L C)	ابيلو للوساطة العقارية (ش.ذ.م.م.)	www.appello.ae	971-4-4430399	naval.vohra@gmail.com
22515	THE ROYAL NEST REAL ESTATE BROKER L.L.C	ذا رويال نيست للوساطة العقارية ش.ذ.م.م		45844591	info@royalnesthomes.com
32657	RAKU REAL ESTATE L.L.C	راكو للعقارات ش.ذ.م.م		524206783	raku.uae@gmail.com
31582	TOP CAPITAL REAL ESTATE L.L.C	توب كابيتال للعقارات ش.ذ.م.م			zanbaksvs@gmail.com
28713	PRIMO CAPITAL REAL ESTATE L.L.C	بريمو كابيتال للعقارات ش.ذ.م.م			Mandavipouya@gmail.com
38294	M G L REAL ESTATE L.L.C	ام جي ال للعقارات ش.ذ.م.م			m.gamal@mg-properties.com
26287	PROPERTYSHOMA REAL ESTATE L.L.C	بروبيرتي شوما للعقارات ش.ذ.م.م		505528892	m.sharifi@propertyshoma.com
27772	TESLA PROPERTIES L.L.C	تيسلا للعقارات ذ.م.م			Satish.balyan@gmail.com
25665	AVENEW REAL ESTATE BROKER L.L.C	أفنيو للوساطة العقارية ش.ذ.م.م		41111111	info@avenew.ae
27035	MAXWELL REAL ESTATE	ماكسويل للعقارات		564643194	Usmanbaig2025@gmail.com
23486	NEW DOOR REAL ESTATE L.L.C	نيو دور للعقارات ش.ذ.م.م			maaz@newdoor.ae
30473	ALLSOPP & ALLSOPP REAL ESTATE BROKER L.L.C (BRANCH)	آلسوب و آلسوب للوساطة العقارية ش.ذ.م.م (فرع)			andrea@allsoppandallsopp.com
23478	ON OFF REAL ESTATE L.L.C	أون أوف للعقارات ش.ذ.م.م		971-04-5809243	Info@on-offrealestate.com
29483	WE CARE PROPERTIES BROKER	وي كير للوساطة العقارية		971-4-4560701	Mamalik@wecareproperties.ae
22977	RISE UP REAL ESTATE	رايز اب للعقارات			aakarshan@riseupholding.com
29847	BLISS REAL ESTATE	بليس للعقارات			info@blissest8.com
160	P K PROPERTIES L.L.C	بي كيه للعقارات ش.ذ.م.م	Simon		simon@pkproperties.ae
1696	CROMPTON SALTINI REAL ESTATE L.L.C	كرومبتون سالتيني للعقارات ش.ذ.م.م	Leila Watfa	971-04-3727300	mohamad.f@edwardsandtowers.com
1597	AJWA PROPERTIES L.L.C	عجوة للعقارات ذ.م.م	www.ajwaproperties.com	971-4-4472730	info@ajwaproperties.com
16508	HARMONY REAL ESTATE BROKER L.L.C	الانسجام للوساطة العقارية ذ.م.م	https://www.harmonyrealestate.ae/	971-4-8714100	varora19@gmail.com
322	STARS DOME REAL ESTATE BROKERS L.L.C	ستارز دوم للوساطة العقارية ش.ذ.م.م		97145519484	info@rusbizrealestate.com
696	TREGONING PROPERTY L.L.C	تريجوني للعقارات ذ.م.م		971-4-4356174	harry@tregoning.property
206	99 REAL ESTATE BROKER (L.L.C)	99 للوساطة العقارية(ش.ذ.م.م)	www.amlakdubai.com	971-4-2289428	info@amlakdubai.com
12183	DAR AL EBDA REAL ESTATE BROKER L.L.C	دار الإبداع للوساطة العقارية ذ.م.م			info@daralebda.com
2138	BLUE DIAMOND REAL ESTATE (L.L.C.)	بلو دايموند للعقارات (ش . ذ. م. م)		971-4-3382560	obaid@qahash.com
18349	WHITE SAND REAL ESTATE MANAGEMENT L.L.C	الرمل الابيض لإدارة العقارات ش.ذ.م.م	www.whitesand.ae	971|543247040	legal@whitesand.ae
2035	FOOT PRINT REAL ESTATE BROKER	فوت برنت للوساطه العقارية		971-4-3026000	m.ather@fphomefinders.com
547	ROYAL STAR REAL ESTATE SERVICES L.L.C	النجم الملكي لخدمات العقارات ش.ذ.م.م	www.royalstargroup.com	971-4-2280249	shetty@royalstargroup.com
12774	AVENUE REALTY REAL ESTATE BROKER	افينيو ريالتي للوساطة العقارية		971-4-3552050	hitesh@avenuerealtyuae.com
911	WEST GATE REAL ESTATE BROKER L.L.C	البوابة الغربية للوساطة العقارية ش.ذ.م.م	www.westgatedubai.com	43927677	info@westgatedubai.com
196	SKY LAND REALTY BROKERAGE	سكاي لاند رياليتي بروكرج	Roza Nurzhanova	971-4-4473881	info@skylandrealty.com
13067	DOMESTIC REAL ESTATE BROKERS L.L.C	دمستك للوساطة العقارية ش.ذ.م.م		971-4-4213297	jamilmesrioglu@gmail.com
638	POLANI REAL ESTATE BROKER L.L.C	بولاني للوساطة العقارية ش.ذ.م.م	www.predubai.com	971-4-3996747	salman@predubai.com
181	AL KHAYAT REAL ESTATE CO.. L.L.C	شركة الخياط للعقارات (ش.ذ.م.م)		971-4-3729999	info@alkhayat.ae
1343	R.B.A REAL ESTATE	ار بي ايه العقارية	www.rba.ae	971-4-3990611	legal@rba.ae
20144	EQARAT.COM L.L.C)	عقارات. كوم (ش.ذ.م.م )	www.eqarat.com	971-4-3242224	info@eqarat.com
1559	AL HIBA REAL ESTATE	الهبه للعقارات	www.alhibarealestate.com	971-4-2692008	arif@alhibarealestate.com
419	PROPERTY NETWORK REAL ESTATE L.L.C	بروبرتي نتوورك للعقارات ش.ذ.م.م		971-4-3881115	accounts@propertynetwork.ae
808	PALMA REAL ESTATE L.L.C	بالما للعقارات ذ.م.م		97144522202	rowena@palmaholding.com
1881	VIBGYOR REAL ESTATE L.L.C	فيبقيور للعقارات ش.ذ.م.م	WWW.VIBGYORREALESTATE.COM	971-4-4572104	NARESH@VIBGYORREALESTATE.COM
1546	SARA REAL ESTATE BROKERAGE L.L.C	ساره للوساطة العقارية ش.ذ.م.م		44548668	sararealestatebrokerage@gmail.com
142	AL HURAIZ REAL ESTATE (L.L.C.)	الحريز للعقارات (ش. ذ. م. م)	alhuraiz.ae	971-4-3525460	naresh@alhuraiz.ae
12140	SOUVENIR REAL ESTATE . EST	مؤسسة تذكار للعقارات		97142977302	info@souvenir-group.com
12023	T A S REALTY L.L.C	تي ايه اس للعقارات ش.ذ.م.م		971-4-2693100	mustufa14@gmail.com
2086	ALGEBRA REAL ESTATE BROKER LLC	الجبرا للوساطة العقارية ش ذ م م	Julian Philipp Straube	971-4-3746938	info@algebra-property.com
2486	FIRST GPP REAL ESTATE BROKERS	فيرست جي بي بي للوساطة في بيع العقارات وشرائها	www.firstgpp.com	971-4-4534133	samir@firstgpp.com
2446	M AND S REAL ESTATE EST.	مؤسسة إم أند إس للعقارات		971-4-4572933	msreuae@gmail.com
2468	M D EXPRESS REAL ESTATE BROKER L.L.C	ام دي اكسبريس للوساطة العقارية ش.ذ.م.م		971-04-3586805	info@mdexpressrealestate.com
25900	SAVOIR PRIVE PROPERTIES	سافوار برايف للعقارات		971-4-3994909	info@savoirproperties.com
18932	MASTER MIND REAL ESTATE BROKER L.L.C	ماستر مايند للوساطة العقارية ش.ذ.م.م		971-4-3441604	rahulmanuja1@gmail.com
17257	MILDAN REAL ESTATE BROKERS	ميلدان للوساطة العقارية		97144357538	jamila@aqaratdubai.ae
22743	PROPERTYANA REAL ESTATE L.L.C	بروبرتيانا للعقارات ذ.م.م		971558888169	info@pagc.ae
22099	TRIBECA REAL ESTATE L.L.C	ترايبكا للوساطه العقاريه ش.ذ.م.م		971-04-3991834	info@tribecadubai.com
12772	BETTER LINKS REAL ESTATE	بيتر لينكس للعقارات	www.betterlinks-dubai.com	53685698	toufeeq@betterlinksre.com
18857	HOME ZONE REAL ESTATE	هوم زون للعقارات	www.homezone.ae		burhan@homezone.ae
21242	URBAN TERRACE REAL ESTATE L.L.C	اوربان تيرسي للعقارات ش.ذ.م.م		971-04-5705358	info@urbanterrace.ae
16193	HOME LOUNGE REAL ESTATE BROKERS L.L.C	هوم لونج للوساطة العقارية ش.ذ.م.م	www.homeloungeuae.com		trippsun@gmail.com
19908	Canary Island Properties LLC(DMCC Branch)	كنارى ايلند للعقارات ذ .م .م فرع م د م س		44426200	rohan@canaryrealty.com
17341	WESTMINSTER PROPERTIES	ويستمنستر للعقارات		971-4-5664073	info@westminster-properties.com
17457	SIMPLY HOMES REAL ESTATE BROKER	سيمبلي هومز للوساطة العقارية	www.simplyhomesrealestate.com	971-04-8851898	nancy@simplyhomesrealestate.com
18810	KEZ REALTY	كيز للعقارات	www.alnafisproperties.com	9715094444007	karandhakan@alnafisproperties.com
19439	GRANDEUR HOMES REAL ESTATE BROKERS L.L.C	جرانديور هومز للوساطة العقارية ش.ذ.م.م			a_alabdooli@hotmail.com
16806	PENTHOUSE PROPERTIES L.L.C	بنتهاوس للعقارات ش.ذ.م.م	www.penthouseproperties.ae	971-4-3695091	adil@penthouseproperties.ae
16924	ROYAL LIWAN REAL ESTATE BROKER	الليوان الملكي للوساطة العقارية	https://www.liwanuae.com/	44413235	info@liwanuae.com
20695	RARE HOMES REAL ESTATE L.L.C	رير هومز للعقارات ش.ذ.م.م	www.rarehomes.ae		imabzman@gmail.com
25960	WUNDERKIND REAL ESTATE BROKER	واندركايند للوساطة العقارية			ceo@wunderkindreb.com
16923	LIME HOUSE REAL ESTATE BROKER	لايم هاوس للوساطه العقارية		971-4-5124023	amit@legal-house.com
19713	UPHILL REAL ESTATE BROKERS	ابهيل للوساطة العقارية			info@uphillrealestate.ae
19260	SPRINGBOKS REAL ESTATE BROKER L.L.C	سبرينغبوكس للوساطة العقارية ش.ذ.م.م	http://www.springboksrealestate.com/	971-4-3436361	faisalhasankhandubai@gmail.com
19857	SEVEN CENTURY REAL ESTATE BROKERS (L.L.C) (BRANCH)	القرن السابع للوساطة العقارية (ش.ذ.م.م) (فرع)	www.sevencentury.com		nasir@sevencentury.com
17072	SPOT LIGHT REAL ESTATE BROKER	سبوت لايت للوساطة العقارية	https://www.spotlightbrokers.com/	97144462072	shahid.dxb7002@gmail.com
97	BETTER HOMES (L.L.C)	بيتر هومز (ش . ذ. م. م)	www.bhomes.com	971-4-4081000	customercare@bhomes.com
1201	MEGA HOMES REAL ESTATE BROKERS (LLC)	ميجا هومز للوساطة العقارية (ش.ذ.م.م)	www.coldwellbanker.ae	971-4-4220747	p.jadav@coldwellbanker.ae
193	E AND T REAL ESTATE BROKER (LLC)	اي اند تي للوساطة العقارية(ش.ذ.م.م)	www.edwardsandtowers.com	971-4-3488680	myles@edwardsandtowers.com
12190	F D G REAL ESTATE BROKER L.L.C	اف دي جي للوساطة العقارية ش.ذ.م.م		971-04-4582121	fahddawood93@gmail.com
31586	T H E CAPITAL REAL ESTATE L.L.C	تي اتج ايه كابيتال للعقارات ش.ذ.م.م			svpisarenko@ukr.net
36974	AVENTA REAL ESTATE L.L.C	افينتا للعقارات ش.ذ.م.م			nalee26@hotmail.com
29989	ORAA HOME REAL ESTATE L.L.C	اورا هوم للعقارات ش.ذ.م.م			Ihabhabashi1990@gmail.com
22765	M S K REAL ESTATE BROKERS L.L.C	ام اس كيه للوساطة العقارية ش.ذ.م.م			mskrealestate2020@gmail.com
29524	A S R A PROPERTIES	ايه اس ار ايه للعقارات			m.asifmansha002@gmail.com
11912	METROPOLE PROPERTIES ONE PERSON COMPANY L.L.C	متروبول العقارية شركة الشخص الواحد ش.ذ.م.م	www.metropoledubai.com	971|44225079	ihabkhoury@hotmail.com
29117	LUXSAR IMMO PROPERTIES	لوكسار ايمو للعقارات			Almir_puskic@hotmail.com
12898	AL MUTALEQ REAL ESTAT BROKER	المتالق للوساطة العقارية			
12677	INDEPENDENT LIFE REAL ESTATE BROKERAGE L.L.C	إندبيندت لايف للوساطة العقارية ش.ذ.م.م		971|504606807	samwani@independentuae.com
2606	TOUCH WOOD REAL ESTATE BROKERS L.L.C	تش وود للوساطة العقارية ش.ذ.م.م	www.touchwoodrealestate.com	971-4-4548751	attaiq@touchwoodrealestate.com
27550	DIVIS REAL ESTATE L.L.C	ديفيس للعقارات ش.ذ.م.م	http://www.divis.ae		ADEL@DIVIS-DUBAI.COM
34872	BETTER DEALS PROPERTY L.L.C	بيتير ديلز للعقارات ش.ذ.م.م			akram.betterdealsproperty@gmail.com
5	IDEAL HOMES REAL ESTATE BROKERS	ايديل هومز للوساطة العقارية	www.idealhomes.ae	97143713308	info@idealhomes.ae
25717	SOCIETE REAL ESTATE L.L.C	سوسيتي للعقارات ش.ذ.م.م			info@societerealestate.ae
31497	V B R E PROPERTIES L.L.C	في بي إر إي للعقارات ش.ذ.م.م			vbtitorenko@gmail.com
30821	ACE CAPITAL REAL ESTATE BROKERAGE L.L.C	ايس كابيتال للوساطة العقارية ذ.م.م			Kdlovedeep@gmail.com
26052	WAYNAH PROPERTIES L.L.C	وايناه للعقارات ش.ذ.م.م		502720519	info@waynahproperties.com
30493	VIRTUAL REALITY REAL ESTATE L.L.C	فرتشول ريالتي للعقارات ذ.م.م		44469915	asad@vrrealestate.ae
32449	HOME OWNERSHIP MADE EASY PROPERTIES L L C	هوم اونرشيب مايد ايزي للعقارات ش ذ م م		45574836	sundeep.patoli@gmail.com
28187	PLATINUM KEY REAL ESTATE	بلاتينيوم كي للعقارات			elena_maksalova@yahoo.com
29381	QUIK SELL PROPERTIES	كويك سيل للعقارات			admin@quiksell.ae
26360	PEGASUS REAL ESTATE L.L.C	بيجاسوس للعقارات ش.ذ.م.م			Asaaadf88@yahoo.com
27188	SIMON PROPERTIES FOR REAL ESTATE BROKERAGE L.L.C	سايمون بروبرتيز للوساطة العقارية ش.ذ.م.م			wael@orientalh.com
25408	ACCORD REAL ESTATE L.L.C	اكورد للوساطة العقارية ذ.م.م		45759387	accordrealtyuae@gmail.com
25544	AX PREMIUM PROPERTIES L.L.C	ايه اكس بريميم للعقارات ش.ذ.م.م			abbas@imasbizsetup.com
26789	HOME SWEET HOME REAL ESTATE L.L.C	هوم سويت هوم للوساطة العقارية ش.ذ.م.م		569060607	Info@hshestate.com
37874	LAND ONE REAL ESTATE	لاند ون للعقارات			Laila@l1realestate.ae
28231	ONE STOP REALTY REAL ESTATE	ون ستوب رياليتي للعقارات			kumandurilovinachari@gmail.com
30375	JULES & JULES REAL ESTATE L.L.C	جولز & جولز للعقارات ش.ذ.م.م		971-04-3413322	aiyazkhan@hotmail.com
12312	ELITE ESTATES REAL ESTATE BROKER L.L.C	ايليت استيتس للوساطة العقارية ش.ذ.م.م	www.eliteestates.ae	971-4-3472217	khaled@eliteestates.ae
12599	PROPERTY MATTERS	بروبيرتي ماترز		97143210800	am@propertymatters.ae
29688	TOP LUXURY PROPERTY L.L.C	توب لاكشري للعقارات ش.ذ.م.م		971-04-5839491	Topluxuryproperty@gmail.com
31111	D D A REAL ESTATE	دي دي ايه للعقارات			dda.rera.dubai@gmail.com
2236	E AND T REAL ESTATE BROKER (L.L.C) BR	اي اند تي للوساطة العقارية (ش.ذ.م.م) فرع		97142438000	myles@edwardsandtowers.com
37501	HOUZON REAL ESTATE BROKER L.L.C	هوزون للوساطة العقارية ش.ذ.م.م			mehrav05@gmail.com
32543	RICH ROOTS REAL ESTATE BROKER L.L.C	ريتش روتس للوساطة العقارية ش.ذ.م.م	richrootsrealestate.com		admin@richrootsrealestate.com
12455	WHITE STALLION PROPERTIES	وايت ستاليون للعقارات	http://www.whitestallionproperties.com/	971-4-2219221	mufaddal@wsdubai.com
31974	PROPERTY SOLVERS REAL ESTATE BROKER	بروبرتي سولفرز للوساطة العقارية	www.propertysolvers.ae		info@propertysolvers.ae
12488	PLATINUM HEIGHTS REAL ESTATE BROKERS L.L.C	بلاتينيوم هايتس للوساطة العقارية ش.ذ.م.م	www.platinumheightsre.com	971-4-3630088	afzal.allahrakha@gmail.com
32841	AL & PR REAL ESTATE L.L.C	ايه ال & بي ار للعقارات ش.ذ.م.م			ankitsanghvi_19@yahoo.co.in
29420	PREMIUM HUB REAL ESTATE L.L.C	بريميوم هب للعقارات ش.ذ.م.م			Imran557667939@yahoo.com
28204	ROYAL FALCON REAL ESTATE LLC	رويال فالكون العقارية ذ		543030379	Sehmisurinder@royalfalconre.ae
22217	BAYTIK LIVING PROPERTIES	بيتك ليفينج للعقارات			info@mdl.ae
31288	COOPERS REAL ESTATE L.L.C	كوبرز للعقارات ذ.م.م			mehreen.feroz2@gmail.com
23505	AQUA PLUS PROPERTIES	اكوا بلس العقارية			martha@aquaproperties.com
2440	ALZAMEL REAL ESTATE BROKERAGE	الزامل للوساطة العقارية	Hana AL Zamel	971-04-4549700	hana@alzamelrealestate.com
32454	R & H CAPITAL REAL ESTATE L.L.C	ار & اتش كابيتال للعقارات ش.ذ.م.م			talaat.ceo@rhcapital.ae
26472	ESTATE HILLS PROPERTIES L.L.C	إستيت هيلز للعقارات ش.ذ.م.م	www.estatehills.com		abbas@estatehills.com
11796	PLANET HOMES REALESTATE BROKER L.L.C	بلانت هومز للوساطه العقاريه ش.ذ.م.م			shahrozsidiqi@gmail.com
30364	MERLIN REAL ESTATE BROKER L.L.C	مارلين للوساطة العقارية ش.ذ.م.م			ROHITB@MERLIN-ME.COM
29893	NIKA ESTATE HOMES PROPERTIES	نيكا استيت هومز للعقارات			y.galoyan@nikaestate.com
27891	DSEVEN PROPERTIES	ديسفن للعقارات	https://d7properties.com/	45690160	info@d7properties.com
30904	TOP PRIORITY REAL ESTATE L.L.C	توب برويورتي للعقارات ش.ذ.م.م			katrin523@gmail.com
31866	F A M REAL ESTATE BROKER L.L.C (BRANCH)	اف ايه ام للوساطة العقارية ش.ذ.م.م (فرع)			PA@famproperties.com
12255	YAMAL PROPERTIES	يامال للعقارات	www.yamalproperties.com	971-4-5872233	gm@yamalproperties.com
27894	Modern Living Real Estate Brokers	مودرن ليفينج للوسطاء العقاريين		45491010	info@modern-living.ae
35828	R N S REAL ESTATE BROKERAGE L.L.C	ار ان اس للوساطة العقارية ش.ذ.م.م			rnsredxb@gmail.com
30383	LLCNORMAL CO. L.L.C	لكنرمل ذ.م.م			ljupka@adamrealestate.ae
30209	LIFER REALTY REAL ESTATE BROKERS L.L.C	لايفر ريالتي للوساطة العقارية ش.ذ.م.م			gaoxueteng@gmail.com
26912	J M S REAL ESTATE L.L.C	جيه ام اس للعقارات ش.ذ.م.م		971-04-3342639	SUMEET10000@GMAIL.COM
11580	HAMED ABDULLA REAL ESTATE BROKERAGE	حامد عبداللة للوساطة العقارية			ABBAS.HAMED@GMAIL.COM
27662	F A M REAL ESTATE BROKER L.L.C (BRANCH)	اف ايه ام للوساطة العقارية ش.ذ.م.م (فرع)		971-4-3691700	VYSAK@FAMPROPERTIES.COM
28465	GUIDELINESNEVEN FOR WEB-DESIGN CO. L.L.C	غيدلينصنف لتصميم مواقع الشبكة المعلوماتية ( الانترنت) شركة الشخص الواحد ذ.م.م			elevatecapital.realestate@gmail.com
36541	ELOQUENT PROPERTIES L L C	إلوكوينت للعقارات ش.ذ.م.م		40000000	tyagimanisha@yahoo.com
36098	HOUSTETIC PROPERTIES L.L.C	هاوستيتيك للعقارات ش.ذ.م.م	https://www.houstetic.com/		kurt@houstetic.com
32779	NEGINSKIY BUREAU REAL ESTATE L.L.C	نيجينسكي بوريو للعقارات ش.ذ.م.م			ANDREYNEGINSKIY@yandex.ru
26556	S B CAPITAL REAL ESTATE L.L.C	اس بي كابتل للعقارات ش.ذ.م.م			info@sbcapital.ae
11667	MEGA HOMES REAL ESTATE BROKERS (LLC) (BRANCH)	ميجا هومز للوساطة العقارية (ش ذ م م) (فرع)	www.coldwellbanker.ae	971-4-4391200	p.jadav@coldwellbanker.ae
28621	PMTL REAL ESTATE MANAGEMENT SUPERVISION SERVICES L.L.C	بي ام تي ال لخدمات الإشراف الإداري للعقارات ش.ذ.م.م		800593737	leasing@realkeyper.com
33761	J S R GLOBAL REAL ESTATE L.L.C	جي اي ار جلوبال للعقارات ش.ذ.م.م			Rohan@jsrglobal.org
36594	IRWIN REAL ESTATE L.L.C	اروين للوساطة العقاريه ش.ذ.م.م			welcome@efirst.ae
28616	YAGHOOBI REAL ESTATE BROKERAGE	يعقوبي للوساطه العقاريه			ahmad.yaghoobi21@gmail.com
2513	OLIVE PROPERTY GROUP L L C	اولف بروبيرتي جروب ش ذ م م			masood.abulfiras@kleindienst.ae
11760	L I V PROPERTY SERVICES CO. L.L.C	شركة ال اي في للخدمات العقارية ذ.م.م	www.omniyat.com	971-4-5115000	mohammad.aljabali@omniyat-liv.com
33358	OLIVE BRANCH REAL ESTATE BROKERAGE L.L.C	أوليف برانش للوساطة العقارية ش.ذ.م.م			thuraya@olivebranchdubai.com
33588	LUXURY BEACH FRONT REAL ESTATE L.L.C	لاكشري بيش فرونت للعقارات ذ.م.م		524237946	nareshallusani@yahoo.com
12582	S A T REAL ESTATE L.L.C	اس ايه تي للعقارات ش.ذ.م.م	www.satrealestate.com	971-4-2776400	info@satproperty.com
34783	CRYSTAL LAGOON REAL ESTATE L.L.C	كريستال لاجون للعقارات ش.ذ.م.م			md@crystallagoonrealtors.com
29543	MEGAPOLIS REAL ESTATE L.L.C	ميجابوليس للعقارات ش.ذ.م.م			INFO@MEGAPOLIS.AE
12775	BAYFRONT REALTY L.L.C	بايفرونت العقار ش.ذ.م.م	www.bayfront.ae	4517666	shiras@bayfront.ae
31783	HOUSE ON ME REAL ESTATE L.L.C	هاوس اون مي للعقارات ذ.م.م			adnangoonagoon@gmail.com
25890	THE EIGHT LAND REAL ESTATE L.L.C	ذا ايت لاند للعقارات ش.ذ.م.م			nicole.kamalova@gmail.com
23772	BRAAVOS REAL ESTATE BROKERAGE L.L.C	برافوز للوساطة العقارية ش.ذ.م.م		971-4-5850975	bajwaqaiser@yahoo.com
31130	KOTTO CAPITAL REAL ESTATE BUYING AND SELLING BROKERAGE	كوتو كابيتل للوساطة في بيع العقارات وشرائها			georgy@aaconsultancy.ae
25815	AVION REALTY PROPERTIES L.L.C	افيون رياليتي للعقارات ش.ذ.م.م			avionrealityre@gmail.com
27254	ZAHRAT ALSAHRA REAL ESTATE	زهرة الصحراء للعقارات			DDCDXB@GMAIL.COM
33190	NESTWOOD REALTY REAL ESTATE L.L.C	نيستود ريالتي للعقارات ش.ذ.م.م		588470785	info@nestwoodrealty.com
26212	S A N D V REAL ESTATE BROKER L.L.C	اس ايه ان دي في للوساطة العقارية ش.ذ.م.م		97145782048	nimatalebsafa@icloud.com
26015	S M B REAL ESTATE BROKERS L.L.C	اس ام بي للوساطة العقارية ش.ذ.م.م			Ashraf_taj2000@yahoo.com
30040	HODGSON AND BULLOCK PROPERTIES	هودجسون و بولوك للعقارات			George@hodgsonandbullock.com
24874	AMWAL REALSTATE	اموال للعقارات		971-04-3535348	info@amwalrealstate.com
30471	ARCTIC REAL ESTATE L.L.C	اركتك للعقارات ش.ذ.م.م			bomet_tony@hotmail.com
12109	AL HILAL PROPERTY OWNED BY MUBARAK ALI ALBREIKI ONE PERSON COMPANY L.L.C	الهلال للعقارات لمالكها مبارك علي البريكي شركة الشخص الواحد ش.ذ.م.م	www.alhilalhomes.com	971-4-5506344	info@alhilalhomes.com
31386	NEXT NEST PROPERTIES	نيكست نيست للعقارات			ali397230@gmail.com
35019	COVE HOUSE REAL ESTATE L.L.C	كوف هاوس للعقارات ش.ذ.م.م			djassemi21@gmail.com
33094	TRIBULUS PROPERTIES L.L.C	تريبولوس للعقارات ذ.م.م	www.tribulusproperties.com	42543099	info@tribulusproperties.com
39162	CANDLE REAL ESTATE	كاندل للوساطة العقارية		567590887	Mortazavi_n@hotmail.com
37866	TISHAK PROPERTIES L.L.C	تيشاك للعقارات ش.ذ.م.م			s.deeppatil@gmail.com
28832	LUXURY RESIDENCES REAL ESTATE L.L.C	لكسر ريزيدنسس للعقارات ذ.م.م	https://luxuryresidences.com/	42836681	matthew.cooke@luxuryresidences.com
12344	ALSHERAA PROPERTY	الشراع للعقارات		971-4-3790003	faisalali68@yahoo.com
29286	GOLDEN LYON REALTY	جولدن لايون العقارية			info@goldenlyonrealty.com
34456	FRAYER WEALTH REAL ESTATE L.L.C	فراير ويلث للعقارات ش.ذ.م.م			jan.blaum@frayerwealth.com
11691	AL AYAN REAL ESTATE BROKER L.L.C	الايان للوساطة العقارية ش.ذ.م.م	www.alayanrealestate.ae	43609409	usman@alayanrealestate.ae
28119	F A M REAL ESTATE BROKER L.L.C (BRANCH)	اف ايه ام للوساطة العقارية ش.ذ.م.م (فرع)		971-4-3691700	VYSAK@FAMPROPERTIES.COM
33464	L I G FOR REAL ESTATE BUYING & SELLING BROKERAGE L.L.C	ال اي جي للوساطة في بيع العقارات وشرائها ذ.م.م			Ross@luxuryinvestgroup.com
15624	LAYAN REAL ESTATE BROKERS	ليان للوساطة العقارية	www.layan.ae	971-4-4343607	maher@layan.ae
33149	HIGH END PROPERTIES L.L.C	هاي إند للعقارات ش.ذ.م.م			Avoson22486@gmail.com
27914	MILLION DREAMS REAL ESTATE L.L.C	مليون دريمز للعقارات ش.ذ.م.م		552724041	monalisha746shah@gmail.com
26431	ROYAL ISLAND REAL ESTATE L.L.C	رويال ايسلاند للعقارات ش.ذ.م.م			olga@royalislandproperties.com
1838	HOMESMITH ESTATE BROKERS L.L.C	هوم سميت للوساطة العقارية ش.ذ.م.م	www.home-smith.com	971-4-4405043	raj.bansal@live.com
1942	CAPRI REALTY REAL ESTATE BROKER (L.L.C)	كابري رياليتي للوساطة العقارية (ش.ذ.م.م)	www.capriuae.com	97144207170	varun@capriuae.com
63	KINGS PALACE REAL ESTATE P.S.C.	قصر الملوك للعقارات مساهمة خاصة	www.getkp.com	97142699113	info@getkp.com
1231	TRI STAR REAL ESTATE BROKER	تراي ستار للوساطه العقارية		97144588356	786tristar@gmail.com
2163	OUTLOOK PROPERTIES	اوت لوك للعقارات		971-4-2959965	khalid@outlookproperties.ae
813	GOLDEN WAVE PROPERTIES BROKER L.L.C	الموج الذهبي للوساطة العقارية ش.ذ.م.م	www.gwp.ae	971-4-4560650	info@gwp.ae
87	CITY CENTRE REAL ESTATE	سيتي سنتر للعقارات		971-4-2666640	city92000@yahoo.com
652	DRE HOMES REAL ESTATE BROKER	دري هومز للوساطة العقارية	www.drehomes.com	971-4-4511638	mohd@drehomes.com
1667	M E E M REALTY BROKERS L.L.C	ام ئي ئي ام للوساطه العقارية ش.ذ.م.م		971-4-2636769	imthiaz@meemrealty.com
879	CANDO REAL ESTATE BROKER L.L.C	كندو للوساطة العقارية ش.ذ.م.م		971-4-4279600	info@cando.ae
11761	ALLIGATE REAL ESTATE BROKERAGE L.L.C	اليكيت للوساطة العقارية ش.ذ.م.م		971-4-3799986	Muzz822@gmail.com
2060	SPRING ROSE REAL ESTATE BROKERS (L.L.C)	زهرة الربيع للوساطة العقارية (ش.ذ.م.م)	Muhammad Arshad Muhammad ullah	971-4-3246017	ah_nasir@yahoo.com
752	AZCO REAL ESTATE BROKERS (L.L.C)	أزكو للوساطة العقارية (ش.ذ.م.م)	https://www.azcorealestate.ae	97145587741	info@azcorealestate.ae
780	WEST LEGEND REAL ESTATE BROKERS L.L.C	اسطورة الغرب للوساطة العقارية ش.ذ.م.م		971-4-4227589	westlegend123@hotmail.com
105	SPACE STAR PROPERTY BROKER	نجم الفضاء للوساطة العقارية	aymankastalani@yahoo.com	971-4-2684112	aymankastalani@yahoo.com
123	INDUS REAL ESTATE (L.L.C)	اندس للعقارات (ذ.م.م)		43519995	hamir@indusre.ae
70	SAJA REAL ESTATE	سجا للعقارات	www.sajarealestate.com	971|509278000	info@aobhgroup.com
825	AL BASEL REAL ESTATE BROKER	الباسل للوساطة العقارية		971-4-3808814	adna@albaselgroup.com
12095	A1 PROPERTIES L.L.C	ايه ون بروبيرتيز ش.ذ.م.م	www.a1properties.ae	971-4-3515583	hanif@a1properties.ae
1048	MEEDAR REAL ESTATE BROKERS L.L.C	ميدار للوساطة العقارية ش.ذ.م.م	www.meedarrealestate.com	971|505507997	nejoud@meedar.com
1420	A R OVERSEAS REAL ESTATE	ايه ار اوفرسيز للعقارات	www.aroverseas.com	971-4-2959536	imran@aroverseas.net
1933	PROVIDENT REAL ESTATE BROKER L.L.C	بروفيدنت للوساطة العقارية ش.ذ.م.م	https://www.providentestate.com/	971-50-2995785	loai@providentestate.com
1858	F A M REAL ESTATE BROKER L.L.C	اف ايه ام للوساطة العقارية ش.ذ.م.م	www.famproperties.com	971-4-3691700	PA@famproperties.com
2461	AEON & TRISL REAL ESTATE BROKER L.L.C	ايون & تريسل للوساطة العقارية ش.ذ.م.م	www.aeontrisl.com	97143957550	coo@aeontrisl.com
1085	UNIQUE PROPERTIES L.L.C	يونيك بروبرتيز ش.ذ.م.م	http://uniqueproperties.ae/	971-4-4558888	jalili@uniqueproperties.ae
2313	BETTER LIVINGS REAL ESTATE BROKER	بيتر ليفينج للوساطه العقارية	www.betterlivings.ae	971-4-4472352	saadmandavia@gmail.com
1710	PROPERTY (L.L.C.)	بروبيرتي (ش . ذ. م. م)	www.propertyshopdubai.com	971-4-3455711	propshop@emirates.net.ae
647	STARWOOD PROPERTIES BROKER L.L.C	ستار وود للوساطه العقارية ذ.م.م	www.starwoodproperties.ae	971-4-3297360	admin@starwoodproperties.ae
10725	AL EASSA REAL ESTATE EST	مؤسسة العيسى العقارية		971-4-3491166	
1013	BLUE PALACE REAL ESTATE BROKERS	القصر الازرق للوساطة العقارية	Akram Ahmad Shafiq	971|553220088	akram@bluepalacere.com
1649	GREEN DESERT REAL ESTATE BROKERS	الصحراء الخضراء للوساطة العقارية		971-4-4408018	greendre@greendre.com
546	PRIME ESTATES PROPERTIES L.L.C	برايم استايتس للعقارات ش.ذ.م.م	MICHELLE SONG BAILEY	971-4-5588149	primeestates.ae@gmail.com
12756	RAPID DEALS REAL ESTATE BROKERS	رابيد ديلس للوساطه العقاريه	www.rapiddealsuae.com	971-4-2432977	pankaj@rapiddealsuae.com
872	WATEREDGE REAL ESTATE BROKER L.L.C	ووترايدج للوساطة العقارية ش.ذ.م.م	www.wateredge.ae	971-4-3388471	info@wateredge.ae
604	KEYVAN REALESTATE L.L.C	كيفان للعقارات ش.ذ.م.م		971-4-3219988	ALIALHAL52@GMAIL.COM
170	DYNAMIC REAL ESTATE BROKER L.L.C	دينامك للوساطة العقارية ش.ذ.م.م		971-4-2400800	raj@dynamicdubai.com
305	THE REAL ESTATE SPECIALISTS L.L.C	المختصة للعقارات ش.ذ.م.م	www.resdubai.com	971-4-3295959	joselle@resdubai.com
1864	4 DIRECTION REAL ESTATE BROKER L.L.C	4 دايركشن للوساطة العقارية ش.ذ.م.م	www.4directionproperties.com	971-4-3999808	4dmohammad@gmail.com
991	NICE LAND REAL ESTATE BROKERS L.L.C	نايس لاند للوساطة العقارية ش.ذ.م.م		971-4-2525787	eyetech1@eim.ae
625	WATERWORLD REAL ESTATE BROKERS (L.L.C)	واترورلد للوساطة العقارية (ش.ذ.م.م)	www.w2realestate.com	971-04-4281454	adsabdulla@gmail.com
23259	INSTA PROPERTIES L.L.C	انستا للعقارات ش.ذ.م.م		971-04-5803444	hanouf@instaproperties.ae
406	9 PROPERTIES	9 للعقارات		44491087	dubai@barnes-international.com
497	LAZORD REAL ESTATE BROKER L.L.C	لازورد للوساطة العقارية ش.ذ.م.م	bilal adnan zaki saffarini	971-4-2502395	info@lazordrealestate.com
16803	TAHER BIN NAISER REAL ESTATE	طاهر بن نيسر للعقارات	www.tbnre.com	44293120	salman690@yahoo.com
15788	UNION SQUARE HOUSE REAL ESTATE BROKER L.L.C -DMCC BRANCH	يونيون سكوير هاوس للوساطة العقارية ش.ذ.م.م-فرع م.د.م.س		44579900	obaid@ushre.com
17387	ORYX WORLD REAL ESTATE BROKERS L.L.C	اوريكس ورلد للوساطة العقارية ش.ذ.م.م		971-04-4462000	emma.hogan@oryxworld.com
19705	M A A REAL ESTATE	ام ايه ايه للعقارات	https://maarealestates.com/		bilal@maarealestates.com
19680	ATYAN REAL ESTATE L.L.C	أطيان للوساطة العقارية ش.ذ.م.م			Hajjaryousef@gmail.com
12654	STAY AHEAD REAL ESTATE	ستيه اهيد للعقارات		971-4-3211700	info@stayaheadgroup.com
19869	M I P REAL ESTATE BROKERAGE L.L.C	ام اي بي للوساطة العقارية ش.ذ.م.م		43447977	maher@miprealestates.com
17288	NEXUS CAPITAL REAL ESTATE BROKERS	نكسيس كابيتال للوساطة العقارية	www.nexuscapital.ae	45148450	hamzaimtiaz.nexus@gmail.com
16893	F A M REAL ESTATE BROKER L.L.C (BRANCH)	اف ايه ام للوساطة العقارية ش.ذ.م.م (فرع)	www.famproperties.com	971-04-3691774	a.rahman@famproperties.com
21908	DOM NA MORE REAL ESTATE BROKER L.L.C	دوم نا موري للوساطة العقارية ش.ذ.م.م			888dom.na.more@mail.ru
17460	FOUNTAIN VIEW REAL ESTATE	فاونتن فيو للوساطه العقارية			nail@lvgroup.ae
18767	CITY HEIGHTS PROPERTIES	سيتي هايتس بروبرتيز			CITYHEIGHTSPROPERTIES@GMAIL.COM
21973	TOP NEOM REAL ESTATE BROKER	توب نيوم للوساطة العقارية		971-04-3580000	alwanali@hotmail.com
21737	121 PROPERTIES	121 العقارية			FOZIA@121PROP.COM
18686	CASAPEDIA REAL ESTATE BROKER L.L.C	كاسابيديا للوساطه العقارية ش.ذ.م.م	www.casapediadubai.com	504207073	ahmed_talaat5@hotmail.com
18603	F S T REAL ESTATE L.L.C	اف اس تي للعقارات ش.ذ.م.م		971-4-5598021	info@haniwells.com
16735	K D H INTERNATIONAL REAL ESTATE	كيه دي اتش انترنشونال للعقارات		971-04-5512872	dinesh.uttam18@gmail.com
18266	HARDHAT REAL ESTATE BROKERS L.L.C	هاردهات للوساطه العقاريه ش.ذ.م.م		971-4-5530646	legal@triplanet-group.com
22116	URBAN LIVING REAL ESTATE BROKERS ONE PERSON COMPANY L.L.C	اوربان ليفينج للوساطه العقارية شركة الشخص الواحد ش.ذ.م.م		0-4-3794794	shazad_zakir@hotmail.com
12685	QUANTUM HOMES REAL ESTATE BROKER L.L.C	قوانتيم هومز للوساطة العقارية ش.ذ.م.م		43472246	maisoon.thani@gmail.com
21862	HERMAS REAL ESTATE BROKER L.L.C	هرماس للوساطة العقارية ش.ذ.م.م	www.hermasproperties.com	971-04-2407888	info@hermasproperties.com
630	SAPPHIRE REAL ESTATE BROKERS	سفاير للوساطة العقارية		971-4-4539614	sadaf11feb@yahoo.co.in
31210	COZY HOMES REAL ESTATE	كوزي هومس للعقارات			info@cozyhomesrealestate.ae
29071	TOP VIEW REAL ESTATE BROKERAGE	توب فيو للوساطة العقارية			Mohamed.fouad5688@gmail.com
26345	SMART CONCEPT REAL ESTATES - DUBAI BRANCH	سمارت كونسبت للعقارات - فرع دبي			khadija.najah@remax-sc.com
26525	DENIRO REAL ESTATE BROKERAGE L.L.C	دنيرو للوساطة العقارية ش.ذ.م.م	www.denirorealestate.com	43405360	adwaaalmanar@gmail.com
33710	BIRCHWOOD REAL ESTATE L.L.C	بريتشوود للعقارات ذ.م.م	http://commissionfreedxb.com/	554351776	birchwoodcloud@gmail.com
12890	MY HOME PROPERTIES L.L.C	ماي هوم بروبرتيس ذ.م.م		971-4-2598112	mehuljainsmart@gmail.com
12945	ADROIT REAL ESTATE L.L.C	أدرويت للعقارات ش.ذ.م.م	www.adroitdubaiproperties.com	971-4-8999523	kannu.v.7@gmail.com
26332	MAY FAIR REAL ESTATE BROKERS L.L.C	ماي فير للوساطة العقارية ش.ذ.م.م			omer@mayfairproperties.ae
37524	PRIME L P REAL ESTATE L.L.C	برايم ال بي للعقارات ش.ذ.م.م			em@primelp.com
30703	FIDES PROPERTIES L.L.C	فيدس للعقارات ش.ذ.م.م			fayd@fidesproperties.ae
31659	SANDCASTLE PROPERTIES L.L.C	ساند كاسل للعقارات ش.ذ.م.م			connect@preciouspoint.com
28162	MARIA MORRIS REAL ESTATE	ماريا موريس للعقارات			maria@mariamorrisrealestate.com
32086	HOUSE MAP PROPERTIES L.L.C	هاوس ماب بروبرتيز ش.ذ.م.م		43420001	gehad@housemap.ae
33419	BLOOMS HOME REAL ESTATE L.L.C	بلومز هوم للعقارات ش.ذ.م.م		971-04-3341948	M.ADEL@BLOOMSGROUP.AE
11779	CHESTERTON INTERNATIONAL REAL ESTATE BROKERAGE L.L.C	تشيستورتن انترناشيونال للوسطة العقارية ذ.م.م		97143810200	dubai@chestertons.com
30475	ALPHA STAR PROPERTIES	الفا ستار للعقارات			elena.yurgeneva@gmail.com
24158	C E Y REAL ESTATE L.L.C	سي اي واي للعقارات ذ.م.م			ylenia@ceyrealestate.com
29290	SIXTY SIX REAL ESTATE L.L.C	سيكستي سيكس للعقارات ش.ذ.م.م			s.m.almarri1@gmail.com
28500	META HOMES REALTY L.L.C	ميتا هومز ريالتي ش.ذ.م.م			sameer@al-arabiyadubai.com
27546	SETTLE HOMES REAL ESTATE	ستيل هوم للعقارات		971-4-5477185	serena@settlehomesdb.com
28173	KEY LIVING REAL ESTATE BUYING & SELLING BROKERAGE	كي ليفينج للوساطة في بيع العقارات وشرائها			Fadi@keyliving.ae
12861	SEVEN SKYS REAL ESTATE	سيفن سكايز للعقارات		971-4-4231104	umair.property@gmail.com
2610	LA CAPITALE REAL ESTATE BROKER	لا كابيتالي للوساطة العقارية	www.lacapitaledubai.com	971-4-5667894	kunal@lcdubai.com
25423	FULL HOUSE PROPERTIES L.L.C	فل هاوس للعقارات ش.ذ.م.م		971-4-5681713	khalid@hamauditing.ae
31836	ARUNA REALTY L.L.C	ارونا للعقارات ش.ذ.م.م			realtyaruna@gmail.com
16512	DNL PROPERTIES L.L.C	دي ان ال للعقارات ش.ذ.م.م	www.dnlproperties.com	971-4-5833365	manish@dnl.ae
24646	WIKI HOMES REAL ESTATE BROKER L.L.C	ويكي هومز للوساطة العقارية ش.ذ.م.م		45125731	MICHEL.BADAWI@GMAIL.COM
32571	RAF CAPITAL REAL ESTATE	راف كابيتل للعقارات			ramzo1990@hotmail.com
29843	AXIS REAL ESTATE BROKERAGE L.L.C	أكسز للوساطة العقارية ش.ذ.م.م			axis.realestate.dxb@gmail.com
29099	STERLING KEYS REAL ESTATE	استيرلينج كيز للعقارات			13.KRITI.13@GMAIL.COM
31340	BLUE BELLS LUXURY REAL ESTATE	بلو بيلز لاكشري للعقارات		971-04-3396651	karan@bluebellsluxury.com
33541	THE MAIN AGENCY REAL ESTATE L.L.C	ذا مين ايجينسي للعقارات ش.ذ.م.م			musa_maher@outlook.com
28016	PANORAMA PROPERTIES	بانوراما للعقارات			hibazuhair88@gmail.com
37768	GOLD STALLION REAL ESTATE L.L.C	جولد ستاليون للعقارات ش.ذ.م.م			vktaj@yahoo.co.nz
31597	COURTYARD REAL ESTATE	كورتيارد للعقارات		544303555	aarti@courtyardrealrtors.com
37099	BLUE LAGOONS REAL ESTATE L.L.C	بلو لاغونز للوساطة العقارية ش.ذ.م.م		971-4-5998700	info@bluelagoonsrealestate.com
24241	NOBLE LAND REAL ESTATE L.L.C	نوبل لاند للعقارات ش.ذ.م.م		42030292	Mcanli@outlook.com
31051	SHURSHALINA REAL ESTATE L.L.C	شورشالينا للعقارت ش.ذ.م.م		971-4-5575778	maria.shurshalina.ab@yandex.ru
11626	EVEREST HOMES REAL ESTATE BROKER	ايفريست هوم للوساطة العقارية		971-04-4340730	info@everest-homes.com
15407	MENA REAL ESTATE SOLUTIONS LLC - DUBAI BRANCH	شركة مينا سوليوشن للعقارات ذ.م.م - فرع دبي			dafny.martis@colliers.com
31139	ROYAL PLACE REAL ESTATE	رويال بليس للعقارات			inzamam57@gmail.com
27468	LUXURY ZONE REAL ESTATE	لاكجري زون للعقارات			eng_asaker@hotmail.com
30601	HOME LIGA REAL ESTATE	هوم ليغا للعقارات			info@homeliga.ae
28919	ZORRO HOMES REAL ESTATE BROKERS	زورو همس للوسطاء العقاريين			KHAJURIA_SANDEEP@YAHOO.COM
34993	FINIX HOMES REAL ESTATE L.L.C	فينيكس هومز للعقارات ش.ذ.م.م			dxbsafia@gmaail.com
2443	UNION SQUARE HOUSE REAL ESTATE BROKER L.L.C	يونيون سكوير هاوس للوساطة العقارية ش.ذ.م.م	www.ushre.com	97144589090	unionshouse@gmail.com
11677	LOYAL REALTY BROKERS L.L.C	لويال للوساطة العقارية ش.ذ.م.م	www.loyaluae.com		
15970	F A M REAL ESTATE BROKER L.L.C (BRANCH)	اف ايه ام للوساطة العقارية ش.ذ.م.م (فرع)	www.famproperties.com	971-4-4473573	PA@famproperties.com
29322	ERUDITE REAL ESTATE	ايرودايت للعقارات			ahmad@erudite-estate.com
36700	EPLOG PROPERTIES L.L.C	ايبلوج العقارية ذ.م.م			saliq@eplogproperties.com
31578	BAYSIDE REAL ESTATE	باي سايد للعقارات			alireza_tabrizi@yahoo.com
32342	ONE LINK ESTATES REAL ESTATE BROKERS L.L.C	وان لينك استيتس للوساطة العقارية ش.ذ.م.م			management@onelinkestates.com
27206	GREHA PRAVESH REAL ESTATE L.L.C	جريها براويش للعقارات ش.ذ.م.م			avinash@grehapravesh.com
12858	ONE EARTH REAL ESTATE BROKER	ون ايرث للوساطة العقارية	www.oneearthproperties.com	971-4-3999055	INFO@ONEEARTHPROPERTIES.COM
27393	GREYSTONE REALESTATE BROKERS L.L.C	غري ستون للوساطة العقارية ش.ذ.م.م			a.samir_88@live.com
31290	DREAM ROYAL REAL ESTATE L.L.C	دريم رويال للعقارات ذ.م.م			bakhtiyor28@gmail.com
26124	MARVEL HOMES REAL ESTATE L.L.C	مارفل هومز للعقارات ش.ذ.م.م		506969497	tahmasebianomid@gmail.com
26418	PANACHE HOMES REAL ESTATE	باناش هومز للعقارات		45925517	Puneet@panachehomesre.com
31532	MAYBACH PROPERTIES L.L.C	مايباج للعقارات ش.ذ.م.م			info@maybachproperties.com
34920	HANLAND REAL ESTATE L.L.C	هانلاند للعقارات ش.ذ.م.م			katrin@hanlandestate.ae
32453	TRAMONTO INTERNATIONAL REAL ESTATE L.L.C	ترامنتو انترناشيونال للعقارات ش.ذ.م.م			mhd.khairy@icloud.com
37532	SISU REAL ESTATE L.L.C	سيسو للعقارات ش.ذ.م.م			admin@sisudubai.com
33709	THE WATER WAY REAL ESTATE BROKER L.L.C	ذا ووتر واي للوساطة العقارية ش.ذ.م.م		503831908	Sherif.shawky188@gmail.com
13264	RAY WHITE INTERNATIONAL REAL ESTATE BROKER L.L.C	راي وايت انترناشونال للوساطة العقارية ش.ذ.م.م	www.raywhite.ae	971-4-3631999	
23846	KITAF REAL ESTATE BROKER	كتاف للوساطة العقارية			m.alshamsi1933@outlook.com
30048	ZEAL WAY REAL ESTATE	زيل واي للعقارات	www.zealwayproperties.com	971-4-3217447	zeeshudxb@yahoo.com
32064	AKORD REAL ESTATE L.L.C	اكورد للعقارات ش.ذ.م.م			admin@akord.ae
27969	MASTER HOMES PROPERTIES	ماستر هومز للعقارات			nurnazarovamukhlisa@gmail.com
33174	GERMAN PARTNERS REAL ESTATE L.L.C	جيرمن بارتنرز للعقارات ش.ذ.م.م			Anna-sturm@outlook.com
31931	PAREX REAL ESTATE L.L.C	باركس للعقارات ش.ذ.م.م			elina.tilekova@gmail.com
27759	J C M E REAL ESTATE L.L.C	جي سي ام اي للعقارات ذ.م.م			tadashi.leistyle@gmail.com
27576	NEW LINES REAL ESTATE	نيو لاينز العقارية		551133552	Almurabetmohamad@gmail.com
22570	CITY LUXE REAL ESTATE BROKER L.L.C	سيتي لاكس للوساطة العقارية ش.ذ.م.م	www.cityluxedxb.com		sales@cityluxedxb.com
27934	RB HOMES REAL ESTATE BROKERAGE	ار بي هومز للوساطة العقارية		523669939	mahfoudh.alhadda@gmail.com
32627	DAONE LIVING REAL ESTATE BROKERAGE L.L.C	داوان ليفينج للوساطة العقارية ش.ذ.م.م		42340010	dawood@dubai-one.ae
11958	ACHIEVER PROPERTIES L.L.C	اشيفير للعقارات ذ.م.م		971-4-3522566	vinita@achieverproperties.com
12040	EDGE REALTY REAL ESTATE L.L.C	إيدج ريالتي للعقارات ش.ذ.م.م	www.edgerealty.ae	971-4-3881856	sharaf84@msn.com
26599	H F R E PROPERTIES L.L.C	اتش اف ار اي للعقارات ش.ذ.م.م			info@hfre.ae
33271	TEONA PROPERTIES CO. L.L.C	شركة تيونا للعقارات ذ.م.م			info@teonandco.com
23497	AL SARYA REAL ESTATE BROKER	السارية للوساطة العقارية	http://www.alsarya.ae/		alsaryarealestate@gmail.com
33151	RAYNA PROPERTIES	راينا بروبيرتيز			INFO@RAYNAPROPERTIES.COM
35170	PEARLSTONE REAL ESTATE BROKERS L.L.C	بيرلستون للوساطة العقارية ش.ذ.م.م			mraslan@pearlstoneuae.com
36449	11PROP REALTY L.L.C	11بروب للعقارات ش.ذ.م.م			info@11prop.com
12508	P I C O 37 REAL ESTATE BROKER	بي اي سي او 37 للوساطة العقارية	www.pico37.com	971-4-4469808	leonora@profoundgt.com
33619	USQUARE HOMES REAL ESTATE BROKERAGE L.L.C	يوسكوير هومز للوساطة العقارية ش.ذ.م.م			urooj.k.s@gmail.com
35764	1977 BOUTIQUE REAL ESTATE L.L.C	1977بوتيك للعقارات ش.ذ.م.م			1977bre@gmail.com
37214	SQUARE ASSETS REAL ESTATE L.L.C	سكوير استس للعقارات ش.ذ.م.م			Dolibharwani@gmail.com
11589	GREENLAND CAPITAL PROPERTIES L.L.C	جرين لاند كابيتال بروبيرتيز ش.ذ.م.م	www.glcp.ae	971-4-3995101	almazamfaisal@yahoo.com
32292	WELL P R O REAL ESTATE BROKERAGE L.L.C	ويل بي ار او للوساطة العقارية ذ.م.م			d588020514@gmail.com
16081	EV REAL ESTATE BROKERAGE L.L.C	اي في للوساطة العقارية ش.ذ.م.م	https://www.engelvoelkers.com/en-ae/dubai/	44223500	dubaimmc.admin@engelvoelkers.com
25935	V S P REAL ESTATE L.L.C	في اس بي للعقارات ش.ذ.م.م			omran_656@hotmail.com
27947	PROPERTY NATION REAL ESTATE MANAGEMENT	بروبرتي نيشن لادارة العقارات		504314328	sagar@propertynation.ae
2594	INTERNATIONAL GULF REAL ESTATE	انترناشيونال جلف ريل ايستيت	www.igguae.com	971-4-4572257	info@igguae.com
32349	UTOPIA REAL ESTATE BROKERAGE L.L.C	اتوبيا للوساطة العقارية ذ.م.م			mo.motlagh@yahoo.com
11644	T J R E REAL ESTATE BROKERS	تي جي ار إي للوساطة العقارية	www.tjre.ae	971-4-4223372	m.haseeb@tjre.ae
32695	FOUR SEVEN PRESTIGE PROPERTY L.L.C	فور سيفين برستيج للعقارات ش.ذ.م.م			accounts@jupitergsm.ae
28569	202402021336 FOR UNIFORMS TRADING	٢٠٢٤٠٢٠٢١٣٣٦ لتجارة الملابس والازياء الرسمية			Hemnani.r@gmail.com
30147	BLUEWHALE PROPERTIES L.L.C	بلووايل للعقارات ش.ذ.م.م			kmkostina@gmail.com
24070	E D B E R REAL ESTATE L.L.C	اي دي بي اي ار العقارية ش.ذ.م.م			bertrandedouard@hotmail.com
36359	HKW REAL ESTATE L.L.C	اتش كيه دبليو للعقارات ذ.م.م		0	karnica.karda001@gmail.com
30044	T V G REALTORS REAL ESTATE BROKERAGE L.L.C	تي فيه جي ريلتورس للوساطة العقارية ش.ذ.م.م		971-04-3400153	tvgrealtors@gmail.com
22868	F A M REAL ESTATE BROKER (BRANCH)	اف ايه ام للوساطة العقارية (فرع)			PA@famproperties.com
30456	TRANIO GLOBAL REAL ESTATE L.L.C	ترانيو غلوبال للعقارات ش.ذ.م.م			frangeli@profounduae.com
28965	EXCELSIOR REAL ESTATE BROKERS L.L.C	اكسلسيور للوساطة العقارية ش.ذ.م.م			info@xlcr.ae
33324	ELYSIAN REAL ESTATE BROKER L.L.C (BRANCH)	ايليسين للوساطة العقارية ش.ذ.م.م (فرع)		42496300	BILAL@ELYSIAN.COM
38134	SIGNATURE SPACES REAL ESTATE L.L.C	سيجنتشر سبيس للعقارات ش.ذ.م.م			Masand30@gmail.com
30069	A G M PROPERTIES L.L.C	ايه جي ام للعقارات ش.ذ.م.م		971-4-2835892	info@agmproperties.net
31243	GOODWILL REALTY REAL ESTATE BROKERS L.L.C	جودويل ريالتي للوسطاء العقاريين ش.ذ.م.م			Oksana_bakaeva@hotmail.com
12240	HAMPTON HOMES REAL ESTATE	هامبتن هومز للعقارات		971-04-3241146	hamid.hamptonhomes@gmail.com
16246	TREATY REAL ESTATE BROKERS L.L.C	تريتي للوساطة العقارية ش.ذ.م.م		971-4-8800255	info@treb.ae
12904	HERMES REALESTATE L.L.C	هيرميز للعقارات ش.ذ.م.م		971-4-3389761	info@hermes-realestate.com
31657	SUMY REAL ESTATE	سومي للعقارات			illia@sumyre.com
30006	SIB SUEVIA REAL ESTATE L.L.C	اس اي بي سوفيا للعقارات ش.ذ.م.م			ahsanaby@gmail.com
34891	HOMESCOPE REAL ESTATE L.L.C	هومسكوب للعقارات ش.ذ.م.م		40000000	syednali@hotmail.com
31095	GHAZAL PROPERTIES L.L.C	غزل للعقارات ش.ذ.م.م			ghazalproperties.ae@gmail.com
30940	ORIENT PROSPERITY PROPERTIES	اورينت بروسبيريتي للعقارات	https://www.orientprosperityproperties.com		rowaida@keysfz.com
25170	MAMARI REAL ESTATE L.L.C	ماماري للعقارات ش.ذ.م.م			peyman.ziari@gmail.com
25968	R H HOMES REAL ESTATE L.L.C	ار اتش هومز للعقارات ش.ذ.م.م			Rabihhankir1@gmail.com
33002	MASHA REAL ESTATE L.L.C	ماشا للعقارات ش.ذ.م.م			nourekishk@gmail.com
36464	REAL TREE PROPERTIES	ريل تري للوساطة العقارية			ali@realtree.ae
16084	R N R INTERNATIONAL REAL ESTATE L.L.C	ار ان ار انترناشيونال للعقارات ش.ذ.م.م			rakesh@rnr-realestate.com
29755	OCTAGON REAL ESTATE L.L.C	اوكتاجون للعقارات ش.ذ.م.م		971-04-3881525	elayza@octagon.ae
13220	ARCADIA PROPERTIES	اركاديا بروبيرتيس		97143256768	mylene@arcadiainvest.com
35741	J N C REAL ESTATE BROKERAGE L.L.C	جيه ان سي للوساطة العقارية ش.ذ.م.م			Gxjdubai@gmail.com
28284	ROYAL B I P REAL ESTATE BROKERS	رويال بيه اي بي للوساطة العقارية			moeen@bodlaip.com
30964	OCLEY PROPERTIES L.L.C	اوكلاي للعقارات ش.ذ.م.م			Eliesulebi@gmail.com
26607	MULAN CAPITAL REAL ESTATE	ميلان كابتال للعقارات			thirukgoud@gmail.com
17458	ALPHA REAL ESTATE	الفا ريل استيت		97143990090	mwsilat@eim.ae
13272	SODIC PROPERTIES L.L.C	سوديك للعقارات ش.ذ.م.م		971-4-4533687	hassan@sodicproperties.com
29941	U N I Q REAL ESTATE BROKER	يو ان اي كيو للوساطة العقارية			graders@eim.ae
31482	NOVVI PROPERTIES	نوفي بروبرتيز		545533388	residential@novviproperties.com
34074	FT HOMES REAL ESTATE L.L.C	ايف تي هومز ش.ذ.م.م			gaston.caruso@icloud.com
11669	PROPERTY ZONE REAL ESTATE BROKER L.L.C	بروبرتي زون للوساطة العقارية ش.ذ.م.م		971-4-4312304	info@property-zone.ae
30840	SUNLOCATE PROPERTIES	سنلوكاتي للعقارات			info@slp.ae
27178	A X REAL ESTATE BROKER	ايه اكس للوساطة العقارية			info@axrealtors.com
35231	NATIONAL HOMES REAL ESTATE L.L.C	ناشونال هومز للعقارات ش.ذ.م.م			kris@nhre.ae
12338	PROPERTY JUNCTION REAL ESTATE	بروبرتي جنكشن للعقارات		971-4-3549200	amish@propertyjunction.ae
31930	I B I A REALTY L.L.C	اي بي اي ايه العقارية ش.ذ.م.م			puhibr886@gmail.com
34404	PENBROOK REAL ESTATE L.L.C	بينبروك للعقارات ش.ذ.م.م			nickriverholbrook10@gmail.com
12043	THE OPTIMUS PROPERTIES L.L.C	ذا اوبتيموس للعقارات ش.ذ.م.م		45804261	ceo@theoptimus.ae
25289	Just Homes Real Estate	جست هومز للعقارات		503533883	silvia@justhomes.ae
12097	BEYOND BRICKS REAL ESTATE BROKER	بيوند بريكس للوساطه العقارية	www.beyondbricks.ae	44237799	info@beyondbricks.ae
34968	PRIME ROCK REAL ESTATE L.L.C	برايم روك للعقارات ش.ذ.م.م			baber.majid@theprimegroupuk.com
23724	PANGEA PROPERTIES L.L.C	بانجيا للعقارات ش.ذ.م.م			omar@pangeaties.com
11808	AL AMERA REAL ESTATE BROKER L.L.C	الأميرة للوساطة العقارية ش.ذ.م.م	http://www.alameraproperties.com	971-4-4218412	alamerarealestate@gmail.com
27397	CONCORD ALLIANCES INTERNATIONAL REAL ESTATE L.L.C	كونكورد ايلانسيس انترناشونال للعقارات ش.ذ.م.م			adil@apexroyal.com
27532	ARTIANA PROPERTIES	ارتيانا للعقارات		971-04-4290077	info@artianaproperties.com
32315	YOLO REAL ESTATE L.L.C	يولو للعقارات ذ.م.م			galina.volgach@gmail.com
24621	GRAND LUX PROPERTIES L.L.C	جراند لاكس للعقارات ش.ذ.م.م	https://grandluxproperties.com/		Admin@grandluxproperties.com
393	DACHA REAL ESTATE L.L.C	داشا للعقارات ش.ذ.م.م	www.dacha-re.com	97144232006	angelika@dacha-re.com
25670	DUBAIDAR FACILITIES MANAGEMENT (L.L.C)	دبيدار لادارة المنشات (ش.ذ.م.م)		971-4-4356173	info@asasholding.ae
748	NADIA REALESTATE BROKER L.L.C	ناديا للوساطة العقارية ش.ذ.م.م		43790904	info@nadiapro.com
11845	CHEVAL BLANC REAL ESTATE L.L.C	شيفال بلانك للعقارات ش ذ م م		43884888	ali@chevalblancrealestate.com
294	HOUSE HUNTERS REAL ESTATE BROKERS L.L.C	هاوس هانترز للوساطة العقارية ش.ذ.م.م	www.househuntersdubai.com	971-4-4522007	debbiecope@gmail.com
54	ABDULNOOR AL RAIS GROUP	مجموعة عبدالنور الريس	anrg.ae	971-4-2666595	anrg@eim.ae
12773	EMPYREAN REAL ESTATE BROKERS	امبريان للوساطة العقارية	www.empyrean.ae	971-4-3979061	h.tutla@empyrean.ae
1333	SEVEN OCEAN REAL ESTATE (L.L.C)	المحيطات السبع للعقارات (ش.ذ.م.م)		971-4-3236222	sh.zarooni@gmail.com
11936	SYNERGY INTERNATIONAL REAL ESTATE BROKER	ساينرجي انترناشيونال للوساطة العقارية		971-4-4548792	jmathewsdxb@gmail.com
2578	KING STONE REAL ESTATE	ملك الحجاره للعقارات	http://www.kingstonerealestate.com	971-4-3931023	admin@kingstonerealestate.com
109	EASTERN REAL ESTATE	ايسترن للعقارات	Mohammed Abdul Aziz Mohammed Janahi	971-4-3375553	Mohammedjanahi121@gmail.com
1256	UNICON REAL ESTATE BROKER L.L.C	يونكون للوساطة العقارية ذ	www.uniconre.com	43674702	info@uniconre.com
1815	ALLSOPP & ALLSOPP REAL ESTATE BROKER L.L.C	آلسوب و آلسوب للوساطة العقارية ش.ذ.م.م	https://www.allsoppandallsopp.com	971-4-4294444	jo@allsoppandallsopp.com
2525	CALIFORNIA REAL ESTATE BROKER	كاليفورنيا للوساطة العقارية	Alireza Alekasir	971-4-2956974	alireza@californiamaison.com
11600	GET REAL ESTATE BROKER L.L.C	جت الوساطة العقارية ذ.م.م	www.getrealdubai.com	971-4-5584939	turguna@getrealdubai.com
694	SELECT PROPERTY OWNED BY MTAF GROUP ONE PERSON COMPANY L.L.C	سليكت بروبرتي لمالكها مجموعة مطاف شركة الشخص الواحد ش.ذ.م.م		971-4-2251251	Mohamed@srg.ae
871	WIDE WAY REAL ESTATE BROKERS	الطريق الواسع للوساطة العقارية		971-4-3687876	vahidwideway@gmail.com
919	FAIRFIELD REAL ESTATE BROKER (L.L.C)	فاير فيلد للوساطة العقارية (ش.ذ.م.م)	www.fairfielddubai.com	43974944	rosita@fairfielddubai.com
18715	CLASSIC PROPERTIES REAL ESTATE L.L.C	كلاسك بروبرتيس ريل استيت ش.ذ.م.م	www.classicproperties.ae	971-4-2500177	rahul@classicproperties.ae
1985	SUN GATE REAL ESTATE BROKER L.L.C	بوابة الشمس للوساطة العقارية ش.ذ.م.م		971-4-3418044	SHAHRAM.AMINI@GMAIL.COM
348	ZABADANI REAL ESTATE BROKER	الزبداني للوساطة العقارية	www.zabadani.ae	971-4-3887828	zabadani@eim.ae
576	KALKAR REAL ESTATE BROKER	كلكار للوساطة العقارية		971-4-3614040	kalkarproperties@gmail.com
29	WAVES INVESTMENTS & PROPERTIES (L.L.C)	الأمواج للإستثمار والعقارات (ش.ذ.م.م)		971-4-3325355	thewaves@emirates.net.ae
501	SKY BAY REAL ESTATE BROKER	سكاي باي للوساطة العقارية		97145139922	shamz900@yahoo.com
737	CLASSIC HOME REAL ESTATE	البيت الكلاسيكي للعقارات	www.classichome.ae	971-4-3320181	info@classichome.ae
2034	CORAL SHORE REAL ESTATE BROKERS	كورال شور للوساطة العقارية	www.coralshoredubai.com	971-4-3885866	nasreen@coralshoredubai.com
2490	CANDOUR REAL ESTATE BROKER L.L.C	كندور للوساطه العقارية ذ.م.م	www.candourproperty.ae	971-4-5576608	info@candourproperty.com
945	PRESTIGE PROPERTIES	الفخامة للعقارات		971-4-3353434	majesty@eim.ae
11855	CRESCENT REAL ESTATE	كريسنت للعقارات	www.cre.ae		shiraz@cre.ae
175	AL MAJLIS PROPORTIES	المجلس للعقارات		971-4-2650506	sulthannaser@yahoo.com
2285	SHARAFI REAL ESTATE (L.L.C)	شرفي للعقارات (ش.ذ.م.م)		971|557179292	aiman@sharafigroup.com
2554	ZAYA REALTY (L.L.C)	زايا للعقارات (ش.ذ.م.م)	RULA JERIES HANNA MADANAT	971-4-4433585	rula.m@zayarealty.com
2335	ESVEE REAL ESTATE BROKER L.L.C	إسفي للوساطة العقارية ش.ذ.م.م	http://esveerealestate.com	971-4-5521275	admin@esveerealestate.com
1068	REAL CHOICE REAL ESTATE BROKERS (L.L.C)	الإختيارالحقيقي للوساطة العقارية (ش.ذ.م.م)	www.dubaifirsthome.com	971-4-3588070	info@dubaifirsthome.com
503	AL MASKAN REAL ESTATE (L.L.C.)	المسكن للعقارات (ش ذ م م)	www.almaskan.com	971-4-3520555	ejari@almaskan.com
303	AQUA PROPERTIES L.L.C	اكوا العقارية ش.ذ.م.م	www.aquaproperties.com	971-4-3355523	marty@aquaproperties.com
1131	AARONZ & CO REAL ESTATE L.L.C	آرونز اند كو للعقارات ذ.م.م		971-4-5849243	dubai@morisonmenon.com
1760	HOMES 4 LIFE REAL ESTATE BROKER (L.L.C)	هومز 4 لايف للوساطة العقارية (ش.ذ.م.م)	www.homes4life.ae	971-4-3387300	paresh@homes4life.ae
279	GRAND HOME REAL ESTATE BROKER	البيت الكبير للوساطة العقارية	LEENA ALBUQUERQUE	971-4-3431303	homes.sales08@gmail.com
12027	GOLDCOAST REALESTATE BROKER	جولدكوست للوساطه العقارية	www.goldcoastuae.com	971-4-3994944	ganesh.dube@hotmail.com
23700	FAKHRUDDIN PROPERTIES L.L.C	فخرالدين للعقارات ش.ذ.م.م		971-4-4527770	i.karam@fakhruddin.ae
666	ROOTS LAND REAL ESTATE BROKER (L.L.C)	روتس لاند للوساطة العقارية (ش.ذ.م.م)	www.rootsland.com	971-4-3298333	mahmoud@rootsland.com
12726	THE URBAN NEST REAL ESTATE BROKER L.L.C	ذي اوربن نست للوساطة العقارية ش.ذ.م.م	theurbannest.ae	42212442	linda@theurbannest.ae
873	PROPERTY CONCIERGE REAL ESTATE BROKER	بروبرتي كونكرجي للوساطة العقارية		971-4-4227900	admin@pcre.ae
936	ESPACE REAL ESTATE BROKER L.L.C	اسباس للوساطة العقارية ش.ذ.م.م	www.espace.ae	97143069999	apple@espace.ae
619	ELYSIAN REAL ESTATE BROKER L.L.C	ايليسين للوساطة العقارية ش.ذ.م.م	www.elysianrealestate.com	42496300	bilal@elysian.com
708	EXCLUSIVE LINKS REAL ESTATE BROKERS	اكسكلوسيف لينكس للوساطة العقارية	Louise Heatley	971-4-3994937	louise@exclusive-links.com
342	SOURCE PROPERTIES	المصدر للعقارات	www.source-property.net	971-4-4541041	sales@source-property.net
10623	VAKSON REAL ESTATE (L.L.C)	فاكسون للعقارات (ش.ذ.م.م)		97143039222	info@vakson.com
274	DEJA VU REAL ESTATE BROKER L.L.C	ديجا فو للوساطة العقارية ش.ذ.م.م		43996487	sa@dejavuproperties.com
18149	RANGE INTERNATIONAL PROPERTY INVESTMENT ONE PERSON COMPANY L.L.C	رانج انترناشيونال للاستثمار شركة الشخص الواحد ش.ذ.م.م			nitin@rangeipi.com
18803	R I O REAL ESTATE BROKER	ار اي او للوساطة العقارية		971-04-4208093	engineer.atassi@gmail.com
16605	MPM PROPERTIES L.L.C - DUBAI BRANCH	ام بي ام العقارية ش ذ م م - فرع دبي		971-2-6100085	mpmdubai@adib.com
19184	SPECIALISTS PROFESSIONALS REAL ESTATE BROKERS L.L.C	سبيشياليستس بروفيشونالز للوساطة العقارية ش.ذ.م.م		0-4-3908425	hadidxb@gmail.com
16958	VIRTUS REAL ESTATE	فيرتوس للعقارات	www.virtusrealestate.org	43496607	mmaklad7@gmail.com
20192	MANRESA REAL ESTATE	مانريسا للعقارات	www.manresa.ae	97145752193	info@manresa.ae
1252	BIN YAQOOB REAL ESTATE (L.L.C)	بن يعقوب للعقارات (ش.ذ.م.م)		97142216222	attiamansor@yahoo.com
16831	DREAM DESTINATION REAL ESTATE BROKER L.L.C	دريم دستنيشن للوساطة العقارية ش.ذ.م.م		971-04-2853949	villas@dreamdestinationreb.com
16576	D A N D B PROPERTIES (BR OF ALBAYARI INVESTMENT L.L.C)	دي ايه ان دي بي للعقارات (فرع من البيارى للاستثمار ش.ذ.م.م )	www.dandbdubai.com	97148719200	operations@dandbdubai.com
17314	NEST FINDERS REAL ESTATE BROKERS L.L.C	نيست فاينديرس للوساطة العقارية ش.ذ.م.م	www.landeurglobal.com	971-4-2969015	info@landeurglobal.com
22926	INDUS REAL ESTATE (L.L.C) (DMCC BRANCH)	اندس للعقارات ذ م م فرع م د م س		97143519995	hamir@indusre.ae
21102	GREEN ISLAND REAL ESTATE BROKER	جرين ايلاند للوساطة العقارية	http://www.giproperties.ae	45275800	info@giproperties.ae
20580	R T I REAL ESTATE L.L.C	ار تي اي للعقارات ذ.م.م		971-4-8824588	esc_cdouaihy@yahoo.com
11656	SAIF STAR REAL ESTATE BROKER	سيف ستار للوساطة العقارية		971-4-3551666	safestar.realestate@gmail.com
22034	T N G REAL ESTATE BROKERS L.L.C	تي ان جي للوساطة العقارية ش.ذ.م.م	http://tandgre.com		info@tandgre.com
20473	TURNKEY PROPERTIES L.L.C	تيرن كي للوساطة العقارية ش.ذ.م.م	www.turnkeyproperties.ae	971-04-3546445	info@turnkeyproperties.ae
2108	BIN MUWAIZA REALTY	بن مويزة العقارية		971-4-2711000	binmuwaizarealty@gmail.com
17070	BRIDGES AND ALLIES REAL ESTATE BROKERS	بريدجس آند ألايز للوساطة العقارية	www.bridgesandalliesre.com		zkhan@bridgesandalliesre.com
2425	AL ZAJEL REAL ESTATE L.L.C	الزاجل للعقارات ش.ذ.م.م	www.alzajelrealestate.com	971|506542929	info@alzajelrealestate.com
815	OPTIONS REAL ESTATE BROKERS	اوبشنز للوساطة العقارية	www.optionsrealestate.ae	971|44385044	randa@optionsrealestate.ae
12789	RIGHT MOVE REAL ESTATE	رايت موف للعقارات		971-4-4304270	navid.shah111@gmail.com
21186	MORGAN S INTERNATIONAL REALTY	مورغانز الدولية للعقارات		971-04-2418886	info@morgansrealty.com
2325	GREEN LANDS INTERNATIONAL REAL ESTATE	جرين لاندز انترناشيونال للوساطة العقارية		971-4-3323444	info@greenlandsintl.com
21624	SILVER CREEK REAL ESTATE BROKER ONE PERSON COMPANY L.L.C	سيلفر كريك للوساطة العقارية شركة الشخص الواحد ش.ذ.م.م			aswanigurmukh@gmail.com
12735	PYRAMID STAR REAL ESTATE BROKERAGE	بيراميد ستار للوساطة العقارية	www.pyramidstarre.com	971-4-3925606	kamranwadood9@gmail.com
920	UNITED SEVEN REAL ESTATE BROKER	يونايتدسفن للوساطة العقارية		97143575509	united7dxb@gmail.com
17196	O B G REAL ESTATE BROKER L.L.C	او بي جي للوساطة العقارية ذ.م.م	www.obg.ae	971-4-5825999	danny@obg.ae
21218	SUBLIME REAL ESTATE BROKERS	سبلايم للوساطة العقارية			Fadi_jabbour88@hotmail.com
17278	NEW LAUNCH PROPERTIES L.L.C	نيو لاونج للعقارات ش.ذ.م.م	www.hniclients.com	971|529151123	newlaunchproperties.ae@gmail.com
810	PARADISE OASIS REAL ESTATE BROKERS L.L.C	واحة الفردوس للوساطة العقارية ش.ذ.م.م	https://www.poreb.com	97144508295	customerservice@paradise-uae.com
34952	FAIRWAY HOMES REAL ESTATE L.L.C	فيرواي هومز للعقارات ش.ذ.م.م			lee@fairwayhomes.co
29313	HIVE NETWORK REAL ESTATE-FZCO DUBAI BRANCH	هايف نيتوورك للعقارات- ش م ح فرع دبى			info@hivegroup.ae
32080	QIMAM REAL ESTATE BUYING & SELLING BROKERAGE CO. L.L.C	قمم للوساطة في بيع العقارات وشرائها شركة الشخص الواحد ذ.م.م		971508224140	Salami00@live.com
22612	RAY WOOD PROPERTIES	راي وود للعقارات		971-04-7181371	sonikathakwani@gmail.com
30174	TOP APARTMENTS REAL ESTATE BROKERAGE L.L.C	توب ابارتمنت للوساطة العقارية ش.ذ.م.م			ridjan@topapartmentsre.com
12087	REGEN REAL ESTATE BROKERS	ريجين للوساطة العقارية		971-4-8840841	gautam@regenbrokers.com
35708	BIFOS BRIDGE REAL ESTATE BROKERAGE L.L.C	بيفوز بريدج للوساطة العقارية ش.ذ.م.م			ENG.SHAMSULHAQ@GMAIL.COM
29045	L Y S REAL ESTATE L.L.C	ال واي اس للعقارات ش.ذ.م.م		40000000	soundos2012@hotmail.com
36031	K FOUR REAL ESTATE L.L.C	كيه فور للعقارات ش.ذ.م.م			an@k4.ae
30010	RETRY TRIGGER N CAFETERIA CO. L.L.C	ريتر ترجر ن لتحضير الوجبات الخفيفة شركة الشخص الواحد ذ.م.م			Shaharyar@spadesre.com
11872	OMAR AHLI REAL STATE BROKERS	عمر أهلي للوساطة العقارية		971-4-2837753	omerahli@yahoo.com.sg
38464	SEMRA KHALID REAL ESTATE L.L.C	سيمرا خالد للعقارات ش.ذ.م.م			semra@semrasrealty.com
31053	POINT BLANK PROPERTIES	بوينت بلانك للعقارات		971-4-3530599	info@pointblank-properties.com
24870	ACADIA REAL ESTATE L.L.C	أكاديا للعقارات ذ.م.م			e.nisrine@yahoo.fr
23472	A M K VISION REAL ESTATE BROKERAGE	ايه إم كيه فيجين للوساطة العقارية		43388188	mariane@amkdubai.com
26559	HAYAT LUXURY PROPERTIES L.L.C	حياة لاكشري للعقارات ش.ذ.م.م		68824697	hayat.almasri.80@gmail.com
29157	JASER AL NOOR REAL ESTATE BROKERS	جسر النور للعقارات		0	michelle@janproperties.net
32037	AFIMMO PROPERTIES L.L.C	افيممو للعقارات ذ.م.م			geoffreydaens@hotmail.com
25229	PHONEIX HOMES REAL ESTATE LLC	بهونيكس هومس للعقارات ش ذ م م		566887566	nitishkhosla6688@gmail.com
25385	ECORP REAL ESTATE	ايكورب للعقارات			mushtaqnabeel@yahoo.co.uk
34844	FIRST TAURUS REAL ESTATE BROKERS L.L.C	فيرست توروس للوساطة العقارية ش.ذ.م.م			Gcasati27@gmail.com
27285	FAST WAY REAL ESTATE BROKER (BRANCH)	فاست واي للوساطة العقارية (فرع)			kevinftth@yahoo.com
11607	DAR AL MANAR REAL ESTATE BROKER EST	مؤسسة دار المنار للوساطة العقارية		97144508262	syedsaqi@hotmail.com
29499	URBAN LUXE REAL ESTATE L.L.C	اوربان ليكس للعقارات ذ.م.م		971|509420061	nawaz.dubaiproperty@gmail.com
12328	LUXURY PROPERTY L.L.C	لاكشري للعقار ذ.م.م		971-4-5635900	sales@luxuryproperty.com
11897	MUFADDAL PROPERTIES L.L.C	مفضل للعقارات ش.ذ.م.م	www.mufaddalproperties.com	44475469	mufaddal.qj@gmail.com
12063	CANARY ISLAND PROPERTIES L.L.C	كناري آيلند للعقارات ش.ذ.م.م	www.canaryislandproperties.com	971-4-3885506	dev@canaryrealty.com
30128	APEX CAPITAL REAL ESTATE L.L.C	أبيكس كابيتل للعقارية ش.ذ.م.م			simplysunil78@gmail.com
29929	R K CAPITAL REAL ESTATE BROKER L.L.C	ار كي كابيتال للوساطة العقاريه ذ.م.م			Rashkaf80@hotmail.com
35004	EMPEROR HOMES PROPERTY L.L.C	امبيرور هومز للعقارات ش.ذ.م.م		971-04-3304686	info@emperor-properties.com
30246	N S R REAL ESTATE	ان اس ار للعقارات			nikolamilovanovic500@gmail.com
31013	SOLID WALLS REAL ESTATE L.L.C	سوليد والز للعقارات ش.ذ.م.م			wataniahr@gmail.com
24212	REDEFINED REALTORS REAL ESTATE L.L.C	ريفيند ريلتورس للعقارات ش.ذ.م.م		400000000	info@redefinedrealtors.ae
2593	TAMASK REAL ESTATE BROKER L.L.C	تماسك للوساطة العقارية ش.ذ.م.م		971-4-2505703	tamaskrealstate@mail.com
28810	J R E REAL ESTATE	جي ار اي للعقارات		529901733	info@971re.ae
24737	HAUS 51 REAL ESTATE BROKERAGE L.L.C	هاوس 51 للوساطة العقارية ش.ذ.م.م			A.elshafei85@gmail.com
30135	FORTIS REAL ESTATE BROKERS	فورتيس للوساطة العقارية			info@fortisrealestate.ae
23624	B H C R C REAL ESTATE L.L.C	بي إتش سي ار سي للعقارات ش.ذ.م.م			customercare@bhomes.com
26337	D R N REAL ESTATE	دي ار ان للعقارات			admin@dubairealestate.net
27504	B ONE PROPERTIES	بي ون للعقارات			babak.jaffari@gmail.com
29115	QUATRO PROPERTIES L.L.C	كواترو بروبرتيز ش.ذ.م.م	www.quatroproperty.com		Lotfi.ayoob@gmail.com
27211	HOMELAND REALTY REAL ESTATE	هوملاند ريالتي للعقارات			info@homeland.ae
38678	ABAX REALTY L.L.C	اباكس للعقارات ش.ذ.م.م			karteekd2000@gmail.com
24836	ALHAD REAL ESTATE BROKER L.L.C	الهاد للوساطة العقارية ش.ذ.م.م		971-04-5776742	albatool.1986@gmail.com
27799	LUX & NOBLE INTERNATIONAL REAL ESTATE L.L.C	لوكس & نوبل للوساطة العقارية ش.ذ.م.م			syedaunhassan@gmail.com
27018	SWIFT HOMES REAL ESTATE BROKERAGE L.L.C	سويفت هومز للوساطة العقارية ش.ذ.م.م			kassisbernard@gmail.com
12845	EMINENCE REAL ESTATE L.L.C	ايميننس للعقارات ش.ذ.م.م		971-04-3586969	krishna@eminenceltd.com
11712	PLEASANT REAL ESTATE BROKERS L.L.C	بليسانت للوساطة العقارية ش.ذ.م.م	www.pleasantpropertiesdubai.com	971-4-3804400	hidayath@pleasantpropertiesdubai.com
29744	ELIT STROY PROPERTY L.L.C	ايليت ستوري للعقارات ش.ذ.م.م			officeelitstroy@gmail.com
11687	MUFTAH ALJANNAH REAL ESTATE	مفتاح الجنه للعقارات		971-4-4030618	muftah.aljannah@hotmail.com
31904	Q S A REAL ESTATE L.L.C	كيو اس ايه للعقارات ش.ذ.م.م			usman_abdullah@hotmail.com
29021	NINE REALTY FOR REAL ESTATE BUYING & SELLING BROKERAGE	نين ريلت للوساطة في بيع العقارات وشرائها	http://www.nine-realty.com	44272119	ahuti@nine-realty.com
26097	FAJAR REALTY REAL ESTATE L.L.C	فجر ريالتي للعقارات ذ.م.م			SOLUTIONS.KN@GMAIL.COM
2407	SUPER SEVEN REAL ESTATE BROKER	سوبر سفن للوساطة العقارية	www.super7realestate.com	44474313	admin@super7realestate.com
24763	EAGLE ONE PROPERTIES	ايجل ون للعقارات			md@smeservices.ae
33145	BILLIONAIRES AVENUE REAL ESTATE L.L.C	بليونيرز افنيو للعقارات ذ.م.م			amir.hco@gmail.com
31233	ADULIS PROPERTIES L.L.C	اديليس بروبرتيز ش.ذ.م.م			m_susan79@yahoo.com
12108	BANKE INTERNATIONAL PROPERTIES L.L.C	بانكي انترناشونال بروبرتيز ش.ذ.م.م		443380088	porush@banke.ae
25245	MARKET PRICE REAL ESTATE L.L.C	ماركت برايس العقارية ش.ذ.م.م			sales@marketprice.ae
35455	THRONE PROPERTIES	ثرون بروبرتيز			Amer@throneproperties.ae
31154	DRIVEN PROPERTIES L.L.C (BRANCH)	درفن للعقارات ش.ذ.م.م (فرع)			PRO@DRIVENPROPERTIES.COM
29927	BLISS PROPERTIES REAL ESTATE BROKERAGE EST.	مؤسسة بليس بروبرتيز للوساطة العقارية			Parneshkumarlaasi@hotmail.com
30254	IMPERIAL CAPITAL REAL ESTATE	امبريال كابيتال للعقارات			51398069@qq.com
27467	HOME VILLE REAL ESTATE L.L.C	هوم فيلي العقارات ش.ذ.م.م	www.homeville.ae		Omarrabahrealestate@gmail.com
26536	BRICKS N WOODS REAL ESTATE BROKERAGE L.L.C	بريكس ان وودز للوساطة العقارية ش.ذ.م.م			brickswoodsrealestate@gmail.com
11989	DISTINCT REAL ESTATE BROKERAGE L.L.C	ديستنكت للوساطة العقارية ذ.م.م		971-4-2240374	jun@distinct-re.com
34434	L V G REAL ESTATE L.L.C	ال في جي للعقارات ش.ذ.م.م			Lvgrealestate@lvgrealestatedubai.com
33178	PRIMEVISTA REAL ESTATE L.L.C	برايم فيستا للعقارات ش.ذ.م.م	www.primevistarealestate.com		maati@primevistarealestate.com
26505	BEN & CORE REAL ESTATE L.L.C	بين اند كور للعقارات ش.ذ.م.م		41111111	benbandari@hotmail.com
30907	MAPLE AND LANE REAL ESTATE BROKERS	مابيل اند لاني للوساطة العقارية			komal@mapleandlanedubai.com
22597	HOMES 4 LIFE REAL ESTATE BROKER (L.L.C) (BRANCH)	هومز 4 لايف للوساطة العقارية (ش.ذ.م.م) (فرع)			mirgroup@eim.ae
33172	DELUXE HOMES REAL ESTATE BROKERS L.L.C	ديلوكس هومز للوساطة العقارية ش.ذ.م.م		43920202	realtors@deluxehomes.ae
35931	EMIREUM PROPERTIES L.L.C	إميريوم للعقارات ش.ذ.م.م		971-4-3259477	nikitha@emireumproperties.com
27846	M T H PROPERTIES	ام تي اتش للعقارات		42204466	info@mth.ae
19396	AL KHATAL REAL ESTATE L.L.C	الختال للعقارات ش.ذ.م.م		97142666477	contact@alkhattal.ae
31528	ASSET CLASS PROPERTIES L.L.C	اسست كلاس للعقارات ذ.م.م			ma.kolchanov@gmail.com
39665	C B A REAL ESTATE L.L.C	سي بي ايه للعقارات ش.ذ.م.م			chuiko.yelena@gmail.com
36822	B G D PROPERTIES L.L.C	بي جي دي للعقارات ش.ذ.م.م		971-4-5516760	carlton@bgproperties.ae
12826	FIRST AVENUE REAL ESTATE	فيرست افنيو للعقارات		971-4-4226077	info@firstavenue.ae
31971	QUALITY CORE REAL ESTATE	كوالتي كور للعقارات			umair.shabbir86@gmail.com
27852	GOLDEN BRICKS WORLDWIDE REAL ESTATE L.L.C	جولدن بريكس ورلدوايد العقارية ش.ذ.م.م		971-04-3510077	vandana.gbww@gmail.com
15231	HEAVENLY HOMES REAL ESTATE BROKER	هفنلي هومس للوساطة العقارية		971-4-7268385	aziz@heavenlyhomesdubai.com
25943	TOP ADDRESS REAL ESTATE L.L.C	توب ادرس للعقارات ش.ذ.م.م		971-04-	mahamad_32@yahoo.com
35834	ARESHA REAL ESTATE BROKERS L.L.C	عريشة للوساطة العقارية ذ.م.م			Arifaahmed@gmail.com
35807	THE LUXURY COLLECTION REAL ESTATE BROKERS L.L.C	ذا لاكجوري كولكشن للوساطة العقارية ش.ذ.م.م			matt@luxuryestatesdxb.com
26077	ARABIAN LIFESTYLE REALESTATE L.L.C	اربيان لايف ستايل للعقارات ذ.م.م			CONNECT@PRECIOUSPOINT.COM
22916	DIVINE HOMES REAL ESTATE BROKER	ديفاين هومز للوساطه العقاريه			ishfaqnaseem@hotmail.com
29722	H M C PROPERTIES	اتش ام سي للعقارات			Ashmc318@gmail.com
27900	ALLIANCE PROPERTIES L.L.C	اليانس للعقارات ش.ذ.م.م			olivier@apr.ae
25107	KENNEDY PROPERTY BROKERS L.L.C	كينيدي للوساطة العقارية ش.ذ.م.م			simon@kennedyproperty.com
29371	ALGOVISORY REAL ESTATE L.L.C	الجوفيسوري للعقارات ذ.م.م			kathryn@algovisory.ae
27245	TRILLIUM REAL ESTATE L.L.C	تريليوم للعقارات ذ.م.م			renukka@trillium.ae
38143	SEVEN LANDS REAL ESTATE L.L.C	سفن لاندز للعقارات ش.ذ.م.م			kkbekaldieva@gmail.com
29146	MOTI ASSOCIATES PROPERTIES L.L.C	موتي اسوسييتس للعقارات ش.ذ.م.م		561543190	founder@mapdxb.com
38575	SKY HOUSE PROPERTIES L.L.C	سكاي هاوس للعقارات ذ.م.م			willrahmoun@gmail.com
30718	LIMITLESS VALLEY REAL ESTATE L.L.C	ليمتلس فالي للعقارات ش.ذ.م.م			Admin@lvrealty.ae
32207	SLOWLIGHT REAL ESTATE L.L.C	سلولايت للعقارات ش.ذ.م.م			hashimammar90@gmail.com
39238	LIVING MKS REAL ESTATE L.L.C	ليفينج ام كيه اس للعقارات ش.ذ.م.م			ivan@mksliving.com
23413	BAB ALRAYAN REAL ESTATE BROKER	باب الريان للوساطة العقارية		43233422	ali786sharaf@gmail.com
29003	ABDULSALAM ALGANAHI REAL ESTATE L.L.C	عبدالسلام الجناحي للعقارات ش.ذ.م.م			Akad.general.trading@gmail.com
29100	COMFY HOMES REAL ESTATE BROKER	كومفي هومز للوساطة العقارية			umermateen01@gmail.com
28121	LUXPROP A E REAL ESTATE L.L.C	لكسبروب ايه اي للعقارات ش.ذ.م.م			sales@luxuryproperty.com
28322	SORP REAL ESTATE L.L.C	سورب للعقارات ذ.م.م			elena@sorp.ae
36383	DINGSTONE REAL ESTATE L.L.C	دينغستون للعقارات ش.ذ.م.م		971-4-4496303	melissa.ding8769@gmail.com
28489	202310171550 FOR SUGAR PACKAGING CO.	شركة ٢٠٢٣١٠١٧١٥٥٠ لتعبئة السكر			ceo@mnaproperties.ae
30679	MUGEN REAL ESTATE	موجين للعقارات			labbeh1977@gmail.com
11917	DRIVEN PROPERTIES L.L.C	درفن للعقارات ش.ذ.م.م		971|501049777	Ammar@drivenproperties.com
29897	VOSS REAL ESTATE L.L.C	فوس للعقارات ش.ذ.م.م			voss-properties@protonmail.com
36211	LUXURY EXPERTS REAL ESTATE L.L.C	لوكجري إكسبيرتس للعقارات ش.ذ.م.م			Palm4sale@gmail.com
29871	KALINKA MIDDLE EAST REAL ESTATE L.L.C	كالينكا ميدل ايست للعقارات ش.ذ.م.م			esr@kalinka-realty.ru
11804	BEST DEALS REAL ESTATE BROKER	بست ديلز ريل استات للوساطة العقارية	www.bestdealsre.com	557057733	bestdealsre@gmail.com
29014	NORTH POINTE REAL ESTATE L.L.C	نورث بوينت للعقارات ش.ذ.م.م			sameer@al-arabiyadubai.com
15673	A K T REAL ESTATE BROKER	ايه كيه تي للوساطه العقارية	www.aktrealestate.ae	971-4-5519527	s.ghaderi@aktrealestate.ae
31903	K N K REAL ESTATE	كيه ان كيه للعقارات		559998242	info@knkrealestate.ae
27977	S M K REAL ESTATE BROKER	اس ام كيه للوساطة العقارية		504313517	mujtabahanif69@gmail.com
15573	HOST CITY PROPERTIES	هوست سيتي للعقارات			INFO@HOSTCITYPROPERTIES.COM
28219	A I Z REAL ESTATE BROKERAGE	أيه أي زد للوساطة العقارية			RIZWANOFFICE@MFIGROUP.AE
29261	FORTUNE CAPITAL 5 REAL ESTATE L.L.C	فورتشن كابيتال 5 للعقارات ذ.م.م		971|507383333	Rabipourp@gmail.com
26722	RELY PROPERTIES	ريلي للعقارات			smehndiratta26@gmail.com
25693	PROPERTY SIMPLIFIED REAL ESTATE L.L.C	بروبرتي سيمبليفايد للعقارات ش.ذ.م.م			ibrahim.alhawai@nyu.edu
26497	PHOENIX HOMES REAL ESTATE BROKERS L.L.C	فونيكس همس للوساطة العقارية ش.ذ.م.م			madhu@phrealestate.ae
12544	DIPLOMAT PROPERTIES	ديبلومات للعقارات		97143332408	diplomat.properties2013@outlook.com
33758	D P A REAL ESTATE	دي بيه ايه للعقارات		971-4-2393192	rabab@dpa-realestate.com
12207	H&S REAL ESTATE L.L.C	اتش & ايس للوساطة العقارية ش.ذ.م.م		43454888	m.haqsons@yahoo.com
12454	A I M REAL ESTATE BROKERS L.L.C	ايه اي ام للوساطه العقارية ش.ذ.م.م		97143695383	misrar@aimproperties.ae
15370	MERIDIAN PROPERTIES	مريديان للعقارات	www.meridianproperties.ae	971-4-2765579	info@meridianproperties.ae
30885	SEVEN STONES REAL ESTATE BUYING & SELLING BROKERAGE L.L.C	سفن ستونز للوساطة في بيع العقارات وشرائها ش.ذ.م.م			info@sevenstonesdxb.com
2450	SMART WAY REAL ESTATE BROKERS	سمارت واي للوساطة العقارية		4228512	customercare@swredubai.com
33947	JTC PROPERTIES L.L.C	جيه تي سي للعقارات ش.ذ.م.م			jonathan@caunceproperties.com
12065	MCCONE PROPERTIES	ماكوني للعقارات	www.mcconeproperties.com	43806629	whindy@mcconeproperties.com
27836	SAM HOMES PROPERTIES	سام هومز للعقارات			admin@samhomesproperties.com
29311	A N B REALTY REAL ESTATE	ايه ان بي ريالتي للعقارات		971-04-4580814	ayaz.shaikh889@gmail.com
28598	DAB REAL ESTATE	داب للعقارات			Sandra@dabreal.com
28955	RICH AND FORCE REAL ESTATE L.L.C	ريش ايند فورس للعقارات ذ.م.م			zying10681@gmail.com
31083	PARUS REAL ESTATE L.L.C	باروس للعقارات ش.ذ.م.م	https://nfgroup.ae/en/nf_group		manager@parus.ae
34580	SILVERSTONE LUXURY REALTY L.L.C	سيلفرستون لكشوري للعقارات ذ.م.م			info@silverstonelr.com
35517	HILLS AND BAY REAL ESTATE L L C	هيلز اند باي للعقارات ذ م م			faizan@hillsandbay.ae
29213	VHOMES REAL ESTATE BROKERS L.L.C	فيهومز للوساطة العقارية ذ.م.م		41212111	baharak.rafatian@gmail.com
30615	BLACKBERRY REAL ESTATE L.L.C	بلاك بيري للعقارات ش.ذ.م.م			denis.m@blackberry-re.com
31830	GOLD PILLARS STAR PROPERTIES L.L.C	جولد بيلرز ستار للعقارات ش.ذ.م.م		971-4-2483400	samer@goldpillars.ae
26787	LEED WELLS REAL ESTATE L.L.C	ليد ويلز للعقارات ش.ذ.م.م			sirajalsana@gmail.com
32107	COVERDALE REAL ESTATE BUYING & SELLING BROKERAGE L.L.C	كوفرديل لوساطة في بيع العقارات وشرائها ذ.م.م			cregroup@coverdaledxb.com
29595	ROXI PROPERTIES	روكسي للعقارات			mostafa4realestate@gmail.com
32853	DRAGON STAY REAL ESTATE L.L.C	دراجون ستاي للعقارات ش.ذ.م.م			omglydia@hotmail.com
12357	HAUS & HAUS REAL ESTATE BROKER	هاوس & هاوس للوساطة العقارية		971-4-3025800	luke@hausandhaus.com
38903	A G H PROPERTIES L.L.C	ايه جي اتش للعقارات ش.ذ.م.م		600524477	hamzeh@aghproperties.com
26000	F A M REAL ESTATE BROKER L.L.C (BRANCH)	اف ايه ام للوساطة العقارية ش.ذ.م.م (فرع)		971-4-3691700	tarek@famproperties.com
28394	A R K REAL ESTATE BROKER L.L.C	ايه ار كيه للوساطة العقارية ش.ذ.م.م			asif@arkrealestatedubai.com
32553	ROVA REAL ESTATE L.L.C	روفا للعقارات ش.ذ.م.م			tat.egorova@me.com
12461	YOUR HOMES REAL ESTATE L.L.C	يور هومس العقارية	503002225	44541313	muhammadyourhomes@gmail.com
26381	OCTA PROPERTIES L.L.C	اوكتا للعقارات ش.ذ.م.م			pro@octaproperties.com
33387	CARPE DIEM REAL ESTATE L.L.C	كارب ديم للعقارات ذ.م.م			Ibrahim.salama.leb@gmail.com
35520	CASA ROUGE REAL ESTATE L.L.C	كاسا روج للعقارات ش.ذ.م.م		971-4-5130243	sanazuae@gmail.com
31768	PROPBAY UNIVERSAL REAL ESTATE BROKERAGE	بروباي يونفيرسل للوساطة العقارية		971|507823283	info@propbayuniversal.ae
35968	F N K ESTATES L.L.C	اف ان كيه للعقارات ش.ذ.م.م			info@fnkestates.com
27978	RICH PROPERTY REAL ESTATE BROKERAGES	ريتش بروبيرتي للوساطة العقارية	www.richpropertyae.ae		tanzila@richproperty.ae
24901	EZYTRAC REAL ESTATE BROKER L.L.C	ايزيتراك للوساطة العقارية ش.ذ.م.م		971-04-8786027	muzammil.arif@yahoo.com
34280	I H PREMIUM PROPERTIES L.L.C	اي اتش بريميوم للعقارات ش.ذ.م.م			realestate@ihrpm.com
35241	ORIENTAL HORIZON PROPERTIES L.L.C	اورينتال هوريزن بروبرتيز ذ.م.م		45689036	xy7078@gmail.com
30052	THATCH & CLANS REALTY	تاتش اند كلانس للعقارات			yashbohra12@gmail.com
34708	HERITAGE LUXURY REAL ESTATE L.L.C	هيريتج لكشري للعقارات ش.ذ.م.م			Abdulkader.eljizi@gmail.com
28857	PARAGON PROPERTIES	باراجون للعقارات		971-04-8189045	dean@paragonproperties.ae
28628	ORE REAL ESTATE	اوري للعقارات			Amehelba@gmail.com
12581	BLOCKS REAL ESTATE BROKERS L.L.C	بلوكس للوساطة العقارية ش.ذ.م.م	www.blocksdxb.com	971-4-3469333	
27185	FIFTH AVENUE INTERNATIONAL REAL ESTATE BROKERS L.L.C	فيفث افينيو انترناشيونال للوساطة العقارية ش.ذ.م.م			info@5thavenueproperties.ae
36215	WHITE BRICKS REAL ESTATE L.L.C	وايت بريكس للعقارات ش.ذ.م.م			info@whitebricksme.com
23609	MADA PROPERTIES L.L.C	مدى العقارية ش.ذ.م.م			admin-dxb@madaproperties.com
38200	SKYLINE LUXURY REAL ESTATE L.L.C	سكايلاين لكشري للعقارات ش.ذ.م.م			Leowu989@gmail.com
35597	ALMASAHA REAL ESTATE L.L.C	المساحة للعقارات ش.ذ.م.م			Almary79@yahoo.com
12182	JENAN REAL ESTAE ONE PERSON COMPANY L.L.C	جنان للعقارات شركة الشخص الواحد ش.ذ.م.م		45674939	jenanrealestate@hotmail.com
37654	SOLGAR REAL ESTATE L.L.C	سولقار للعقارات ش.ذ.م.م			dxb.leila@gmail.com
35886	S J R REAL ESTATE BROKERAGE L.L.C	اس جي ار للوساطة العقارية ذ.م.م			PROLUXEINCORPORATIONS@OUTLLOK.COM
31802	LINE SELLING SUNSET PROPERTIES L.L.C	لاين سيلينغ سنسيت للعقارات ش.ذ.م.م			Hadjirabousbaa1990@gmail.com
36721	REAPLUXE REAL ESTATE L.L.C	ريبلوكس للعقارات ش.ذ.م.م			SALES@REAPLUXE.COM
28898	LUXSQUARE REAL ESTATE	لوكس سكوير للعقارات			info@luxsquareproperties.com
24208	FREE HOLD PROPERTIES L.L.C	فري هولد للعقارات ش.ذ.م.م		971-4-4228598	INFO@FREEHOLDPROPERTY.AE
27959	CREDENCE REALTOR REAL ESTATE BROKERAGE	كريسدينس ريلتور للوساطة العقارية	www.credencerealtor.com		KABIR.NAK@GMAIL.COM
12623	MAFTAH ALSHARQ PROPERTIES L.L.C	مفتاح الشرق للعقارات ذ.م.م		971-4-8760001	alktbi@msn.com
35524	NEWSTEAD LUXURY REAL ESTATE BROKERAGE L.L.C	نيوستيد لكجري للوساطة العقارية ش.ذ.م.م			adam@newsteadluxury.com
34628	ROYAL POWER EAGLES REAL ESTATE L.L.C	رويال باور ايجلز للعقارات ش.ذ.م.م			voja.dubai@gmail.com
28019	DEVOTION REAL ESTATE L.L.C	ديفوشن للعقارات ش.ذ.م.م			info@dibnbusiness.com
25221	JADE AND C O REAL ESTATE L.L.C	جاد أند سي او للعقارات ش.ذ.م.م			
12559	LUXE MAISON REAL ESTATE L.L.C	لوكس ميزون للوساطة العقارية ش.ذ.م.م		43159848	info@infinityluxere.com
32143	RICCARDO SCALA REAL ESTATE L.L.C	ريكاردو سكالا للعقارات ش.ذ.م.م		585870845	contact@ricardoscalaestates.com
26095	KEVLAR INTERNATIONAL PROPERTIES L.L.C	كيفلر انترناشيونال للعقارات ش.ذ.م.م			aufgharib@gmail.com
31585	WIZARDS REAL ESTATE L.L.C	ويزاردز للعقارات ش.ذ.م.م	wizardsinvest.com	502904969	i@vlada-villas.ru
32771	LUXUS INTERNATIONAL REAL ESTATE L.L.C	لوكزوس انترناشيونال للعقارات ش.ذ.م.م			support@luxus.ae
24853	ELYSEE VENDOME REAL ESTATE L.L.C	ايلايس فيندوم للعقارات ش.ذ.م.م			g.giroux@dubai-immo.com
12000	FALCON HOMES PROPERTIES	فالكون هومز للعقارات	http://namaradxb.com	97148811199	zsafroze@yahoo.com
24569	S Y CAPITAL ESTATES L.L.C	اس واي كابيتال للعقارات ش.ذ.م.م		45799888	info@sycapital.ae
35341	MON MAISON INTERNATIONAL REAL ESTATE	مون ميسون انترناشيونال للعقارات			tinaguerrero93@outlook.com
25275	BON HOMME PROPERTIES L.L.C	بون هومي للعقارات ش.ذ.م.م		43920086	CEO@bonhommeproperties.com
11775	SMART REALTORS REAL ESTATE BROKER	سمارت ريال تورس للوساطة العقارية	www.smartrealtors.ae	971-4-4522215	info@smartrealtors.ae
36623	MARIELT REAL ESTATE L.L.C	ماريلت للعقارات ش.ذ.م.م			office@marieltrealestate.com
27611	SPHIRIA REAL ESTATE L.L.C	سبيريا للعقارات ش.ذ.م.م			office@sphiria.net
32040	LENOLA REAL ESTATE BROKERAGE L.L.C	لنولا للوساطة العقارية ذ.م.م		552060707	Leiligerami@geramies.com
29977	DAR AL EZZ REAL ESTATE BROKERS	دار العز للوساطة العقارية			motaz986@gmail.com
31569	AVCOR REAL ESTATE BROKER L.L.C	افكور للوساطة العقارية ش.ذ.م.م			maxtrade16@gmail.com
31671	VICI REAL ESTATE L.L.C	فيسي للعقارات ش.ذ.م.م			admin@vici.ae
11899	METROPOLITAN PREMIUM PROPERTIES	متروبوليتان بريميوم بروبرتيز		971|582114214	pm@metropolitan.realestate
27926	EDIFICE REAL ESTATE BROKERAGE	اديفايس للوساطة العقارية			edward@edificebrokerage.com
34853	TOP HOUSE REAL ESTATE L.L.C	توب هاوس للعقارات ذ.م.م			tophouse.du@gmail.com
23166	DYNASTY REAL ESTATE BROKER L.L.C	دينستي للوساطة العقارية ش.ذ.م.م		45846450	naveen@dynastyrealestate.ae
30095	IMOBILIARE REAL ESTATE	ايموبيلير للعقارات		45413900	office@imobiliaredubai.ae
30869	JSQUARE REAL ESTATE BROKERAGE L.L.C	جيسكوير للوساطة العقارية ذ.م.م			jimmy@jsquare.ae
36749	GRAND CHOICE REAL ESTATE	جراند تشويس للعقارات			priyachawla50@yahoo.com
27636	AVIVA REAL ESTATE	آفيفا للعقارات			MARHABAN.GLOBAL@GMAIL.COM
30652	MENTORS REAL ESTATE	مينتورز للعقارات			mohamed.radwan.salem@gmail.com
33077	FRESH PROPERTIES L.L.C	فريش للعقارات ش.ذ.م.م		971|43588412	MICHAEL@BIEVETSKI.DE
33379	N S T REAL ESTATE L.L.C	إن اس تي للعقارات ش.ذ.م.م	www.nst-dubai.com		nina@nst-dubai.com
34344	WELFARE REAL ESTATE L.L.C	ويلفير للعقارات ش.ذ.م.م			accounts@inchub.ae
1756	JUMANA REAL ESTATE BROKER	جمانه للوساطة العقارية	www.jumanarealestate.com	971-4-3794669	Sleemy@hotmail.com
157	HOMES 4 U REAL ESTATE BROKER	هومز 4 يو للوساطة العقارية		971-4-4296028	hussainhamid85@hotmail.com
296	AL ASALA REALESTATE BROKER	الاصالة للوساطة العقارية		971-4-5246322	al.asaalah@gmail.com
1468	HAWK LAND PROPERTIES	هوك لاند للعقارات	www.hawkland.ae	971-4-3607944	malibrothers@hotmail.com
557	CASPIAN PROPERTIES BROKERS ( L LC )	كاسبين للوساطة العقارية(ش ذ م م)	caspian-properties.com	971-4-4343753	reza@caspian-properties.com
874	SANA REAL ESTATE BROKER L.L.C	صنا للوساطة العقارية ش.ذ.م.م	www.sanarel.ae	971-4-3307557	sana@sanareal.com
1295	TOP NOTCH REAL ESTATE BROKER	الطراز الاول للوساطة العقارية		971-4-3132400	karim@topnotchdubai.com
495	4 EVER PROPERTY BROKER	فور ايفر للوساطه العقارية		971|502828948	info@4everpropeties.com
1106	SILVER HEIGHTS REAL ESTATE BROKERS L.L.C	المرتفعات الفضيه للوساطه العقارية ش.ذ.م.م		97144200899	code1a@yahoo.com
2119	EAST OASIS REAL ESTATE	واحة الشرق للعقارات	www.eastoasisrealestate.ae	971507495882	noushad@eastoasis.ae
1851	SAVORY AND PARTNERS REAL ESTATE BROKERS L.L.C	سافوري اند بارتنرز للوساطة العقارية ش.ذ.م.م			helena.mendozac@hotmail.com
66	AL MALLAH REAL ESTATE CENTRE AMREC	مركز الملاح العقاري امريك		971-4-3393383	amrecgro@emirates.ae
12926	MORKA REAL ESTATE L.L.C	موركا للعقارات ش.ذ.م.م	www.morkarealestate.com	971-04-4324415	urooj@kmfgroup.ae
1277	DUBAI EURO REAL ESTATE BROKER L.L.C	دبي يورو للوساطة العقارية (ش. ذ. م. م)		971-4-2270100	nawel@dubaieuro.com
1112	BUNIAH REAL ESTATE BROKER (L.L.C)	بونيه للوساطة العقارية (ش ذ م م )		971-4-4542383	kamal@buniah.com
884	RELIANCE REAL ESTATE L.L.C	عقارات الثقة ش.ذ.م.م	www.mobhholding.com	971-4-2821191	ghaleb.jafar@mobhgroup.com
787	MKO REAL ESTATE (L.L.C)	ام كيه او للعقارات (ش.ذ.م.م)	www.mkore.com	971-4-2821414	sultan@alzarooni.com
1032	C B R E DUBAI L.L.C	سي بي أر اي دبي ش.ذ.م.م	www.cbre.ae	971|44377200	lindsay.mcquillan@cbre.com
2379	FAIRWORTH REAL ESTATE BROKER	فير وورث للوساطه العقارية	WWW.FAIRWORTHREALESTATE.COM	97144474280	fairworthre@gmail.com
11576	ETMAM REAL ESTATE BROKER (L.L.C)	اتمام للوساطة العقارية (ش.ذ.م.م)		971-4-3469666	m.alfalasi@etmam.ae
450	LANDMARK PROPERTIES L.L.C	لاندمارك العقارية ش.ذ.م.م	www.landmark.ae	971-4-2405050	zaher@landmark.ae
1903	SEABOARD PROPERTIES L.L.C	سيبورد للعقارات ش.ذ.م.م		43259233	jean@selectiverealestate.ae
1209	NASSCO REAL ESTATE GROUP L.L.C	مجموعة ناسكو العقارية ذ.م.م		971-4-3987997	estate@nassco.ae
1787	ESSENCE OF ARABIA REALESTATE BROKER (L.L.C)	إسانس اوف اريبيا للوساطة العقارية (ش.ذ.م.م)	www.eoadubai.ae	971-4-4058000	Tarek.said@mirkgroup.ae
762	AL WALEED REAL ESTATE L L C	الوليد للعقارات ش ذ م م		971|43341234	torky@alwaleedrealestate.ae
1898	MODELUX PROPERTIES BROKER L.L.C	مودلوكس للوساطة العقارية ش.ذ.م.م	SAMEER ADAM	971-4-3298298	sameer@modeluxproperties.com
30883	PRIME HOME PROPERTIES REAL ESTATE BROKER L.L.C	بريم هوم للعقارات ش.ذ.م.م		97144264720	KHATTAK70@GMAIL.COM
28459	DIRHAM FOR REAL ESTATE BROKERAGE L.L.C	درهم للوساطة العقارية ش.ذ.م.م			dirhams.ae@gmail.com
12264	WHITE STAR REAL ESTATE BROKER	وايت ستار للوساطة العقارية		971-04-4210236	abdullahsohail@gmail.com
16404	AL MAFNOD REAL ESTATE	المفنود للعقارات		971|502888100	ALMAFNOD@EIM.AE
12163	CREST STAR REAL ESTATE	كريست ستار للعقارات		971-4-2801611	creststar.re@gmail.com
16775	5 STARS REAL ESTATE L.L.C	5 ستارز للوساطة العقاريه ش.ذ.م.م			
15441	ALHARAM ALZAHABI REAL ESTATE L.L.C	الهرم الذهبي للعقارات ذ.م.م		971-4-2766562	accounts@alharamalzahabi.com
22911	Sapphire Real Estate Brokers (DMCC Branch)	(سفاير للوساطة العقارية (فرع م.د.م.س	www.sapphiredubai.com	44471778	imran@sapphiredubai.com
25373	HOUSE FINDER REAL ESTATE L.L.C	هاوس فايندر للعقارات ش.ذ.م.م		971-04-2432460	arshaddarbar@gmail.com
23424	PROWIN PROPERTIES L.L.C	بروين للعقارات ش.ذ.م.م	https://www.prowinproperties.com/	558559751	prowin.properties@gmail.com
1828	SAMIMI REAL ESTATE BROKERS L.L.C	صميمي للوساطة العقارية ش.ذ.م.م	kamal Samimi	97142559945	info@samimirealestate.com
22262	AYANA PROPERTIES CO. L.L.C	شركة ايانا للعقارات ذ.م.م			dubai@ayanaproperties.com
21569	S T M REAL ESTATE L.L.C	اس تي ام للعقارات ش.ذ.م.م	www.stm-realestate.com		mohanad_seedo@yahoo.com
19408	NOBLE EMPIRE REAL ESTATE BROKERS OWNED FATHI AKRAM ONE PERSON COMPANY L.L.C	نوبل امباير للوساطة العقارية لمالكها فتحي اكرم شركة الشخص الواحد ش.ذ.م.م		971-04-3980809	fathi.skaik@gmail.com
1133	ABDULLAH BIN DARWISH REAL ESTATE	عبدالله بن درويش للعقارات		971-4-3555334	ramesh1800k@gmail.com
22382	P S I REAL ESTATE L.L.C	بي اس اي للعقارات ش.ذ.م.م		971-4-3230200	amer@psinv.net
16389	SALWA REAL ESTATE BROKER	سلوى للعقارات			ovais@salwaproperties.com
19898	TREO REAL ESTATE BROKER L.l.c	ترايو للوساطة العقارية ش.ذ.م.م		44364055	info@treo-homes.com
16805	GOLD MARK REAL ESTATE BROKER L.L.C	جولد مارك للوساطة العقارية ش.ذ.م.م	www.goldmark.ae	971404 558 4803	info@goldmark.ae
16592	HASSAN ALSHAMSI REAL ESTATE BROKERS L.L.C	حسن الشامسي للوساطة العقارية ذ.م.م		971-4-2626685	info@alshamsirealty.ae
67	SOKOOK REAL ESTATE	صكوك العقارية		971-4-2853335	sokook@sokookuae.ae
20807	LAND HOUSE REAL ESTATE BROKERS	لاند هاوس للوساطة العقارية	www.landhouse.ae		info@landhouse.ae
1104	TWENTY FIRST CENTURY PROPERTIES L.L.C	القرن الواحد و العشرون العقارية ذ.م.م	www.21centurydubai.com	971-4-4541082	info@21centurydubai.com
15689	PEACE HOMES REAL ESTATE L.L.C	بيس هومز للعقارات ش.ذ.م.م		45539027	andrea@peachomes.ae
16933	DRIVEN PROPERTIES L.L.C (BRANCH)	درفن للعقارات ش.ذ.م.م (فرع)		971-4-4297040	a.ajaji@drivenproperties.ae
17410	TANAMI PROPERTIES L.L.C	تنامي العقارية ش.ذ.م.م	www.tanamiproperties.ae	971-4-2483400	admin@tanamiproperties.ae
768	R E D S REAL ESTATE BROKER L.L.C	ار اي دي اس للوساطة العقارية ش.ذ.م.م		971-4-4541413	julia@reds.ae
20125	SEVEN LINE REAL ESTATE BROKER	سفن لاين للوساطة العقارية	www.sevenlinerealestate.com	971-04-2769442	mohammed.s@sevenlinerealestate.com
17181	CLASSIC PARAMOUNT REAL ESTATE	كلاسيك باراموانت للعقارات	www.cparamount.com		apoorva101@gmail.com
17250	OMNIS PROPERTIES L.L.C	اومنيس للعقارات ش.ذ.م.م	www.omnisprop.com	0-4-3132551	Info@omnisprop.com
1889	ADORN REAL ESTATE BROKERS L.L.C	المزين للوساطة العقارية ش.ذ.م.م	www.adornrealestate.com	971-4-4529170	Praveen@adornrealestate.com
16812	ALHAYAT PROPERTY L.L.C	الحياة للعقارات ش.ذ.م.م			bassem@alhayatproperty.com
214	HOMES CARE REAL ESTATE BROKERS (L.L.C)	عناية المنزل للوساطة العقارية (ش.ذ.م.م)	www.homescare.ae	971-4-3554456	miqbaldubai@yahoo.com
17114	AL MASHREQ PROPERTIES L.L.C	المشرق للعقارات ش.ذ.م.م	www.almashreq.co.ae	971-04-5506337	danny@almashreq.co.ae
209	JAGUAR REAL ESTATE BROKER L.L.C	جاكور للوساطة العقارية ذ.م.م		971-4-3990776	info@jaguarre.ae
2603	PRIDE REAL ESTATE L.L.C	برايد للعقارات ذ.م.م	www.pride-realestate.com	551459955	hejazi.rami@gmail.com
16455	MAVERICK REAL ESTATE BROKERS L.L.C	ماافيريك للوساطة العقارية ش.ذ.م.م		971-4-5542559	info@maverickrealty.ae
2045	KENSINGTON FINEST PROPERTIES L.L.C	كينسيجتون فينيست للعقارات ش.ذ.م.م	ali195824@yahoo.com	971-04-4243774	mdrifai@eim.ae
21997	EMTELAK PROPERTIES L.L.C	امتلاك العقارية ذ.م.م		45871122	zeyadabbas@hotmail.com
20090	HIGH GATE HOMES REAL ESTATE BROKER L.L.C	هاي جيت هومس للوساطة العقارية ش.ذ.م.م		43619483	fbmalick@gmail.com
20085	WISE CHOICE REAL ESTATE BUYING & SELLING BROKERAGE	وايز شويس للوساطة في بيع العقارات و شرائها			alina@wisechoicere.me
16693	OCHO REAL ESTATE L.L.C	أوتشو للعقارات ش.ذ.م.م	www.ochorealestate.ae	971-04-5515076	fahadbelhoul@gmail.com
12718	KEY MAX REAL ESTATE BROKERS L.L.C	كي ماكس للوساطة العقارية ذ.م.م	https://keymaxrealestate.com/	97146052400	info@keymaxrealestate.com
23701	BAWADIKJI REAL ESTATE L.L.C	بوادقجي للعقارات ذ.م.م		43609992	info@bawadikji.com
401	REMINGTON PROPERTIES BROKERS L.L.C	رمينجتون للوساطة العقارية ذ.م.م	www.remington.ae	971-4-2276611	anahita@remington.ae
12452	PROPERTY AVENUE REAL ESTATE BROKERAGE L.L.C	بروبرتي آفنيو للوساطة العقارية ش.ذ.م.م		971-4-5549825	imadakhdar@hotmail.com
2095	FAIR DEAL REAL ESTATE BROKERS L.L.C	فاير ديل للوساطة العقارية ش.ذ.م.م	www.fairdealdxb.com	971-4-5896951	amjad@fairdealdxb.com
20864	Housess Global Real Estate	هاوسز جلوبال للعقارات		971|45693020	info@housess.ae
1334	PROPER PROPERTY	المناسب للعقارات	www.properproperty.ae	97144226209	mannan@properproperty.ae
1896	MAHENTI REAL ESTATE BROKER L.L.C	مهنتى للوساطة العقارية ش.ذ.م.م	https://mahentirealestate.com/	97144475461	admin@mahentiestatedubai.com
951	RICHLAND REAL ESTATE BROKERS	ريشلاند للوساطة العقارية		971-4-3218777	reza@richlanddubai.com
802	VALORAN REAL ESTATE BROKERS	فالوران للوساطه العقارية	WWW.VALORAN.AE	971-4-4576600	INFO@VALORAN.AE
57	BLUE WATER REAL ESTATE BROKER L.L.C	الماء الازرق للوساطة العقارية ش.ذ.م.م		971-4-4514747	shyni@bluewaterdubai.com
19834	MEGA HOMES REAL ESTATE BROKERS (LLC) (BRANCH)	ميجا هومز للوساطة العقارية (ش.ذ.م.م) (فرع)	www.coldwellbanker.ae		a.youssef@coldwellbanker.ae
21717	VALOR REAL ESTATE	فالور للعقارات		45674914	sally@valorealestate.com
20921	Allsopp & Allsopp Real Estate Broker (Branch)	الصوص والسبوط للوساطة العقارية (فرع)		44294444	andrea@allsoppandallsopp.com
20102	DREAM DESIGN REAL ESTATE BROKER	دريم دزاين للوساطة العقارية	www.ddreb.com	971-4-5727684	info@ddreb.com
19638	THINKREALTY REAL ESTATE BROKERS L.L.C	ثينك ريالتي للوساطة العقارية ش.ذ.م.م			hassan@thinkrealty.ae
22069	18 BRICKS REAL ESTATE BROKERS L.L.C	18 بريكس للوساطة العقارية ش.ذ.م.م		45140422	info@18bricksre.com
22040	PROPERTIES EXCHANGE REAL ESTATE L.L.C	بربرتس اكسشينج للعقارات ش.ذ.م.م			ikram0379@gmail.com
16750	AL SHINDAGHA REAL ESTATE BROKER	الشندغة للوساطة العقارية			dubai35377@gmail.com
1608	ALI AL SHAWAB REAL ESTATE	علي الشواب للعقارات		971-4-2956645	syed@alialshawab.com
16748	INVEST REAL ESTATE L.L.C	إينفيست للعقارات ذ.م.م		971-4-5844921	muneer.akhtar85@gmail.com
17477	REAL HOMES	ريل هومس	www.realhomesre.com	97145831920	sales@realhomesre.com
17381	SRG PROPERTIES L.L.C	اس آر جي للعقارات ش.ذ.م.م		97143506666	sabri.b@srg.ae
17286	PATRIOT REAL ESTATE OWNED BY HUMAID KHALIFA ALKALBAWI ONE PERSON COMPANY L.L.C	باتريوت للعقارات لمالكها حميد خليفة الكلباوي شركة الشخص الواحد ش.ذ.م.م		43682287	misbah@patriot.ae
17067	LUXIERO REAL ESTATE BROKERS	لوكسيرو للوساطة العقارية	www.luxiero.com	971-4-4429253	majed@luxiero.com
21635	D A X REAL ESTATE ONE PERSON COMPANY L.L.C	دي ايه اكس للعقارات شركة الشخص الواحد ش.ذ.م.م			admin@axcapital.ae
2532	GRACE HOMES REAL ESTATE BROKER	جريس هومز للوساطة العقارية	www.gracehomesuae.com	44356390	info@gracehomesuae.com
16386	EXPERT PROPERTIES L.L.C	اكسبيرت للعقارات ش.ذ.م.م		97144563383	naseer@expertproperties.com
275	PANORAMA REAL ESTATE (L. L. C)	بانوراما العقارية (ش. ذ. م. م)	www.pan-real.com	971-4-2659944	panora@emirates.net.ae
16939	LUXLIVING REAL ESTATE L.L.C	لوكس ليفينج للعقارات ش.ذ.م.م			info@luxliving.ae
16963	ROCKY REAL ESTATE BROKERAGE L.L.C	روكي للعقارات للوساطة العقارية ش.ذ.م.م		971|549965690	rajesh.p@rockyrealestate.com
212	ROCKY REAL ESTATE L.L.C	روكي للعقارات ذ.م.م	KIRAN KUMAR ASHOK KUMAR UTTAMCHANDANI	971-4-3532000	kiran@rockyrealestate.com
28664	DREAM TEAM PROPERTIES L.L.C	دريم تيم للعقارات ش.ذ.م.م			john@drm.ae
34322	HOUSE AND HEDGES REAL ESTATE	هاوس اند هيدجيس للوساطه العقاريه			Wasim.rmc@gmail.com
11654	YAPIDU REAL ESTATE L.L.C	يابيدو للوساطة العقارية ش.ذ.م.م	https://www.yapidu.com	45896778	maysa@yapidu.com
28590	POWERHOUSE REAL ESTATE BROKERS	باورهوس للوسطاء العقاريين		44087000	vahid_1513@yahoo.com
15267	ENGAGE PROPERTIES	انجيج للعقارات	https://engageproperties.ae/	97144470096	hello@engageproperties.ae
33589	HOUSTON PROPERTIES L.L.C	هيوستن بروبيرتيز ش.ذ.م.م			Info@houstondubaiproperties.com
32566	NEBRAS ALMADINA REAL ESTATE L.L.C	نبراس المدينة للعقارات ش.ذ.م.م			abbay1980.ac@gmail.com
25697	MARILAN REAL ESTATE L.L.C	ماريلان للعقارات ش.ذ.م.م			khalid@spauditing.ae
29969	MAYAK REAL ESTATE L.L.C	ماياك للوساطة العقارية ش.ذ.م.م			info@mayak.ae
30564	DE LYON REAL ESTATE	دي ليون للعقارات		971|509249955	ali@delyon.org
26502	MARC WILLIAMS INTERNATIONAL REAL ESTATE L.L.C	مارك ويليامس انترناشيونال للعقارات ش.ذ.م.م			FAIYAZ@DECISIVEZONE.AE
29684	LXC REAL ESTATE L.L.C	ال اكس سي للعقارات ش.ذ.م.م			B.ELKHOURY@EAGLAJK.COM
31846	AL RANIM PROPERTIES	الرنيم للعقارات		971-04-5875382	innovation9367@gmail.com
33960	CASA VERSE REAL ESTATE L.L.C	كاسا فيرس للعقارات ش.ذ.م.م			h.ihabfouad@gmail.com
12336	AL BARAKAT PROPERTIES L.L.C	البركات للعقارات ش.ذ.م.م	www.barakatproperties.com	-971556440370	ms9000@hotmail.com
29050	BLOOM FIELD REAL ESTATE L.L.C	بلوم فيلد للعقارات ش.ذ.م.م		971-4-5686927	rounak.gul@gmail.com
29081	ALARFEEN REAL ESTATE L.L.C	العارفين للعقارات ش.ذ.م.م			kdk1983@outlook.com
29216	AL MAKAN AL HAQIQI AL THANI REAL ESTATE	المكان الحقيقي الثاني للعقارات			jhd76@live.fr
32840	FUTURE ROYAL REAL ESTATE	فيوتشر رويال للعقارات			royalreal888@gmail.com
29593	HADIQA ZAHEER REAL ESTATE BROKERS	حديقه زهير للوساطة العقارية			khan.almanarat@gmail.com
25831	E L I T E PROPERTY BROKERAGE L.L.C	إي ال آي تي إي للوساطة العقارية ش.ذ.م.م			DDCDXB@GMAIL.COM
27241	V A U REAL ESTATE BROKERS L.L.C	في ايه يو للوساطة العقارية ش.ذ.م.م			rajat@vaurealestate.ae
2623	ARDIN REALTY BROKERS	اردين للوساطة العقارية		971-4-3574142	info@nexhomes.com
32578	AHMED HESHAM REAL ESTATE	احمد هشام للعقارات			Ahmadelsaraf@gmail.com
27083	BENCHMARK PROPERTIES L.L.C	بينتس مارك بروبرتيس ذ.م.م	www.benchmarkproperties.ae	971-04-5704777	jeson@benchmarkproperties.ae
30167	VARNI PROPERTIES	فارني للعقارات	https://www.varni.ae/	4331111	info@varni.ae
13248	MODERN STANDARDS REAL ESTATE L.L.C	مودرن ستاندرز للوساطه العقاريه ش.ذ.م.م	www.msrealestate.ae	971-4-3388324	majidkhan_84@hotmail.com
32551	FIMCO REAL ESTATE L.L.C	فيمكو للعقارات ش.ذ.م.م			Rajkhaleel@gmail.com
31041	HABSTONE HOMES REAL ESTATE BROKERAGE L.L.C	هبستون هومز للوساطة العقارية ش.ذ.م.م			savneet12@outlook.com
34548	S R M REAL ESTATE BUYING & SELLING BROKERAGE L.L.C	اس ار ام للوساطة في بيع العقارات وشرائها ذ.م.م			reeyaz@moosagroupjlt.com
17462	ESTA INTERNATIONAL REAL ESTATE BROKER	استا انترناشيونال للوساطة العقارية		971-4-2222207	hema.1520@gmail.com
28910	VIRTUAL HOMES REAL ESTATE BROKERS	فرتشوال هومز للعقارات			azharyousaf970@gmail.com
30741	LATITUDE REAL ESTATE	لاتيتيود للعقارات			info@latitudeagency.ae
27745	A K W REAL ESTATE BUYING & SELLING BROKERAGE L.L.C	ايه كيه دبليو للوساطة في بيع العقارات وشرائها ش.ذ.م.م		971-4-4244841	warsi.ihr@gmail.com
31427	INDIGO HOME REAL ESTATE L.L.C	انديجو هوم للعقارات ش.ذ.م.م	https://indigorealestatedubai.com/		info@indigorealestatedubai.com
15318	SHELTERS REAL ESTATE BROKER L.L.C	شيلترز للوساطة العقارية ش.ذ.م.م			zulfiqar787@gmail.com
33396	DCREEK PROPERTIES	دكريك للعقارات			idrees@dcreekproperties.com
28933	IFRAH PROPERTIES L.L.C	افراح للعقارات ش.ذ.م.م	www.ifrahproperties.ae		naveediqbaluk@gmail.com
12655	GAP REAL ESTATE	جاب للعقارات		971-4-3555922	info.gaprealty@gmail.com
32177	BITS REAL ESTATE BROKERS L.L.C	بيتس للوساطة العقارية ش.ذ.م.م			ijaztt9@gmail.com
17469	VILLOX PROPERTIES L.L.C	فيلوكس للعقارات ش.ذ.م.م			alihemmatian@gmail.com
24858	AZCO REAL ESTATE BROKERS (L.L.C) (BRANCH)	أزكو للوساطة العقارية (ش.ذ.م.م) (فرع)	https://www.azcorealestate.ae	971-4-5539144	info@azcorealestate.ae
27825	CHASE HOMES REALTY	تشيس هومز للعقارات			chasehomesre@gmail.com
11895	ESCOLA REAL ESTATE	اسكولا للوساطة العقارية	www.escolarealestate.com	45530960	priscilla@escolarealestate.com
27845	AL MAAREJ REAL ESTATE	المعارج للوساطة العقارية		42253778	MUBA.PROPERTY@GMAIL.COM
23347	KAINOOR PROPERTIES	كاينور بروبرتيز			rakesh@kainoorproperties.com
25663	WHITE AND WHITE REAL ESTATE L.L.C	وايت اند وايت للعقارات ش.ذ.م.م		971-04-8762333	compliance@whiteandcogroup.com
29496	NICE WAY REAL ESTATE	نايس واي للعقارات			jackylin1882@gmail.com
11940	CAPELLA PROPERTIES L.L.C	كابيلا العقارية ش.ذ.م.م	www.capellaproperties.ae	97143518133	asim@capellaproperties.ae
30063	X O X O REAL ESTATE BROKERAGE L.L.C	اكس او اكس او للوساطة العقارية ش.ذ.م.م			najma@rca.ae
29346	STRADA REAL ESTATE BROKERAGE L.L.C	سترادا للوساطة العقارية ذ.م.م	https://stradauae.com/	97146658001	info@stradauae.com
35299	J N S REAL ESTATE BROKERS L.L.C	جيه ان اس للوساطة العقارية ش.ذ.م.م			Admin@jnsbrokersdxb.com
30104	120018684 FOR WEB-DESIGN CO. L.L.C	المستخدم الخارق لتصميم مواقع الشبكة المعلوماتية ( الانترنت) شركة الشخص الواحد ذ.م.م			7sattarproperties@gmail.com
29763	TWIN PALACE REAL ESTATE	توين بالاس للعقارات			hazzelabadsarmiento@gmail.com
25989	ROSENHEIM REAL ESTATE L.L.C	روزينهم للعقارات ش.ذ.م.م			fahad@rosenheimgroup.com
29601	MARBILL TOWER REAL ESTATE BUYING & SELLING BROKERAGE	ماربل تاور للوساطة في بيع العقارات وشرائها			mhedriss.business@gmail.com
31980	PALLADIUM REALTY REAL ESTATE L.L.C	بلاديوم رياليتي للعقارات ش.ذ.م.م			ama@palladiumrealty.ae
23442	EDITION REAL ESTATE BROKER L.L.C	ايديشن للوساطة العقارية ذ.م.م		45911722	info@edition-re.com
31081	STARLING REAL ESTATE BUYING & SELLING BROKERAGE L.L.C	ستارلينغ للوساطة في بيع العقارات وشرائها ش.ذ.م.م			info@starlingproperties.ae
2628	MULTI HOME REAL ESTATE L.L.C	ملتي هوم للعقارات ش.ذ.م.م		971-04-4366324	multihre@eim.ae
29323	RISE PROPERTIES L.L.C	رايس للعقارات ش.ذ.م.م		45665109	admin@riseproperties.ae
28709	FUTURE GENERATION PROPERTIES L.L.C	فيوتشر جينيريشن للعقارات ش.ذ.م.م			KFAYED@HOTMAIL.COM
32458	G M E AXIA DREAM REAL ESTATE L.L.C	جي ام اي اكسيا دريم للعقارات ش.ذ.م.م			antoniolanari.realestate@gmail.com
12188	IBADAA REAL ESTATE BROKER	ابداع للوساطة العقارية		971-4-3688468	dao@argaam.com
29881	OIA PROPERTIES L.L.C	اويا للعقارات ش.ذ.م.م			riyad.magdy87@gmail.com
12934	JUKAKU REAL ESTATE	جوكاكو للعقارات		971-4-2543643	sarfaraz@jukakurealestate.ae
29343	BUY AND SELL PROPERTIES L.L.C	باي اند سيل بروبيرتز ش.ذ.م.م			buyandsellproperties22@gmail.com
12076	CITY STAR REAL ESTATE BROKER L.L.C	سيتي ستار للوساطة العقارية ش.ذ.م.م		971-4-4323465	md@citystar-dubai.com
31860	BLUE MOUNT REALTY	بلو ماونت العقارية			waqar78t@gmail.com
29507	BEST LOCATION REAL ESTATE BROKERAGE	بيست لوكيشن للوساطة العقارية			Bosaif07@hotmail.com
37772	19 STREET REAL ESTATE L.L.C	19 ستريت للعقارات ذ.م.م			info@lagence-dubai.com
25741	ASTRO PROPERTIES L.L.C	استرو للعقارات ش.ذ.م.م		45637800	info@astroproperties.com
23405	ALLEGIANCE REAL ESTATE L.L.C	اليجانس ريل استيت ش.ذ.م.م	https://www.aredxb.com/	97142412020	info@allegiance.ae
29095	LACON INTERNATIONAL REAL ESTATE L.L.C	لاكون انترناشونال للعقارات ش.ذ.م.م		585883959	garylacon@hotmail.com
29170	RIGHT CLICK REAL ESTATE	رايت كليك للعقارات			adnanbashir227@gmail.com
31361	AMALFI REAL ESTATE	أمالفي العقارية			SAMREENKANWAL1236@GMAIL.COM
28979	TOP LEVEL REAL ESTATE BROKERAGE	توب ليفيل للوساطة العقارية			rcfpriveaccount@yahoo.com
26600	STANDPOINT REAL ESTATE L.L.C	ستاند بوينت للعقارات ش.ذ.م.م			hello@standpointrealestate.ae
25174	STAGE PROPERTIES BROKERS L.L.C	ستايج للوساطة العقارية ش.ذ.م.م		97145866200	info@stageproperties.com
32359	ARMANI IMPERIAL REAL ESTATE L.L.C	ارماني امبريال للعقارات ش.ذ.م.م			jinus_shayan@yahoo.com
27430	FIRST HORIZON REALTY PROPERTIES L.L.C	فيرست هورايزون رياليتي للعقارات ش.ذ.م.م			info@horizonproperty.ae
23262	HUAXIN REAL ESTATE	هواكسين للعقارات	www.hxdubai.com		lyy20121127@gmail.com
26074	AGCO PROPERTIES L.L.C	أجكو بروبرتيز ش.ذ.م.م	agcoproperties.com		admin@agcoproperties.com
23407	M H M PROPERTIES	ام اتش ام للعقارات			mohammed@mhmproperty.com
33139	SKY VIEW REAL ESTATE BROKERS L.L.C (BRANCH)	منظر السماء للوساطة العقارية ذ.م.م (فرع)			info@skyviewdubai.com
31734	R N D REALTY L.L.C	ار اند دي العقارية ش.ذ.م.م		971-04-4081900	nishant.puri@ibroad7.com
30560	OXE GROUP REAL ESTATE BROKERS	عكس جروب للوسطاء العقاريين		507927750	info@garant.ae
12322	7EI8HT6 PROPERTIES L.L.C	7 إي أي 8 اتش تي 6 للعقارات ش.ذ.م.م	www.7ei8ht6properties.com	971-4-4439780	fayyaz@7ei8ht6properties.com
26422	LEVANTE REAL ESTATE BROKER L.L.C	ليفانتي للوساطة العقارية ش.ذ.م.م		971-4-5851737	adnan.bas75@gmail.com
28085	HOME IS HOME REAL ESTATE L.L.C	هوم إز هوم للعقارات ش.ذ.م.م			homeishomm@gmail.com
12673	A U M REAL ESTATE	ايه يو ام للعقارات		971-04-3469998	deepakbatra.dxb@gmail.com
26601	BLUE COLLECTION REAL ESTATE BROKERS L.L.C	بلو كوليكشن للوساطة العقارية ذ.م.م			info@bluecollectionre.com
30623	MARISAN PROPERTIES	ماريسان للعقارات		971|555185552	emrah@marisanproperties.com
28287	B LV D REAL ESTATE BROKERAGE L.L.C	بي ال في دي للوساطة العقاريه ش.ذ.م.م			rania.mrassi@holidayblvd.com
22554	TULIP HOME REAL ESTATE ONE PERSON COMPANY L.L.C	توليب هوم للعقارات شركة الشخص الواحد ش.ذ.م.م			info@tuliphomere.com
27632	SHINE LIFE REAL ESTATE BROKER L.L.C	شاين لايف للوساطة العقارية ذ.م.م		558188780	Astraindxb@gmail.com
26704	PROPIA CASA REAL ESTATE L.L.C	بروبيا كاسا للعقارات ش.ذ.م.م		971-4-8768455	DDCDXB@GMAIL.COM
25800	EVA REAL ESTATE L.L.C	إيفا للعقارات ش.ذ.م.م			Elya87@gmail.com
29508	HOMESRUS REAL ESTATE BROKERS	همسرص للوسطاء العقاريين			mohit@homes-r-us.ae
29974	HNB REAL ESTATE	اتش ان بي للوساطة العقارية			Kamelhamdan@gmail.com
32533	SEAFRONT PROPERTIES L.L.C	سيفورنت للعقارات ش.ذ.م.م			almaz.seidesimbaev@gmail.com
31678	NERSI REAL ESTATE L.L.C	نرسي للعقارات ش.ذ.م.م		43980051	md@nersirealestate.com
25454	TALISMAN PREMIUM PROPERTIES L.L.C	تلسمان بريميم للعقارات ش.ذ.م.م	www.talisman.ae	585451818	info@talisman.ae
32065	S N H PROPERTIES	اس ان اتش للعقارات			irfanalikhan245@yahoo.com
33187	INTELLECT REAL ESTATE	انتليكت للعقارات			Innakyky@mail.ru
30634	D AND R HOMES PROPERTIES	دي اند ار هومز للعقارات			contact@drhomesdubai.com
25972	LUXURY HOMES REAL ESTATE L.L.C	لاكشري هومز للعقارات ش.ذ.م.م			khalid@hamauditing.ae
12272	LA BEACH HOME REAL ESTATE L.L.C	لا بيتش هوم للعقارات ش.ذ.م.م		971-4-3251251	ahmad@landexuae.com
27958	SMART LIVING PROPERTIES	سمارت ليفينج العقارية			c.atzert@ppp-advisors.com
30184	HORIZON INTERNATIONAL REAL ESTATE MANAGEMENT & GENERAL L.L.C DUBAI BRANCH	هورايزون انترناشونال لادارة العقارات والصيانة العامة - شركة الشخص الواحد ذ م م فرع دبى ذ.م. م			mmm.work80@gmail.com
29544	FUNDEX REAL ESTATE	فندكس للعقارات	https://fundexrealestate.com/	971-04-3558622	maitha.j.alshamsi@gmail.com
15224	PULSE REAL ESTATE	بولس للعقارات		971-4-3314202	carine.abinader@pulse-realestate.com
34614	REONE PROPERTIES L.L.C	ريون للعقارات ذ.م.م			management@re1.ae
24238	EVERNEST REAL ESTATE L.L.C	ايفرنيست للعقارات ذ.م.م	www.evernestre.ae	45843555	info@evernestre.ae
33138	M B GLOBAL REAL ESTATE	إم بي جلوبال للعقارات			mbglobalrealestate@gmail.com
25557	TAHANI REAL ESTATE BROKERS L.L.C	تهاني للوساطة العقارية ش.ذ.م.م		97144538357	DLD@tahanirealestate.com
28054	BUCKINGHAM REAL ESTATE	بوكينجهام للوساطة العقارية			realtyarv@gmail.com
30396	LEADER PROPERTIES FOR LEASING PROPERTY BROKERAGE AGENTS	ليدر بربرتس للوساطة في تأجير العقارات			zohaib_sadqian@yahoo.com
28743	PHOREE REAL ESTATE	فوري للعقارات		971-4-5681732	realphoree@gmail.com
23275	LUXFOLIO REAL ESTATE BROKERS L.L.C	لوكسفوليو للوساطة العقارية ش.ذ.م.م			Crm@albusinesshouse.com
31430	BIRUKI REAL ESTATE BROKERAGE L.L.C	بيروكي للوساطة العقارية ذ.م.م			saadkhalid@biruki.com
30683	SERDAR PROPERTIES L.L.C	سردار للعقارات ش.ذ.م.م			anas@serdar.ae
26403	NINE WAY REAL ESTATE L.L.C	ناين واي للعقارات ش.ذ.م.م	www.9way.co		monicagarciaricardo@gmail.com
31054	BEST SKYSCRAPERS REAL ESTATE L.L.C	بيست سكايكيبرس للعقارات ش.ذ.م.م			bestskyscrapers@gmail.com
26151	CANVAS HOMES REAL ESTATE L.L.C	كانفاس هومز للعقارات ش.ذ.م.م		43368333	yogeshverma@hotmail.com
25545	SAPIENT HOMES PROPERTIES L.L.C	سابينت هومز للعقارات ش.ذ.م.م		45709333	info@sapienthomes.ae
25466	ARK VISION INTERNATIONAL REAL ESTATE L.L.C	ارك فيشن انترناشيونال للعقارات ش.ذ.م.م		971-04-7700108	karan.hotchandani@gmail.com
12652	KENZIE REAL ESTATE BROKER	كينزي للوساطة العقارية		971-04-2756420	admin@kenzie.ae
30804	XSITE REAL ESTATE BROKERS L.L.C	اكسيت للوسطاء العقاريين ش.ذ.م.م			info@xsite.ae
26389	CAPITAL SOUTH REAL ESTATE L.L.C	كابيتال ساوث للعقارات ش.ذ.م.م			capitalsouth2@gmail.com
27229	PRESTIGE LUXURY REAL ESTATE	برستيج لاكشري للعقارات		0-4-4468300	prestigeluxury.ae@gmail.com
36361	TIER ONE PROPERTIES L.L.C	تير ون بروبرتيز ذ.م.م			TIERONEDXB@GMAIL.COM
15250	T H E MATRIX LEASING PROPERTY BROKERAGE AGENTS ONE PERSON COMPANY L.L.C	تي اتش اي ماتريكس للوساطة في تأجير العقارات شركة الشخص الواحد ش.ذ.م.م	www.thematrixbrokerage.com	48189001	zenat.khadr@tfgam.com
32079	MERCURY HAMLIN AND ASSOCIATES REAL ESTATE BROKERAGE L.L.C	ميركوري هاملين اند اسوسيتس للوساطة العقارية ش.ذ.م.م			valsan@mercuryhamlin.com
24817	DREAM REALTY REALESTATE BROKERS L.L.C	دريم رياليتي للوساطة العقارية ش.ذ.م.م			sajitha373@gmail.com
26063	GOLDEN YARD REAL ESTATE L.L.C	جولدن يارد للعقارات ش.ذ.م.م		42885631	info@gyreuae.com
35305	DORE REALTY REAL ESTATE L.L.C	دوري ريالتي للعقارات ش.ذ.م.م			zaher.a.zaki@gmail.com
23546	DYNAMIC PROPERTIES L.L.C	دايناميك للعقارات ذ.م.م			accounts@dynamicproperties.ae
11641	GREAT HOMES REAL ESTATE BROKER	جريت هومز للوساطة العقارية	greathomes.ae	971-4-2511428	info@greathomes.ae
34300	BRICKSFIELD REAL ESTATE BROKERAGE L.L.C	بركسفلد للوساطة العقارية ش.ذ.م.م			yawer_patel@hotmail.com
36300	PIONEER HOMES PROPERTIES L.L.C	بيونير هومز للعقارات ش.ذ.م.م			cmc.4142@gmail.com
31388	GRAN BIA REAL ESTATE BROKERS L.L.C	جران بيا للوساطه العقاريه ش.ذ.م.م			info@granbia.com
29073	HOMES 4 ALL REAL ESTATE BROKERS L.L.C	هومس 4 اوول للوساطة العقارية ش.ذ.م.م			aamerzulfiqar@gmail.com
27543	C AND B REAL ESTATE BROKER	سي اند بي للوساطة العقارية	http://candbproject.com/		info@candbproject.com
26006	DESERT HOME REAL ESTATE BROKERS L.L.C	ديزرت هوم للوساطة العقارية ش.ذ.م.م		971-4-5830890	saeed.naseeeb@gmail.com
25847	PULSE LINE INTERNATIONAL REAL ESTATE L.L.C	بلس لاين انترناشيونال للعقارات ش.ذ.م.م			asifhm999@gmail.com
32027	RED DOOR PROPERTIES L.L.C	ريد دور للعقارات ش.ذ.م.م		501100270	f_kadhim@hotmail.com
28208	UMED PROPERTIES	اوميد للعقارات			khurshed8808@mail.ru
24115	VISIONARY REAL ESTATE L.L.C	فيجنري للعقارات ش.ذ.م.م		43239293	admin@vision-ary.com
20525	MAC WORLD REAL ESTATE BROKERS	ماك ورلد للوساطة العقارية	www.macworldproperty.com		humayun@macworldgroup.com
31591	PRIMEDALE REAL ESTATE L.L.C	برايمديل للعقارات ش.ذ.م.م			mahima.tejnani92@gmail.com
15226	BASHAYER REAL ESTATE BROKERAGE L.L.C	مؤسسة بشائر للوساطه العقاريةش.ذ.م.م		43999927	AHMEDKAMAL.BASHAYER@GMAIL.COM
31673	ASSETS & GAINS REAL ESTATE L.L.C	اسيتس جاينز للعقارات ش.ذ.م.م			sahil@assetsandgains.com
28403	LUXEHOMES REAL ESTATE BUYING & SELLING BROKERAGE	لوكس هومز للوساطة في بيع العقارات وشرائها			info@luxehomesdubai.com
23450	YAS REAL ESTATE L.L.C	ياس للوساطه العقاريه ش.ذ.م.م			tariq.abutaha@gmail.com
29272	A N K PROPERTIES	ايه ان كيه للعقارات			khkhanartist@gmail.com
11754	IMAC PROPERTIES REAL ESTATE	ايماك للوساطة العقارية	www.imacproperties.com	44214337	irfan@imacproperties.com
19397	ALROYA ALMOMAYAZA REAL ESTATE BROKERS	الرؤية المميزة للوساطة العقارية		971-04-4500090	
33521	GLOBEX REAL ESTATE L.L.C	غلوبكس للعقارات ش.ذ.م.م			globexrealestate786@gmail.com
28144	ROYAL LINK PROPERTIES	رويال لينك للعقارات		971-4-3363246	royallinkproperties@gmail.com
22851	MARVIC REAL ESTATE BROKER L.L.C	مارفيك للوساطة العقارية ش.ذ.م.م			info@marvicrealestate.com
33019	E V H REAL ESTATE BROKER L.L.C	اي في اتش للوساطة العقارية ش.ذ.م.م			mail@e-v-h.com
26073	LAGUNA PROPERTIES L.L.C	لاجونا للعقارات ش.ذ.م.م			hg@lagunaproperties.ae
32663	SEASON PROPERTIES L.L.C	سسيسون للعقارات ذ.م.م			SeasonProperties@hotmail.com
16018	MISBAH PROPERTIES	مصباح للعقارات	www.misbahproperties.ae	971-4-5807761	info@misbahproperties.ae
23396	A F P PROPERTIES L.L.C	ايه اف بي للعقارات ذ.م.م			ab.mehmood.iibm@gmail.com
23386	ELIMOR REAL ESTATE	اليمور للوساطة العقارية			Eli.moradipour@gmail.com
29020	T & A PARTNERS REAL ESTATE L.L.C	تي اند ايه بارتنرز للعقارات ش.ذ.م.م		43812000	talgat.akishov@gmail.com
31909	THE G O A T REAL ESTATE L.L.C	ذا جي اوه ايه تي للعقارات ش.ذ.م.م			admin@thegoatreality.com
28942	HEMNET PROPERTIES LLC	هيمنيت للعقارات ذ م م	www.hemnetproperties.com	0	m.ranafarhan@gmail.com
33827	THE EIGHT REAL ESTATE L.L.C	ذا اييت للعقارات ش.ذ.م.م			shakhidi@gmail.com
27585	NUAVE PROPERTIES	ناواف للعقارت			shwan@nuavenuerealestate.com
35459	HAUS&GRACE PROPERTIES	هوس اند جريس للعقارات	www.hausandgrace.ae		priya@hausandgrace.ae
31312	DOM REAL ESTATE L.L.C	دي او ام للعقارات ش.ذ.م.م			dom.estate.ae@gmail.com
25529	BONNE APART REAL ESTATE BROKERS L.L.C	بوني ابارت للوساطة العقارية ش.ذ.م.م			info@bonne-apart.ae
32288	DETROIT CONVEYANCING REAL ESTATE L.L.C	ديترويت كونفياسينغ للعقارات ش.ذ.م.م			roshanlobo20051983@gmail.com
36321	FIRST EDITION REALTY L.L.C	فيرست اديشن للعقارات ذ.م.م			office@firsteditionrealty.com
23115	F & C PROPERTIES L.L.C	اف & سي للعقارات ش.ذ.م.م			info@fcproperties.ae
28697	NEST 9 REAL ESTATE BROKERAGE L.L.C	نيست 9 للوساطه العقاريه ذ.م.م			Abbas@nest9.ae
16704	SEAMLESS PROPERTY MANAGEMENT AND BROKERAGE L.L.C	سيملس للوساطة والإدارة العقارية ش.ذ.م.م		971-4-3387714	leasing@seamless.ae
30955	ZELIN PROPERTIES	زيلين للعقارات			Jiawei2011@aol.com
28525	TIME HOMES REAL ESTATE L.L.C	تايم هومز للعقارات ش.ذ.م.م		971-04-2649938	INFO@TIMEHOMESREALESTATE.COM
12537	GOLDEN WOODS REAL ESTATE BROKER L.L.C	جولدن وودس للوساطة العقارية ش.ذ.م.م	www.goldenwoodsdubai.com	971-4-3995212	admin@goldenwoodsdubai.com
30186	TRIUMPHANT REAL ESTATE	تريومفنت للعقارات			Umair.sefat@outlook.com
28894	CASA AZZURRA REAL ESTATE	كازا أزورا للعقارات			DILSINGH2362@GMAIL.COM
32844	BEYOND BORDERS REAL ESTATE L.L.C	بيوند بوردرز للعقارات ش.ذ.م.م			yasircmm@gmail.com
23431	MANZEL ALOMOR REAL ESTATE BROKERS	منزل العمر للوساطة العقارية		45766415	sia@manzelestate.com
24306	ABELL REAL ESTATE BROKERAGE L.L.C	ابيل للوساطة العقارية ش.ذ.م.م			Humaidalarif@gmail.com
12281	LEGEND HOME REAL ESTATE BROKERS	ليجند هوم للوساطه العقاريه		971-4-2941313	AEADKHAZY@YAHOO.COM
11820	DEAL MAKERS REAL ESTATE BROKER	ديل ميكرز للوساطة العقارية	www.dealmakersdubai.com	971-04-4232651	info@dealmakersdubai.com
23372	A L H PROPERTIES L.L.C	ايه ال اتش للعقارات ش.ذ.م.م		971-04-5126848	asem.alhelwani@alhprops.com
28391	EUREKA HOMES PROPERTIES	يوريكا هومز للعقارات			jaya_syam@hotmail.com
22738	N SEVEN G R P REAL ESTATE ONE PERSON COMPANY L.L.C	ان سفن جي ار بي للعقارات شركة الشخص الواحد ش.ذ.م.م	https://www.n7realestate.com/	971-4-8746767	info@n7realestate.com
27961	GOLD I N A REAL ESTATE	جولد اي ان ايه للعقارات		41234567	admin@goldinarealestate.com
26962	AL HAYAT ALMUSHREQA REAL ESTATE L.L.C	الحياة المشرقه للعقارات ش.ذ.م.م		50555835040	info@dubaiproperties.pro
30110	UNISPACE REAL ESTATE L.L.C	يونيسبيس للعقارات ش.ذ.م.م			pawan.vachhani2026@gmail.com
22170	Home Quest Real Estate Buying & Selling Brokerage	هوم كويست للوساطة فى بيع العقارات وشرائها		04-5897250	ahmed@homequestdubai.com
30173	EBXCHECK002 FOR WEB-DESIGN EST.	مؤسسة يبكسشيك٠٠٢ لتصميم مواقع الشبكة المعلوماتية ( الانترنت)			fk@showmeuae.com
12942	ASSURANCE REAL ESTATE BROKER	اشورانس للوساطة العقارية		971-4-2959750	qzl@assuranceuae.com
28410	ROSEWOOD PROPERTIES	روزوود بروبرتيس	www.rosewood-properties.com		rah33l.mughal@gmail.com
21888	LEADERS FORT REAL ESTATE BROKERS L.L.C	ليدرز فورت للوساطة العقارية ش.ذ.م.م			m.anshasi@leaders-fort.com
30720	202312061233 FOR PIPES & HOSES ASSEMBLING EST.	مؤسسة ٢٠٢٣١٢٠٦١٢٣٣ لتجميع الأنابيب والخراطيم			sameer@al-arabiyadubai.com
11616	MIDAS REAL ESTATE BROKERS	ميداس للوساطه العقاريه			info@midasdubai.com
24845	CYGNUS REALTY L.L.C	سيجنس للعقارات ش.ذ.م.م		971-04-8786222	junaid4182@gmail.com
32317	VII ESTATES FOR REAL ESTATE BUYING & SELLING BROKERAGE L.L.C	في اي اي استيتس للوساطة في بيع العقارات وشرائها ش.ذ.م.م	www.viiestates.com		info@viiestates.com
25435	SEVENX PROPERTIES L.L.C	سيفناكس للعقارات ش.ذ.م.م			faizard54@gmail.com
11847	CASA NOSTRA REAL ESTATE BROKERS	كازا نوسترا للوساطة العقارية	www.casanostra.ae	971-4-4385248	anis@casanostra.ae
38837	ELEMENTARY REAL ESTATE L.L.C	اليمنتري للعقارات ش.ذ.م.م			info.elementary.dxb@gmail.com
30575	PROVERB REAL ESTATE	بروفيرب للعقارات			info@proverbrealty.com
27189	A Z C B REAL ESTATE	ايه زد سي بي العقارية		506775707	alzaeem_111@yahoo.com
27456	NAUTILUS REAL ESTATE	نوتيلوس للعقارات			rdcworld@yahoo.com
28582	KONOZ INTERNATIONAL PROPERTIES L.L.C	كنوز انترناشيونال العقارية ش.ذ.م.م			naglaelfayoumi@gmail.com
32147	A M P G REAL ESTATE L.L.C	ايه ام بي جي للعقارات ش.ذ.م.م			emad@arthurmackenzy.com
12243	CHASE PROPERTIES	تشايس للعقارات		562599987	Yasser@Chaseproperties.net
30978	SHIMY REAL ESTATE BROKERS L.L.C	شيمي للوساطة العقارية ش.ذ.م.م			aelshimy.ahmed@gmail.com
36258	MSBAIT REAL ESTATE L.L.C	مسبيت للعقارات ش.ذ.م.م			HAM559938@GMAIL.COM
2571	NOOR AL FAJR REAL ESTATE BROKERAGE OWNED OTHMAN BIN MASKIN BY ONE PERSON COMPANY L.L.C	نور الفجر للوساطة العقارية لمالكها عثمان بن مسكين شركة الشخص الواحد ش.ذ.م.م	ilhom Erbabaev	45466113	sales@dubayt.com
30248	FIDELITY PREMIUM REAL ESTATE	فيدلتي بريميم للعقارات			hussein.m.huss@gmail.com
27878	A R A K O REAL ESTATE L.L.C	أيه أر أيه كي أو للعقارات ش.ذ.م.م		504507824	sue@arakorealestate.com
25410	JINNUO PROPERTIES L.L.C	جينيو للعقارات ش.ذ.م.م		45729444	JinnuoProperties@gmail.com
254	GLOBAL GATE REAL ESTATE BROKER	جلوبال جيت للوساطه العقاريه		971-4-4251515	info@globalgate.ae
49	ASWAR REAL ESTATE	اسوار للعقارات		971-4-2688815	aswarrealestate1@gmail.com
2100	GATE WAY REAL ESTATE (L.L.C)	جيت واي للعقارات (ش.ذ.م.م)		971-4-3990393	gatewaydubai@yahoo.com
2165	ROYAL VILLAGE REAL STATE	القرية الملكية للعقارات	Nabeel Ibrahim Mohammed Abdulla Bastaki		nabeel@royalvillages.com
172	ABDULLA MOHD NOOR REALESTATE	عبدالله محمد نور للعقارات		971-4-3528464	amnoor_real@yahoo.com
1344	MANAZEL REAL ESTATE BROKERS	منازل للوساطة العقارية		971-4-2222269	Ahmadqassim@live.com
86	AL TOWAR REAL ESTATE	الطوار للعقارات		971-4-2611770	buhessa@gmail.com
2245	AL DALLAL REAL ESTATE L.L.C	الدلال للعقارات ش.ذ.م.م	ahmed mohd mahmood al dallal	971|42222115	info@aldallaluae.com
668	DAY TO DAY PROPERTIES L.L.C	دي تو دي للعقارات ش.ذ.م.م	www.daytodayproperties.com	97143205200	admin@daytodayproperties.com
1238	S I P PROPERTIES BROKERS L.L.C	اس اي بي للوساطة العقارية ش.ذ.م.م		971-4-3387464	m.talha@sherwoodsproperty.com
186	ROYAL HOUSE REAL ESTATE BROKERS	البيت الملكي للوساطة العقاريه		971|506244362	r_house_rstate@yahoo.com
11642	S R H PROPERTIES	اس ار اتش للعقارات			info@srhgroupuae.com
516	FADHEL AL MAZROOEI REAL ESTATE	فاضل المزروعي للعقارات		971-4-3931608	alfadheldxb@gmail.com
2017	AARVEES REALTY BROKER (L.L.C)	ارويز ريالتي بروكر (ذ.م.م)		971-4-3355414	rohit@aarveesgroup.ae
847	PAMIR PROPERTY BROKERAGE	بامير للوساطة العقارية	www.pamirproperty.com	971-4-3998873	info@pamir-property.ae
2133	BIN GHALITA REAL ESTATE INVESTMENTS EST	مؤسسة بن غليطه للاستثمارات العقارية		971-4-3599959	bghalitah@gmail.com
12133	BLUE BAY REAL ESTATE (L.L.C)	بلو باي للعقارات (ش.ذ.م.م)		971|507780003	mohd@bluebayae.com
20110	S J M REAL ESTATE DEVELOPMENT L.L.C	اس جيه ام للتطوير العقاري ش.ذ.م.م		42233334	heba@sjmgroup.ae
2271	ELEGANT VIEWS REAL ESTATE BROKER	اليجانت فيوز للوساطة العقارية		971-4-3792244	khader@elegantviewsre.com
1633	FIRST VISION REAL ESTATE	الرؤية الاولى للعقارات	www.firstvision.ae	971-4-2944412	a.ghaith@algargawigroup.com
2116	AL DAHREEZ REAL ESTATE	الدهريز للعقارات		971-4-2388299	gezayeel@hotmail.com
2544	MODERN REAL ESTATE (L.L.C.)	العقارات الحديثة (ش . ذ. م. م)	MODERN REAL ESTATE (L.L.C.)	971-4-3987337	info@aqqgroup.com
1679	REVOLUTION REAL ESTATE BROKER	الثورة للوساطة العقاريه		971-4-5596215	F_ALDAHMASHI@HOTMAIL.COM
678	MIDLINE REAL ESTATE BROKER	ميدلاين للوساطة العقارية	Shapour Yousef Sharfaei	971-4-5845044	shapour@midline.ae
398	POTENTIAL REAL ESTATE L.L.C	بوتنشال للعقارات ش.ذ.م.م	www.potential-re.com	971-4-2981001	
1359	AL HAYRI REAL ESTATE BROKER	الهيري للوساطة العقارية			MRIAMAM1@DM.GOV.AE
2260	AMBER REAL ESTATE	امبر للعقارات		971-4-3966666	alattar@eim.ae
1290	AL MANNAR REAL ESTATE EST.	مؤسسة المنار للعقارات		971-4-2694949	manaar@eim.ae
28	AQAR REAL ESTATE BROKER	عقار للوساطة العقارية	دبي		MAJED.ALMEHAIRI@GMAIL.COM
1926	DUBAI REAL ESTATE (L.L.C)	دبي العقارية (ش.ذ.م.م)	www.dre.ae	971-4-2442000	mbadr@dre.ae
2040	SZZ PROPERTIES L.L.C	اس زد زد للعقارات (ش. ذ. م. م)	https://szzproperties.com	971-4-3388998	info@szz.ae
1050	CITY GATE REAL ESTATE L.L.C	بوابة المدينة للعقارات ش.ذ.م.م		971-4-3964333	citygate@emirates.net.ae
250	AWAZI GARGASH PROPERTIES (L.L.C)	عوضي قرقاش للعقارات (ذ.م.م)		971-4-2221277	gargashp@emirates.net.ae
11948	DAR AL BUDOOR PROPERTIES (L L C)	دار البدور العقارية (ش ذ م م )		971-4-3947555	info@daralbudoor.ae
535	A M A REAL ESTATE L.L.C	ايه ام ايه للعقارات ش.ذ.م.م		971-4-2500444	info@amarealestate.ae
1119	HOME PLUS PROPERTIES L.L.C	هوم بلاس للعقارات ش.ذ.م.م		971-04-2957668	contact@hpp.ae
2018	SEDKI REAL ESTATE	صدقي للعقارات	Mohamad Abdulla Sulaiman Sedki	971-4-4529944	jveljovic@sedki.ae
418	LUCKY REAL ESTATE L.L.C	لاكي للعقارات ش.ذ.م.م	ADIL ABDULLA MOHAMED FALAKNAZ	971-4-3976000	luckyre@emirates.net.ae
20787	MIDMAC REAL ESTATE	مدماك العقارية		42297291	midmac@eim.ae
1457	HOME LAND PROPERTIES (L.L.C)	هوم لاند للعقارات (ش.ذ.م.م)	www.homeland-dubai.com	971-4-3930400	l.pereira@homeland-dubai.com
2027	CHELSEA INTERNATIONAL REAL ESTATE BROKERS	تشلسي العالمية للوساطة العقارية		971-4-3436061	contactus@unipetro.ae
19264	DISCOUNT HOMES REAL ESTATE (L.L.C)	دسكاونت هومز للعقارات (ش.ذ.م.م)		97143575757	admin@almoosa.ae
1611	KAZIM REAL ESTATE EST.	مؤسسة كاظم العقارية		971-4-2821626	realestate@alkazimgroup.com
19	AL RASIKHON REAL ESTATE BROKERS	الراسخون للوساطة العقارية	khalifa sultan bin harib	971-4-2625551	mahmoud@alrasikhoon.ae
1969	NAD AL SHIBA REAL ESTATE L.L.C	ند الشبا العقارية ذ.م.م		971-4-3431131	nadalshb@emirates.net.ae
35268	ALOOS FOR REAL ESTATE BROKERAGE	اللوس للوساطة العقارية			aloos0505072227@gmail.com
2494	GOOD MORNING PROPERTY REAL ESTATE BROKERS	صباح النور بروبرتي للوساطة العقارية	www.gmpropertydubai.com	971|44474830	aamirsadar@gmail.com
11806	LAND STERLING PROPERTIES L.L.C	لاند ستيرلنغ للعقارت ش.ذ.م.م	www.landsterling.com	971-4-3808707	abdul.b@landsterling.com
15623	PROPERTY HUB REAL ESTATE BROKER	بروبيرتي هب للوساطة العقارية		971-04-5516250	amishali_2008@yahoo.com
25623	AL FIROUZ REAL ESTATE BROKER L.L.C	الفيروز للوساطة العقارية ش.ذ.م.م		525277758	nisha.royalnoor@gmail.com
22396	TEN PROPERTIES L.L.C	تن للعقارات ش.ذ.م.م		971-4-2341010	contactus@tenproperties.ae
35695	REMAN PROPERTIES L.L.C	ريمان للعقارات ش.ذ.م.م			Aleter@reman.ae
23215	BLACK PEARL REAL ESTATE BROKERS	بلاك بيرل للوساطة العقارية	https://blackpearluae.com/		info@blackpearluae.com
33161	ELMAAM FOR REAL ESTATE BROKERAGE	إلمام للوساطة العقارية			Ahmad.o.altayer@gmail.com
23310	FUTURE GATE REAL ESTATE BROKERS	فيوتشر جيت للوساطة العقارية			info@futuregate.ae
25993	BRAND REAL ESTATE	براند للعقارات			info.brandrealestate@gmail.com
35671	ASPIRE CONCEPT REAL ESTATE L.L.C	اسباير كونسبت للعقارات ش.ذ.م.م			madhu@aspireconceptproperties.com
29618	QLARZZ HOMES REAL ESTATE	كلارز هومز للعقارات			admin@qlarzzhomes.com
33510	AL JUBAIL REAL ESTATE	الجبيل للعقارات			Mohd.alharmoodi@hotmail.com
32881	HAMILTON HOUSE REAL ESTATE	هاميلتون هاوس للعقارات			murad_696@hotmail.com
36802	BWABT ALREYADAH REAL ESTATE BROKERS	بوابة الريادة للوساطة العقارية			alreyadah2015@gmail.com
11891	AL MOSAED REAL ESTATE L.L.C	المساعد للوساطه العقاريه ش.ذ.م.م	zahidgee92@gmail.com	4212262	zahid@almosaedrealestate.com
15731	KHALID AL BLOOKI REAL ESTATE	خالد البلوكي للوساطة العقارية			jiawei2011@aol.com
29762	PORTFOLIO PROPERTIES L.L.C	بورتفوليو للوساطة العقارية ش.ذ.م.م	www.willwilleyproperties.com	568819024	shahulvt@gmail.com
30646	SAJIO REAL ESTATE	ساجيو للعقارات			abunwaif@gmail.com
34647	KAJ PROPERTIES	كي ايه جيه للعقارات			kaa.aljaziri@gmail.com
2537	MALIK PROPERTIES	ملك للعقارات	www.malikproperties.net	971-04-4541266	hamid@malikproperties.net
13257	MORE WISE REAL ESTATE BROKER L.L.C	مور وايس للوساطة العقارية ش.ذ.م.م	www.morewiserealestate.com	971-4-3322213	subinmorewise2020@gmail.com
22441	BADER ALMASOUM REAL ESTATE BROKERS	بدر المعصوم للوساطة العقارية			bader.almasoum@hotmail.com
36143	A M A HOME REAL ESTATE L.L.C	ايه ام ايه هوم للعقارات ش.ذ.م.م			aliabouali14@gmail.com
38610	PIN REAL ESTATE	بين للعقارات			pin_re@outlook.com
12609	QALB ALMADINAH REAL ESTATE BROKER	قلب المدينة للوساطة العقارية	www.heart-of-city.com	971-04-4511143	info@heart-of-city.com
11605	UNIQUE VICTORY REAL ESTATE BROKERS	يونيك فيكتوري للوساطة العقارية		551928484	geoafzal@gmail.com
33571	ALKHAIR & ALBRKAH REAL ESTATE	الخير و البركة للعقارات		48826628	bilal_yousef1@hotmail.com
30193	SERENA HOMES REAL ESTATE L.L.C	سيرينا هومز للعقارات ش.ذ.م.م		971-4-5544279	irfannawabahmed@gmail.com
23218	FALCON FORCE REAL ESTATE CO L.L.C	شركة شركة فالكون فورس للعقارات ش.ذ.م.م		44311992	syed_mhussain@hotmail.com
34749	SOFIYA LUXURY REAL ESTATE L.L.C	صوفيا لاكشري للعقارات ذ.م.م			burkitbay2023@gmail.com
23759	TIME PLUS REAL ESTATE L.L.C	تايم بلس للعقارات ش.ذ.م.م		45476666	info@timeplusrealestate.com
15697	JERSEY REAL ESTATE BROKERS L.L.C	جيرسي للوساطة العقارية ش.ذ.م.م	http://jerseyhomebrokers.com	971-4-4548500	aqeelmadhi10@gmail.com
27423	REALQUBAISI PROPERTIES	ريل قبيسي للعقارات		528080200	Mariam111alqubaisi@icloud.com
31160	HARTLAND HOMES REAL ESTATE L.L.C	هارتلاند هومز للعقارات ذ.م.م			mussulman1966@gmail.com
26535	LANDMARK INTERNATIONAL REALTY L.L.C	لااندمارك انترناشيونال للعقارات ش.ذ.م.م		44291555	jc@landmarkrealty.ae
34263	PROPSHOP REAL ESTATE L.L.C	بروبشوب للعقارات ذ.م.م			sarahsajwani@hotmail.com
26168	ALKOUT REAL ESTATE L.L.C	الكوت للعقارات ذ.م.م			alkout.real.estate@gmail.com
23263	AFRAMENA REAL ESTATE BROKER L.L.C	أفرامينا للوساطة العقارية ش ذ م م		47704773	vip.a7mad11@gmail.com
17193	EAST HOMES REALESTATE BROKERS L.L.C	ايست هومس للوساطة العقارية ش.ذ.م.م	http://www.easthomes.ae/	NULL	info@easthomes.ae
20760	SHAMS AL WAHA REAL ESTATE BROKERS L.L.C	شمس الواحة للوساطة العقارية ش.ذ.م.م			minal@shamsalwaha.ae
15402	AL HUDA INTERNATIONAL REAL ESTATE	الهدى انترناشونال للعقارات	zahirgulam2010@gmail.com	971|4426375	mubarak.ali@alhudaproperties.com
19620	HOMELINK REAL ESTATE	هوم لينك للعقارات		971-04-5589559	nicolehomelink@gmail.com
17256	MONARCH CAPITAL REAL ESTATE L.L.C	مونارك كابيتال للوساطة العقارية ذ.م.م	www.m-capital.co	971045892777	Paresh@m-capital.co
20886	RAINBOW PROPERTIES L.L.C	راينبو للعقارات ش.ذ.م.م	www.rainbowproperties.ae	5686533	ceo@rainbowproperties.ae
21988	AMAZON REAL ESTATE BROKER	امازون للوساطة العقارية		971-4-2465807	info@amazonrealestate.ae
22308	F M P HOMES REAL ESTATE MANAGEMENT L.L.C	اف ام بيه هومز لادارة العقارات ش.ذ.م.م			christelle@fmphomes.ae
20191	ELITE CAPITAL MORTGAGE BROKER	ايليت كابيتال وسيط رهن عقاري			Watanq@hotmail.com
12814	GREEN LINE REAL ESTATE BROKER OWNED BY MARWAN ABDULLA ONE PERSON COMPANY L.L.C	جرين لاين للوساطة العقارية لمالكها مروان عبدالله شركة الشخص الواحد ش.ذ.م.م	www.greenestate.ae	97147708009	info@greenestate.ae
20825	HIGH GARDEN REAL ESTATE	هاي جاردن للعقارات		971-04-2438653	Ahmed@highgarden.ae
17263	LUXURY MANSION REAL ESTATE BROKERS L.L.C	لاكشري منشن للوساطة العقارية ش.ذ.م.م		971-4-3940495	Maria@luxurymansion.ae
17170	PRIME CITY REAL ESTATE L.L.C	برايم سيتي للعقارات ذ.م.م		0	solomatin@prime.su
21938	VALLEY VIEW REAL ESTATE BROKERS ONE PERSON COMPANY L.L.C	فالي فيو للوساطة العقارية شركة الشخص الواحد ش.ذ.م.م			valleyview2828@gmail.com
15759	RED ROCK REAL ESTATE L.L.C	ريد روك للعقارات ش.ذ.م.م	redrockre.ae	45898159	Manager@redrockre.ae
16658	THE NOBLE HOUSE REAL ESTATE BROKER L.L.C	ذا نوبل هاوس للوساطة العقارية ش.ذ.م.م	www.tnh.ae	971-4-4566135	Rashid@thenoblehouse.ae
16271	PROPERTY BUREAU	بيورو للعقارات			
20561	SENSATORI PROPERTIES	سينستورى للعقارات		971|59719590	Hzmegy@gmail.com
19216	HOME POINT REAL ESTATE BROKERAGE L.L.C	هوم بوينت للوساطة العقارية ش.ذ.م.م		43046923	adeel@homepoint.ae
17315	GRAND LAND REAL ESTATE BROKER	غراند لاند للوساطة العقارية	www.grand-land.com	971-4-4431030	rami@grand-land.com
18886	SHABABEEK REAL ESTATE L.L.C	شبابيك للعقارات ذ.م.م		971-04-2423612	Tarek@shababeekdubai.com
16910	STERLING HOMES INTERNATIONAL REAL ESTATE BROKERS	ستيرلنغ هومز انترناشيونال للوساطة العقارية			info@sterlinghomesinternational.com
20025	OPULENCE REAL ESTATE BROKERS ONE PERSON COMPANY L.L.C	أوبولنس للوساطة العقارية شركة الشخص الواحد ش.ذ.م.م			ramy.omran@opulencedubai.com
18320	SHADES REAL ESTATE BROKER	شادس للوساطة العقارية		971-4-4309264	neno_dj777@yahoo.com
21156	ULTRA HOMES REAL ESTATE BROKERS ONE PERSON COMPANY L.L.C	الترا هومس للوساطة العقارية شركة الشخص الواحد ش.ذ.م.م			manzarr@gmail.com
17198	HARRINGTONS REAL ESTATE BROKERS L.L.C	هارينجتون للوساطة العقارية ش.ذ.م.م		0-4-4290995	
21287	VISTA HEIGHTS REAL ESTATE	فيستا هايتس للوساطة العقارية			l.navin@yahoo.com
16213	CITIWAY REAL ESTATE BROKERAGE L.L.C	سيتي واي للوساطة العقارية ش.ذ.م.م		971-4-2772373	fayez@citiway.com
16659	WORLD LANDLORDS PROPERTIES L.L.C	وورلد لاندلوردز بروبرتيز ش.ذ.م.م	www.worldlandlords.com	971-4-4549917	hamza.pb@gmail.com
26872	INSPIRE PROPERTIES L.L.C	انسباير للعقارات ش.ذ.م.م		44270207	sawan@inspireventures.net
21885	T I A REAL ESTATE BROKER	تي اي ايه للوساطة العقاريه			Labbeh1977@royaldxb.com
17209	BELLA CASA REAL ESTATE BROKERS L.L.C	بيلا كاسا للوساطة العقارية ذ.م.م		971-04-3941419	
22002	VENTURA REAL ESTATE L.L.C	فينتورا للعقارات ذ.م.م		971-04-2959965	precious.gulfservices@gmail.com
11903	HAMILTON REALTY REAL ESTATE L.L.C	هاميلتون ريالتي للعقارات ش.ذ.م.م		971042221414	hareshbm@gmail.com
12132	TRAFALGAR PROPERTIES L.L.C	ترافلجار للعقارات ش.ذ.م.م		97144537744	anuragkbhatia@hotmail.com
17062	I C R GLOBAL REAL ESTATE BROKERS L.L.C	اي سي ار غلوبال للوساطة العقارية ش.ذ.م.م		544009656	dipansh36@icloud.com
17126	SIRIUS REAL ESTATE BROKER	سيريوس للوساطة العقارية	www.siriusdubai.ae	971-4-5807949	info@siriusdubai.ae
20788	DIAMOND HOUSE REAL ESTATE BROKER	دايموند هاوس للوساطة العقارية		971-4-5674912	jamal.apexgold@gmail.com
31922	BLUE HILLS REAL ESTATE L.L.C	بلو هيلز للعقارات ش.ذ.م.م			farqaleetkazia@gmail.com
33822	O M B REAL ESTATE L.L.C	او ام بي للعقارات ش.ذ.م.م			Marzoukbarraj.s@gmail.com
28921	DREAM CAPITAL REAL ESTATE	دريم كابيتال للعقارات			steve@stessa.fr
33165	HOMESPACE REAL ESTATE BROKERAGE L.L.C	هومسبيس للوساطة العقارية ذ.م.م			nivedkambil@gmail.com
35926	BEYOND CASA REAL ESTATE L.L.C	بيوند كاسا للعقارات ش.ذ.م.م			abdul.qudduz1@gmail.com
29591	MONOLITH REAL ESTATE L.L.C	مونوليث للعقارات ش.ذ.م.م			tatianaemailbox@gmail.com
35002	INVESTALET HOMES REAL ESTATE L.L.C	انفستاليت هومز للعقارات ذ.م.م	www.investalet.com	581570929	prsiha@gmail.com
29924	LUXURY SPACES REAL ESTATE	لاكجري سبيسز للعقارات			click_naveed@hotmail.com
26096	FIND MY PROPERTY REAL ESTATE L.L.C	فايند ماي بروبرتي للعقارات ش.ذ.م.م			admin@findmyproperty.ae
30572	SIMPLICITY & PERFECTION REAL ESTATE	سمبليستي اند برفكشن للعقارات		566344142	ahmed_mu72@yahoo.com
32896	LUXARROW REAL ESTATE	لاكسارو للعقارات			Essyshi@icloud.com
33248	REALOGY REAL ESTATE L.L.C	ريلوجي للعقارات ذ.م.م			manager@realogyrealestate.ae
26321	S G I P REAL ESTATE L.L.C	اس جي اي بي للعقارات ش.ذ.م.م			Umurzakov-1999@mail.ru
24132	RISEONIC REALTY REAL ESTATE BROKER L.L.C	ريسونك ريالتي للوساطة العقارية ش.ذ.م.م			nidhal@riseonic.ae
29382	MCCORMACK PROPERTIES	ماك كورماك للعقارات			James@mccormackproperties.com
33742	LOVISA HOMES REAL ESTATE BROKER L.L.C	لوفيسا هومز للوساطة العقارية ش.ذ.م.م			Tove@savvy-females.com
32944	INVESTMENT EXPERTS REAL ESTATE BROKERS L.L.C	انفستمنت إكسبرتص للوسطاء العقاريين ش.ذ.م.م	www.investmentexperts.ae		imran_nazar91@hotmail.com
27758	FAZAL REAL ESTATE BROKER	فاضل للوساطه العقارية	www.freb.ae		info@freb.ae
34439	OVEX REAL ESTATE L.L.C	اوفيكس للعقارات ش.ذ.م.م	www.ovexrealestate.com		razzy789@hotmail.com
29049	CHROME AND WHYTE REAL ESTATE L.L.C	كروم اند وايت للعقارات ش.ذ.م.م			nader.saade@chromeandwhyte.com
33204	KATERINA REAL ESTATE L.L.C	كاتيرينا للعقارات ش.ذ.م.م			ekanet@mail.ru
27879	GOLDEN HILLS PROPERTIES	جولدن هيلز للعقارات		971-4-4911111	nvdrmz@gmail.com
36332	77 REAL ESTATE BROKERAGE L.L.C	77 للوساطة العقارية ش.ذ.م.م			Dubai.k999@gmail.com
30288	ONE DIRECTION REAL ESTATE	ون دايركشين للعقارات		971-04-4081900	sangeenkhan16@gmail.com
17229	MANAZEL AL WADI REAL ESTATE BROKERS	منازل الوادي للوساطة العقارية		971-4-5541599	mahmoud@manazelalwadi.com
31395	A A N D REAL ESTATE L.L.C	ايه ايه ان دي للعقارات ش.ذ.م.م			sherif.omar@agencyandrealty.com
28703	AFS PROPERTIES	ايه اف اس للعقارات			ssharoon_001@hotmail.co.uk
35523	COTTON & WOOD INTERNATIONAL REAL ESTATE L.L.C	كوتون اند وود انترناشونال للعقارات ذ.م.م			Shainkey.bhatia@gmail.com
32175	ASFAN REAL ESTATE L.L.C	اسفان للعقارات ذ.م.م			info@asfanrealestate.com
35028	ALPHA KEY REAL ESTATE L.L.C	الفا كي للعقارات ش.ذ.م.م			Nataliekhatyan@yahoo.com
32298	SKY CAPITAL REAL ESTATE L.L.C	سكاي كابيتال للوساطة العقارية ش.ذ.م.م			david.in.dubai.21@gmail.com
26032	ARTEMIS REAL ESTATE L.L.C	ارتيميس للعقارات ش.ذ.م.م			natalia.lyubimova@artemisre.ae
32816	TUSMO REAL ESTATE L.L.C	توسمو للعقارات ذ.م.م		0	said@tusmo.ae
28658	HONEY MONEY REAL ESTATES	هني مني للعقارات			kapilhoney@gmail.com
32474	ZENKO REAL ESTATE BROKERAGE L.L.C	زنكو للوساطة العقارية ذ.م.م			INFO@DUBAIUBS.COM
33090	MAJESTIC KEY REAL ESTATE BROKERAGE	ماجستيك كي للوساطة العقارية			melikyan.ka@gmail.com
21091	FIRST LADY REAL ESTATE	فيرست ليدي للعقارات	firstlady.ae	43528747	Janet.firstladyrealestate@gmail.com
28846	MIRE PROPERTIES	ام اي ار ئي للعقارات			frank@mireproperties.com
19058	PROPFOLIO REAL ESTATE L.L.C	بروبفوليو للعقارات ذ.م.م			rania1905@gmail.com
28233	NEXT GENERATION REAL ESTATE BROKERAGE	نكست جنريشن للوساطة العقارية		0	hana.rerhou@gmail.com
22435	ROYAL PHOENIX PROPERTIES L.L.C	رويال فينكس للعقارات ش.ذ.م.م			Tarek.baira@hotmail.com
27740	GREEN LANE REAL ESTATE BROKERAGE	جرين لين للعقارات			BINALI_1987@HOTMAIL.COM
33500	MONRER REAL ESTATE BROKERAGE L.L.C	مونرور للوساطه العقارية ش.ذ.م.م			farid@fractualaudio.ru
34841	T O R O REAL ESTATE L.L.C	تي او ار او للعقارات ش.ذ.م.م			anna.kirilishina1980@gmail.com
23746	I F R E BUYING AND SELLING BROKERAGE L.L.C	أي إف أر إي للوساطة العقارية ش.ذ.م.م			mmm111842@yahoo.com
33539	HOUSE OF ELEPHANT REALTY L.L.C	هاوس اوف ايليفنت للعقارات ش.ذ.م.م		0	info@houseofelephantrealty.com
29333	ENRICH CASTLE REAL ESTATE	انريش كاستل للعقارات			tabrezsiddiqui99@gmail.com
30520	SMS REALTY	اس ام اس للعقارات			sanjit@sms-realty.com
26566	VERSAILLES REAL ESTATE BROKERAGE	فرسالس للوساطة العقارية		971-4-4545465	Rose.aiesec@gmail.com
12275	LAKESIDE REAL ESTATE BROKERS	ليكسايد للوساطة العقارية		971-04-3518313	nasr@lakesidedubai.com
33127	SEVEN FOLD REAL ESTATE BROKERS L.L.C	سفن فولد للوساطة العقارية ش.ذ.م.م			jackie@sevenfoldrealestate.ae
15778	CASTTIO PROPERTIES	كاستو للعقارات		45487801	mohamed.shahat@casttio.net
32357	SPACE EIGHT WORLD PROPERTY L.L.C	سبيس ايت وورلد للعقارات ش.ذ.م.م		542800888	admin@space8.ae
29059	202405291705 PORTAL	مجمع للتعامل الإلكتروني ٢٠٢٤٠٥٢٩١٧٠٥			hr@palladian.ae
27209	VALLEY HOME REAL ESTATE BUYING & SELLING BROKERAGE	فالي هوم للوساطة في بيع العقارات وشرائها			support14@commitbiz.com
32296	LUXURY NETWORK REAL ESTATE BROKERS L.L.C	لاكشري نتوورك للوساطة العقارية ش.ذ.م.م			charles@quantecc.com
30878	TWO CONTINENTS REAL ESTATE L.L.C	تو كونتينتس للعقارات ش.ذ.م.م		971-04-5477942	andreiracovita@ymail.com
26922	LUX CAPITAL REAL ESTATE	ليكس كابيتال للعقارات			an@luxcapital.ae
27826	STARS AND SANDS PROPERTIES L.L.C	ستارز اند ساندز للعقارات ش.ذ.م.م			zaid.aliwat@icloud.com
33779	COLIFE REAL ESTATE L.L.C	كوليف للعقارات ش.ذ.م.م			bikashkar3440@gmail.com
32971	CROCUS REAL ESTATE L.L.C	كروكوس للعقارات ش.ذ.م.م			samira.sadikhova@gmail.com
28413	GROVE PARK REAL ESTATE L.L.C.	جروف بارك للعقارات ش.ذ.م.م		564543300	damien@grovepark.property
26687	RUMI REAL ESTATE L.L.C	رومي للوساطة العقارية ش.ذ.م.م			Jamsheer@wizzuae.ae
28011	M H K REAL ESTATE BROKERS	ام اج كيه للوسطاء العقاريين			mouhannad@spada.ae
16034	GERMAN EMIRATI REAL ESTATE INVESTMENT	جرمن إماراتي للوساطة العقارية		45674994	info@germanemirati.ae
31761	M D REAL ESTATE BROKER L.L.C	ام دي للوساطة العقارية ش.ذ.م.م			val.prokudina@gmail.com
33607	FOUR S PROPERTIES L.L.C	فور اس بروبرتيز ش.ذ.م.م			info@fours.ae
17435	STOCK WELL HOMES REAL ESTATE BROKERS	ستوك ويل هومز للوساطة العقارية		971-4-8877666	laura@stockwell.ae
32849	T V P REAL ESTATE	تي في بي للعقارات			narensthapa@gmail.com
32071	STERLING BOULEVARD REAL ESTATE L.L.C	ستيرلينج بوليفارد للوساطة العقارية ذ.م.م			Ahmadsher588@gmail.com
16490	RISING SUN PROPERTIES	رايسينغ سان للعقارات	http://risingsun-properties.com/	971-4-5721432	ktm@risingsun-properties.com
30388	DOMINANTA REAL ESTATE	دومينانتا للوساطة العقارية			dominanta.dubai@gmail.com
33818	DESERT BULLS REAL ESTATE L.L.C	ديزرت بولز للعقارات ش.ذ.م.م			manpreet912@gmail.com
38554	INTERBAY REAL ESTATE L.L.C	انترباي للعقارات ش.ذ.م.م			albayati93@gmail.com
39505	HAVEN HOMES REAL ESTATE BROKERS L.L.C	هافن هومز للوساطة العقارية ش.ذ.م.م			adnan.dhre@gmail.com
32785	SAKANI REAL ESTATE L.L.C	سكني للعقارات ذ.م.م			info@sakanirealestate.ae
21387	BARIKA REAL ESTATE BROKER L.L.C	بريكة للوساطة العقارية ش.ذ.م.م		0-4-4254195	bilalfaizi4@gmail.com
34694	PRESTIGIA MAISON PROPERTIES L.L.C	بريستيجيا ميزون للعقارات ش.ذ.م.م			nmansoor.uae@gmail.com
32093	EMRALD REAL ESTATE BROKER L.L.C	عمرالد للوساطة العقارية ذ.م.م			admin@emraldproperties.com
30566	1926 REAL ESTATE L.L.C	1926 للعقارات ش.ذ.م.م			marhaban.global@gmail.com
34888	MARTA DONATI REAL ESTATE L.L.C	مارتا دوناتي للعقارات ش.ذ.م.م		585991705	info@martadonatirealestate.com
28656	EJAD REAL ESTATE	ايجاد العقارية			abdulla.alhashimi@gmail.com
25560	WILLINGTON PROPERTIES L.L.C	ويلنجتون للعقارات ذ.م.م		971-04-5803048	lubegahassan73@gmail.com
12732	GOLDEN BEAM REAL ESTATE L.L.C	جولدن بيم للعقارات ش.ذ.م.م	www.golden-beam.com	971-4-3315588	
34894	LIVING EXPERTS REAL ESTATE BROKERAGE L.L.C	ليفينج اكسبيرتس للوساطة العقارية ذ.م.م			tamas@bencsik.company
34673	NEEV REALTY L.L.C	نيف للعقارات ذ.م.م			nee.doshi@gmail.com
21663	M J BAY REAL ESTATE L.L.C	ام جي باي للعقارات ش.ذ.م.م		971|43675749	mo@mjbay.ae
28166	ASPECT ZONE PROPERTIES L.L.C	اسبيكت زون للعقارات ش.ذ.م.م			mohd.esmaeili@gmail.com
31213	PRIME VIEW PROPERTIES L.L.C	برايم فيو للعقارات ذ.م.م			chirag@RNGAuditors.com
27110	MIRAN REAL ESTATE L.L.C	ميران للعقارات ش.ذ.م.م			salam@miranrealestate.com
32300	GROUNDED PROPERTIES L.L.C	جراونديد للعقارات ذ.م.م			kishankhetani@gmail.com
29942	RAAS REAL ESTATE (BR OF PLAN B INVESTMENTS L.L.C)	راس للعقارات (فرع من بلان بي للاستثمار ش.ذ.م.م )			info@raas.ae
29314	PREST EDGE PROPERTIES	بيرست ايدج للعقارات	https://www.prestedgeproperties.com		alex@prestedgeproperties.com
31131	REDO REAL ESTATE L.L.C	ريدو للعقارات ش.ذ.م.م			abbagirova@yahoo.com
23256	AYRA REAL ESTATE L.L.C	ايرا للعقارات ش.ذ.م.م			zain.khan45678@icloud.com
32113	ALF KANZ REAL ESTATE BROKER	الف كنز للوساطه العقاريه			ahmadzarei19850105@gmail.com
30196	M A K PROPERTIES	ام ايه كيه للعقارات	www.makproperties.ae		a_li79@hotmail.com
29500	OCEANA REAL ESTATE BROKERAGE	اوشيانا للوساطة في بيع العقارات			tamseel@shuraa.com
30588	XPOTENTIAL REAL ESTATE BROKERS	اكس بوتنشال للوساطة العقارية		43724378	owaizj@gmail.com
30053	BLUE INTERNATIONAL REAL ESTATE L.L.C	بلو انترناشونال للعقارات ش.ذ.م.م		971-4-5641268	info@bre.ae
28094	ATLAS REALTY REAL ESTATE BROKERS	اطلس ريالتي للوساطة العقارية			jason@atlasrealtydubai.com
1768	TOP THREE REAL ESTATE BROKER	توب ثري للوساطه العقارية		44329560	reception@top3.ae
23355	SOGEFI PROPERTIES	سوجوفي بروبرتيز	www.sogefiproperties.com		besnik@sogefiproperties.com
26941	SKY AVENUE REAL ESTATE BROKERAGE L.L.C	سكاي أفنيو للوساطة العقارية ش.ذ.م.م			ahmed.abbas.aa@gmail.com
27494	NEXT REALITY REAL ESTATE BROKERS L.L.C	نيكست ريالتي للوساطة العقارية ش.ذ.م.م	www.vnrrealestate.com	971-04-3812027	rajat.agrawal@vnrrealestate.com
23076	S A M S REAL ESTATE BROKERAGE	اس ايه ام اس للوساطة العقارية	www.sams.ae		info@sams.ae
37460	EXPERT BRIDGE REAL ESTATE L.L.C	اكسبيرت بريدج للعقارات ش.ذ.م.م	http://expertbridge.ae		maisam@expertbridge.ae
32356	OASIS CAPITAL REAL ESTATE L.L.C	اوسيس كابيتال للعقارات ذ.م.م		553436513	1oasisdevelopers@gmail.com
35156	TENT REAL ESTATE L.L.C	تينت للعقارات ش.ذ.م.م			kbouarsa@gmail.com
29256	KL MAQAN FOR BUYING AND SELLING OF REAL ESTATE	كل مكان لشراء وبيع العقارات	www.klmaqan.org		Mfaiz@klmaqan.org
25757	AURANTIUS REAL ESTATE BROKER	أورانتيوس للوساطة العقارية		43929715	admin@beyondinfinity.ae
30384	BANKERS REAL ESTATE BROKERS	بانكرز للوساطة العقارية			Saeedpirzada68@gmail.com
25475	WINNING EDGE REAL ESTATE L.L.C	وينينج ايدج للعقارات ذ.م.م		971-4-4081900	chris@winningedgeproperty.com
31829	MADISON INTERNATIONAL REAL ESTATE L.L.C	مديسون انترناشيونال للعقارات ذ.م.م			A7600003@gmail.com
35896	MAGNUM CENTRAL REAL ESTATE L.L.C	ماجنوم سينترال للعقارات ش.ذ.م.م			neal@magnum-central.com
34965	G M D PROPERTIES L.L.C	جي ام دي للعقارات ش.ذ.م.م			adcs7373@mail.com
27768	TRUSS REAL ESTATE L.L.C	تروس للعقارات ش.ذ.م.م	https://www.trussre.com	45593504	hello@trussre.com
23359	ASPIN INTERNATIONAL PROPERTIES L.L.C	اسبن انترناشونال للعقارات ش.ذ.م.م		43305570	asfar@aspinip.com
33865	BEYOND LUXURY REAL ESTATE L.L.C	بيوند لكجري للعقارات ش.ذ.م.م		04 4396347	info@beyond-dubai.ae
33321	TRANO REAL ESTATE L.L.C	ترانو للوساطة العقارية ذ.م.م		971-04-3159936	hatim.khan@propinvest.me
32999	ROOFS AND ROOTS REAL ESTATE L.L.C	روفس اند روتس للعقارات ش.ذ.م.م			Mariem.lulu88@gmail.com
25723	AUGUST REAL ESTATE BROKERS L.L.C	اوغست للوساطه العقارية ش.ذ.م.م			hr@augustrealestate.ae
30220	NEV REAL ESTATE L.L.C	ان اي فيي للعقارات ش.ذ.م.م			ekaterina@nikitina.expert
15254	AL ALEEF PROPERTIES	الاليف للعقارات	www.alaleefproperties.com	971-04-3210201	anoopdarwin@gmail.com
26378	OAK STREET REAL ESTATE BROKER L.L.C	اوك ستريت للوساطة العقارية ش.ذ.م.م			shuheb.2008@gmail.com
12464	SEVEN PRESTIGE REAL ESTATE BROKER L.L.C	سفن برستيج للوساطة العقارية ذ.م.م		971-4-3498188	7re@7re.ae
23270	AURA HOMES REAL ESTATE L.L.C	اورا هومز للعقارات ش.ذ.م.م			vinnydsouza@gmail.com
36252	GREEN EMERALD REAL ESTATE L.L.C	جرين اميرالد للعقارات ذ.م.م			shardulanilmehta@gmail.com
36410	TRIPLE BLACK REAL ESTATE BROKERS L.L.C	تريبل بلاك للوساطة العقارية ش.ذ.م.م			yusuf@triple-black.com
31092	ABRAJ ALSAFWA PROPERTIES	ابراج الصفوة للعقارات			abrajalsafwa@gmail.com
27512	S K H HOUSE REAL ESTATE	اس كي اتش هاوس للعقارات			khalid.dubai7777@gmail.com
30576	DREAMING REAL ESTATE L.L.C	دريمنج للعقارات ش.ذ.م.م			adan.boukra@gmail.com
31330	DREAM OSHAN PROPERTIES	دريم اوشن للعقارات			waqar.rasheed039@gmail.com
29845	FIRST ACCESS PROPERTIES	فيرست اكسيس للعقارات			firstaccess2022@gmail.com
11707	AL MIRATH REAL ESTATES	الميراث للعقارات		971-4-5469777	sadikamre@gmail.com
29699	WHITE ORYX REAL ESTATE	وايت اوريكس للعقارات			awainy@hotmail.com
34007	A F Y REALTY & DEVELOPMENT L.L.C	ايه اف واي ريالتي و للتطوير ش.ذ.م.م			arsalanfawad@afygroup.ae
23088	AVC PROPERTIES L.L.C	ايه في سي للعقارات ش.ذ.م.م		43420444	hamsalidxb@gmail.com
28234	TYCOONS RE REAL ESTATE	تيكونس ار اي للعقارات			aliya.batshone@tycoonsre.com
32455	AL SAADA REAL ESTATE L.L.C	الساده للعقارات ش.ذ.م.م	www.alsaadarealestate.com	562151500	irina.litiagina@gmail.com
30773	ELX REAL ESTATE BUYING & SELLING BROKERAGE L.L.C	ايلكس للوساطة في بيع العقارات وشرائها ش.ذ.م.م			Info@elxproperties.com
25533	HUDSON REAL ESTATE L.L.C	هدسون للعقارات ش م م		507551080	kararf@yahoo.com
35757	CORSA FOR REAL ESTATE BUYING & SELLING BROKERAGE L.L.C	كورسا للوساطة في بيع العقارات وشرائها ش.ذ.م.م			info@corsadubai.com
28710	NOAM REAL ESTATE BROKER	نوام للوساطة العقارية			marcsodoli.dubai@noamsarl.com
31333	UMBRELLA REAL ESTATE	امبريلا للعقارات			info@umbrella-group.ae
36255	UNLIMITED POTENTIAL REAL ESTATE L.L.C	انليميتيد بوتينشيال للعقارات ش.ذ.م.م			Wendy@unlimtedpotential.com
33352	ME TO YOU REAL ESTATE L.L.C	مي تو يو للعقارات ش.ذ.م.م			smirnova.mad@gmail.com
29691	ENLIGHTEN PROPERTIES	انليتين للعقارات	www.enlightenproperties.ae		hussainuae92@gmail.com
34370	SELECTUM REAL ESTATE BROKERS L.L.C	سيليكتوم للوساطة العقارية ش.ذ.م.م		586485262	shanmiq2@gmail.com
32110	META TRUST REAL ESTATE BROKERS L.L.C	ميتا ترست للوساطة العقارية ش.ذ.م.م			gulmira.am@gmail.com
33600	K L E REAL ESTATE L.L.C	كيه ال اي للعقارات ش.ذ.م.م		502404568	yann@klelifestyle.com
24558	ARCHSTONE PROPERTIES	ارش ستون للعقارات			navita@archstonedubai.com
30797	AYKON CITY REAL ESTATE	ايكون سيتي للعقارات			alichand786@yahoo.co.in
20767	PRIVILEGE SPACE PROPERTY	بريفيلج اسبيس للعقارات		43988977	kirill@privilegeproperty.ae
29940	ALUDRA ESTATES L.L.C	الودرا للعقارات ش.ذ.م.م		528641116	info@aludra.ae
33189	T ASH INTERNATIONAL REALTY BROKER	تي اش إنترناشيونال للوساطة العقاريه			Tyron.ash@tyronash.com
36116	ELITE BRICKS REAL ESTATE BROKERS L.L.C	ايليت بريكس للوساطة العقارية ذ.م.م			Omara.DLD@elite-bricks.com
30498	K ESTATES L.L.C	كي للعقارات ش.ذ.م.م			khiks@me.com
30302	202311171019 FOR HERBS PACKAGING CO. L.L.C	٢٠٢٣١١١٧١٠١٩ لتعبئة النباتات العشبية ذ.م.م			admin@anf-realestate.com
31878	ALPHA CAPITAL REAL ESTATE L.L.C	الفا كابيتال للعقارات ذ.م.م			ALPHA@GMAIL.COM
26432	GOLD MILE PROPERTIES	جولد مايل للعقارات			saifullah1927@hotmail.com
28186	JEWELS HOMES REAL ESTATE BROKERAGE L.L.C	جولز هومز للوساطة العقارية ش.ذ.م.م			Jelan.mostafa@gmail.com
30076	MUHAMMAD HUMANYON REAL ESTATE BROKER	محمد همانيون لوساطة العقارية		544400814	muhammadhumanyon@gmail.com
32268	ORIGINAL BULL AND BEAR PROPERTIES	اورجينال بول اند بير للعقارات		4331111	realtoronaharley@gmail.com
25767	SIGMA NINE REAL ESTATE BROKERAGE	سيجما ناين للوساطة العقارية			bebo19772000@yahoo.co.uk
30647	OM HOME REAL ESTATE L.L.C	أوم هوم للعقارات ذ.م.م			crm@albusinesshouse.com
31206	PROFOUND REALTORS REAL ESTATE	بروفاوند ريلتورز للعقارات			ashfaqhussain@tlre.ae
28045	RADIS HOME REAL ESTATE BROKERAGE	راديس هوم للوساطة العقارية		0	Rashid@radis.net
29036	A A A REAL ESTATE	ايه ايه ايه للعقارات	aaaredubai.com	42850659	info@aaaredubai.com
39026	SANTY REAL ESTATE L.L.C	سانتي للعقارات ش.ذ.م.م			santosh.dc86@gmail.com
29604	FRONT DE MER REAL ESTATE L.L.C	فرونت دي مير للعقارات ش.ذ.م.م		971-4-5298671	broma2498@gmail.com
33935	BANOO REAL ESTATE BROKER L.L.C	بانو للوساطة العقارية ش.ذ.م.م		523832000	fara.askari@gmail.com
34158	UNA REAL ESTATE L.L.C	يو ان ايه للعقارات ش.ذ.م.م			khatsaev@inbox.ru
36539	GRAN PRI REAL ESTATE L.L.C	جران بري للعقارات ش.ذ.م.م		545410353	privalovgrigorii@gmail.com
33053	LUX EMPIRE PROPERTIES	لوكس امباير للعقارات		44430813	anjali.suman1@gmail.com
32570	STABILITY PROPERTIES L.L.C	ستابيليتي للعقارات ش.ذ.م.م			Fadelmurad21@hotmail.com
38018	NEW ERA HOMES REAL ESTATE L.L.C	نيو ايرا هومز للعقارات ش.ذ.م.م	newerahomes.co	971-04-5516497	salhadidi@newerahomes.co
17265	TARYAM REAL ESTATE	تريم للعقارات		971-4-3234444	taryam.m@gmail.com
34584	S B S REAL ESTATE BROKERS L.L.C	اس بيه اس للوساطة العقارية ذ.م.م			sarmad.nauman@icloud.com
32073	ROSHN STATELY REAL ESTATE L.L.C	روشن ستيتلي للعقارات ش.ذ.م.م			alhajiofficee@gmail.com
30003	EVERMARK PROPERTIES	ايفرمارك للعقارات		971|547049138	avipanday82@gmail.com
22897	PROPERTY HOME REAL ESTATE L.L.C	بروبرتي هوم العقارات ش.ذ.م.م		971-4-3330799	shafique@propertyhome.ae
28043	AVALON PROPERTIES	أفالون للعقارات			AHMAD@AVALONPROPERTIES.AE
33715	THIRTEEN ELITE REAL ESTATE L.L.C	ثيرتين اليت للعقارات ش.ذ.م.م		585683113	alenapent@13elite.com
28039	K & Z REAL ESTATE	كيه اند زد للعقارات		971|555536074	safakamel25@gmail.com
29155	M T R PROPERTIES L.L.C	ام تي ار للعقارات ش.ذ.م.م			TARLAN.MUSAEV@MTR.AE
16408	HOME LOCATOR PROPERTIES BROKER	هوم لوكيتور للوساطة العقارية		971-04-2649899	info@homelocator-properties.com
28908	URBAN HAUSS REAL ESTATE BROKERAGE	عربان هاوس للوساطة العقارية			far59@hotmail.com
29735	AIT SQUARE PROPERTIES L.L.C	ايه اي تي سكوير للعقارات ش.ذ.م.م			a.aroraarti@gmail.com
11731	ALHAMEZ REAL ESTATE BROKERAGE	الحامز للوساطة العقارية		971|558555542	alhamez@hotmail.com
30733	TRINITY REAL ESTATE BROKERS L.L.C	ترينيتي للوسطاء العقاريين ش.ذ.م.م			ankita.havelia10@gmail.com
32021	DAREEN REAL ESTATE BROKER	دارين للوساطة العقارية			noman.hameed@hotmail.com
31150	REALATE PROPERTIES L.L.C	رياليت للعقارات ش.ذ.م.م		0	saadaouik92@gmail.com
32630	VISION REALTY REAL ESTATE L.L.C	فيجن ريالتي للعقارات ذ.م.م		543030669	support@blackswanbss.com
25990	ALTAIR REALESTATE L.L.C	الطير للعقارات ش.ذ.م.م			admin@altairre.ae
35678	BRICKLANE REAL ESTATE L.L.C	بريكلين للعقارات ش.ذ.م.م			ceo@aceholidayhomes.com
31650	INVESTO REAL ESTATE	انفاستو للعقارات			shihab@investouae.com
2438	LAND GATE REAL ESTATE	لاند جيت للعقارات	alremal real estate broker	971-04-2878735	4gatesb@gamil.com
32211	GOLDBRICK REALTY L.L.C	جولد فينش للعقارات ش.ذ.م.م		971-04-5293317	capriyankapatel1989@gmail.com
25770	WOW PROPERTIES L.L.C	واو للعقارات ش.ذ.م.م		42727674	m.atifjaffar@gmail.com
23374	HOMES PARTNER REAL ESTATE MANAGEMENT SUPERVISION SERVICES L.L.C	هومز بارتنر لخدمات الإشراف الإداري للعقارات ش.ذ.م.م	www.homespartner.ae		info@homespartner.ae
32919	SAMNA REAL ESTATE L.L.C	سامنا للعقارات ش.ذ.م.م			samna55@hotmail.com
31769	THRIVESTATE SQUARE REAL ESTATE	ثريف ستيت سكوير للعقارات			samir.s@al-arabiyadubai.com
33816	GAJ PROPERTIES L.L.C	جي ايه جيه بروبرتيز ش.ذ.م.م			rikinb@gmail.com
23252	INVEST IN REAL ESTATE L.L.C	إنفست إن العقارية ش.ذ.م.م	www.investinae.com		info@investinae.com
31837	GOLDEN SQUARE FEET INTERNATIONAL PROPERTIES L.L.C	قولدن سكوير فيت انترناشونال برزبرتيز ذ.م.م			vijayakumar.nair@yahoo.com
34100	SIGNATURE LUXURY REAL ESTATE	سيجنيتشر لاكشري للعقارات			syedali@signaturelivings.com
28357	T R P E REAL ESTATE	تي ار بي إي للعقارات			saeid@nazemi.co.uk
32958	SAMENT REAL ESTATE L.L.C	سامنت للعقارات ذ.م.م			nikhail.amg@gmail.com
27364	LAMAAT ALMAS REAL ESTATE BROKERAGE L.L.C	لمعة ألماس للوساطة العقارية ش.ذ.م.م	https://lamaatalmas.com		info@lamaatalmas.com
11724	ARK PROVENTUS REAL ESTATE BROKERS L.L.C	ارك بروفينتوس للوساطة العقارية ش.ذ.م.م		971-4-2766861	info@arkproventus.com
32877	TREND REAL ESTATE L.L.C	ترند للعقارات ش.ذ.م.م			ahmed.ayyad@trend-realestate.com
26175	BOOSTING REAL ESTATE LLC	بوستينغ للعقارات ش ذ م م		48358150	admin@boostingproperties.ae
29197	RICHMOUNT PROPERTIES	ريتش مونت بروبتيز			siyadhassan66@gmail.com
26537	MAPLE AND ROSE REAL ESTATE L.L.C	مابل اند روز للعقارات ش.ذ.م.م			NATASHA@MAPLENROSE.COM
32060	EMARSALE REAL ESTATE BROKERAGE L.L.C	ايمارسيل للوساطة العقارية ش.ذ.م.م		508700872	Ea3j@live.com
32085	YUGEN PROPERTIES L.L.C	يوجين للعقارات ذ.م.م		971508894005	info@yugenproperties.ae
29514	EVERHOMES REAL ESTATE BROKERAGE L.L.C	ايفيرهومز للوساطة العقارية ش.ذ.م.م			premierarabian@gmail.com
33081	YANA YARD PROPERTIES L.L.C	يانا يارد للعقارات ش.ذ.م.م			Pdv-8@ukr.net
33536	PROVINCE PROPERTIES L.L.C	بروفينس للعقارات ش.ذ.م.م			mbibi@provinceproperties.ae
35306	INFINITY REALTY REAL ESTATE	انفينيتي ريالتي للعقارات			SAMIR@AACONSULTANCY.AE
35298	AMROZ REAL ESTATE L.L.C	امروز للعقارات ش.ذ.م.م			dubaibusiness9@gmail.com
38054	ELEVATION INTERNATIONAL REAL ESTATE L.L.C	إليفيشن إنترناشيونال للعقارات ذ.م.م			Kushcorporate@gmail.com
34231	ROYAL NETWORK PROPERTIES L.L.C	رويال نتورك للعقارات ش.ذ.م.م		43495591	ceo@networkhome.ae
12351	MAJID SULTAN REAL ESTATE BROKERAGE	ماجد سلطان للوساطة العقارية			mayed77777@hotmail.com
35158	XPAND HOMES REAL ESTATE L.L.C	اكسباند هومز للعقارات ش.ذ.م.م			arslanazeez25@gmail.com
33088	NEO REALTY REAL ESTATE BROKER L.L.C	نيو ريالتي للوساطة العقارية ش.ذ.م.م			tshepo@neorealtydubai.ae
31372	BILLIONACE REAL ESTATE BROKERS L.L.C	بيليونيس للوساطة العقارية ش.ذ.م.م			Wowkatrina@mail.ru
36429	BEST TOWN REALTY REAL ESTATE L.L.C	بست تاون رياليتي للعقارات ش.ذ.م.م		50000	Imsania@live.com
32758	ALISTER REAL ESTATE BROKERAGE L.L.C	اليستر للوساطة في بيع العقارات وشرائها ش.ذ.م.م			tariqaldajani@hotmail.com
21534	SOLID ROOTS REAL ESTATE L.L.C	سوليد روتس للعقارات ش.ذ.م.م	www.solid-roots.com	44250499	adnanproperty@gmail.com
26307	BAYT 88 REAL ESTATE L.L.C	بيت 88 للعقارات ش.ذ.م.م			May@bayt88.com
30600	YAQEEN REAL ESTATE BROKER	يقين للوساطة العقارية			tbi30@yahoo.fr
36491	SKY HYVE REAL ESTATE L.L.C	سكاي هايف للعقارات ش.ذ.م.م			rebeccanishaj@gmail.com
35566	ROYAL MODERN REAL ESTATE L.L.C	رويال مودرن للعقارات ذ.م.م		42627192	info@rmre.ae
31464	FUNDA REAL ESTATE L.L.C	فوندا للعقارات ش.ذ.م.م	https://funda.ae/		info@funda.ae
32970	ONE O ONE PROPERTIES L.L.C	ون او ون للعقارات ش.ذ.م.م			Sultanmohd_@hotmail.com
26417	CONNECTING CONTINENTS REAL ESTATE BROKERAGE L.L.C	كونكتينغ كونتيننتز للوساطة العقارية ش.ذ.م.م			ankitgulati21@gmail.com
27791	MOIZ KHOJA REAL ESTATE L.L.C	معز خوجه للعقارات ش.ذ.م.م			moizkhoja02@outlook.com
37038	GXLLOYD REAL ESTATE L.L.C	جيكسلويد للعقارات ش.ذ.م.م			george@gxlloyd.com
30366	DEUS REAL ESTATE	ديوس للعقارات			sherifaj.suada@gmail.com
29677	KREDIUM TECHNOLOGIES L L C - DUBAI BRANCH	كريديوم تكنولوجيز ذ م م - فرع دبي	https://www.kredium.ae		info@kredium.ae
13268	JNANA REAL ESTATE BROKERAGE	جنانة للوساطة العقارية			almeeza630@hotmail.com
26276	CZAR PROPERTIES L.L.C	كزار للعقارات ش.ذ.م.م			tanveer522@outlook.com
25881	EZDAN REAL ESTATE BROKERAGE L.L.C	ازدان للوساطه العقاريه ش.ذ.م.م			
36071	INVESTORIA ASM REAL ESTATE L.L.C	انفيسترا ايه اس ام للعقارات ش.ذ.م.م		524754204	suraya@investoria.ae
27596	NESTSEEKERS REAL ESTATE L.L.C	نيستسيكيرس للعقارات ش.ذ.م.م		582396655	Firstlinebs@gmail.com
28816	A G L REAL ESTATE	ايه جي ال للعقارات			meenuggn2011@gmail.com
33486	AGENT FRANK REAL ESTATE BROKERAGE L.L.C	اجنت فرانك للوساطة العقارية ش.ذ.م.م			michael@agentfrank.ae
33225	ARC CONCEPT REAL ESTATE L.L.C	ارك كونسبت للعقارات ش.ذ.م.م			Platforce2022@gmail.com
32106	MOON VALLEY PROPERTIES L.L.C	مون فالي للعقارات ش.ذ.م.م			najma@rca.ae
31005	HOMESCANER REAL ESTATE BROKERS	هومسكنر للوساطة العقارية			grenroz@gmail.com
12064	LEMAR PROPERTY L.L.C	ليمارالعقارية ش.ذ.م.م		971-4-3438885	albastaki@lemar.ae
23412	Z A H A B I PROPERTIES L.L.C	زد ايه اتش ايه بي اي للعقارات ش.ذ.م.م		48878825	zahabihomes@gmail.com
37921	URBAN VISTA REAL ESTATE L.L.C	اوربان فيستا للعقارات ش.ذ.م.م			sales@urbanvista.ae
26038	AARNA REAL ESTATE BUYING & SELLING BROKERAGE	ارنا للوساطة في بيع العقارات وشرائها			aqshatas@gmail.com
30087	STONEGATE REAL ESTATE	ستون جيت للعقارات			INFO@STONEGATEDUBAI.COM
35506	M K M PROPERTIES L.L.C	ام كيه ام للعقارات ذ.م.م		971-04-4107255	Dubaiproperty53@gmail.com
34250	GARDENIA HOMES REAL ESTATE L.L.C	جاردن هومز للعقارات ش.ذ.م.م			govind.shrma7@gmail.com
31445	APG REAL ESTATE	ايه بي جي للعقارات			gdavies1982@live.co.uk
30225	MPRIVE MPR REALTY L.L.C	امبرايف ام بي ار للعقارات ذ.م.م		527871123	sultancellist@gmail.com
29316	PLAYA REAL ESTATE BROKERAGE	بلايا للوساطة العقارية			shadi@playadubai.com
31820	STAQ PROPERTIES	استاق للعقارات			SAMTATHUL@STAQPROPERTIES.COM
38973	7TH VIBE PROPERTIES L.L.C	7 تي اتش فايب للعقارات ش.ذ.م.م	http://www.7vproperties.ae		admin@7vproperties.ae
26602	FORTE REALTY REAL ESTATE L.L.C	فورتي رياليتي للوساطة العقارية ش.ذ.م.م			cathy.ninen@forterealty.ae
32882	IMMODXXB PROPERTIES L.L.C	ايمودكسب للعقارات ذ.م.م			cbschuetze@gmail.com
33182	HOUSEBOOK REAL ESTATE L.L.C	هاوسبوك للعقارات ش.ذ.م.م			vf@itlabrealty.ru
36949	MYEI MIDDLE EAST REAL ESTATE BROKERAGE L.L.C	ام واي اي آي ميدل ايست للوساطة العقارية ش.ذ.م.م			legalize200188@gmail.com
29745	COUNTRYWIDE REAL ESTATE	كنتري وايد للعقارات		971|556558500	jafarovsafar@gmail.com
35710	IRIS HOUSE PROPERTIES L.L.C	ايريس هاوس للعقارات ش.ذ.م.م			Bsaadedine@gmail.com
29749	STELLAR HOMES REAL ESTATE	استيلرهومز للعقارات			info@stellarhomes.ae
27373	HIGHLINE REAL ESTATE	هايلاين للعقارات			Wphamdan@gmail.com
30142	XSPACE REAL ESTATE (BRANCH)	اكسسبيس للعقارات (فرع)		971-04-5781835	jasonjiang0427@gmail.com
32355	BLUE RAY PROPERTIES L.L.C	بلو راي للعقارات ش.ذ.م.م		505017170	M_m_moussa@hotmail.com
37338	D G S REAL ESTATE BROKERAGE L.L.C	دي جي اس للوساطة العقارية ش.ذ.م.م		585982840	galiyaker@gmail.com
26489	SUSTAINBLE HOMES REAL ESTATE - DUBAI BRANCH	سستينبل هومز للعقارات - فرع دبي			info@sustainblehomes.ae
34046	TERRA CAPITAL REAL ESTATE L.L.C	تيرا كابيتل للعقارات ذ.م.م		552326377	igaraev@hotmail.com
29028	WEPLUS REAL ESTATE	ويبلس للعقارات			hanluyangazyll@gmail.com
26464	ANDERSEN PROPERTIES L.L.C	اندرسن للعقارات ش.ذ.م.م		502121260	hany.a@andersenpro.com
31933	CONTINENTAL CLUB PROPERTY L.L.C	كونتيننتال كلوب للعقارات ش.ذ.م.م			sergey@gamepay.sg
32937	BAY POINT REAL ESTATE	باي بوينت للعقارات			ckarish111@gmail.com
23059	PROPERTYPISTOL REAL ESTATE BROKERS L.L.C	بروبرتيبيستول للوساطة العقارية ش.ذ.م.م		971-4-3799329	info@recdocs.com
32838	SAFE CHOICE REAL ESTATE L.L.C	سيف تشويس للعقارات ش.ذ.م.م	https://safechoice.ae		ahmed@safechoicere.com
30833	NICE MOVE REAL ESTATE MANAGEMENT SUPERVISION SERVICES	نايس موف لخدمات الإشراف الإداري للعقارات			salamlucky2021@gmail.com
36470	ARABESCO PROPERTIES L.L.C	ارابيسكو العقارية ذ.م.م			najeeb@arabescoproperties.com
29130	TRUVIK REAL ESTATE	تروفيك للعقارات		971-04-2959965	connect@preciouspoint.com
28051	ELIO PROPERTIES	ايليو للعقارات		971-04-2765026	info@elioproperties.com
36433	GRAND REVE REALTY L.L.C	جراند ريف للعقارات ذ.م.م			INFO@AL-ARABIYADUBAI.COM
11765	M & K REAL ESTATE BROKERS	ام اند كيه للوساطة العقارية	www.mkuae.ae	971-04-2432525	propertiesofarabia@gmail.com
37313	MONARCH HILL REAL ESTATE L.L.C	مونارج هيل للعقارات ش.ذ.م.م			monarchhillrealestate@gmail.com
30075	HOMESTEAD REAL ESTATE	هومستيد للعقارات		971-4-3546888	homesreal2022@gmail.com
30031	CAPITAL ONE REAL ESTATE	كابتال وان للعقارات		971-04-4332900	was_memon@yahoo.com
29227	LAVIVA REAL ESTATE BROKERAGE L.L.C	لفيفا للوساطة العقارية ش.ذ.م.م		529903300	lavivaproperties1@gmail.com
36488	MARCO POLO PREMIUM PROPERTIES L.L.C	ماركو بولو بريميوم للعقارات ش.ذ.م.م			nadirahmad486@gmai.com
23364	101 PREMIUM PROPERTIES L.L.C	101 بريميم للعقارات ش.ذ.م.م		971-50-1023981	info@101properties.ae
29899	FEA PROPERTIES	اف اي ايه للعقارات	https://feaproperties.ae/		info@feaproperties.ae
32952	Y B O L REAL ESTATE BROKERAGE	واي بي او ال للوساطة العقارية			yacine.bekkar@hotmail.com
31679	BROECK REAL ESTATE	برويك للعقارت		503351188	sthullebroeck@gmail.com
26221	QING SHAN PROPERTIES	كينغ شان للعقارات			qingshan.ae@gmail.com
28974	NOOR MAJID REAL ESTATE BUYING AND SELLING BROKERAGE	نور المجد للوساطة في بيع العقارات وشرائها			ceo@noormre.com
35526	ATP REAL ESTATE L.L.C	ايه تي بي للعقارات ش.ذ.م.م			angelatohme@gmail.com
32748	DIAMOND HILLS REAL ESTATE L.L.C	دايموند هيلز للعقارات ش.ذ.م.م		971-54-2503177	bestprodxb@gmail.com
31704	BELLECHASSE PROPERTIES L.L.C	بيلشاس للعقارات ش.ذ.م.م			KHALEDHAMDI43@GMAIL.COM
30532	URUK REAL ESTATE BROKERAGE	اوروك للوساطة العقارية			ATHEER@GMAIL.COM
34719	LIVRICHY REAL ESTATE BROKERAGE L.L.C	ليفرجي للوساطة العقارية ش.ذ.م.م		547092817	eduard@livrichy.com
37856	GETHER PROPERTY L.L.C	جذر للعقارات ذ.م.م		548882200	Gethergroup1@gmail.com
27938	PHIRDOS STAR PROPERTY	فردوس ستار العقارية		971|7082205	FARHAD.ABID@ICLOUD.COM
32603	CIRCLE HOMES REAL ESTATE L.L.C	سيركل هومز للعقارات ش.ذ.م.م			Chauhansemilo33@gmail.com
34562	LAZAR REALTY L.L.C	لازار للعقارات ش.ذ.م.م			david@activistinvestingllc.com
31815	THE CHIC PROPERTIES L.L.C	ذا شييك للعقارات ش.ذ.م.م			nazik@tm-star.com
29154	RISE HOMES REAL ESTATE L.L.C	رايز هومز للعقارات ذ.م.م	www.risehomes.ae	555511635	omran.baig@hotmail.com
29105	MERIDIAN ELITE PROPERTIES L.L.C	ميريديان ايليت للعقارات ش.ذ.م.م			artur.naveri@gmail.com
28077	MERCURY REAL ESTATE	ميركري للعقارات			saeed254@gmail.com
20317	K A F GLOBAL REAL ESTATE BROKERS L.L.C	كيه ايه اف جلوبال للوساطة العقارية ش.ذ.م.م	www.kafgbl.com	971-04-8347525	info@kafgbl.com
38476	REALUX PROPERTIES L.L.C	ريلوكس للعقارات ش.ذ.م.م			rsamour884@yahoo.com
34682	CORNICHE BLUE REAL ESTATE	كورنيش بلو للعقارات			Kuberrai@gmail.com
38607	NINE STAR PROPERTIES L.L.C	ناين ستار للعقارات ذ.م.م			yash.lakhwani2000@gmail.com
29091	THREE STEPS AHEAD REAL ESTATE L.L.C	ثري ستبس اهيد للعقارات ش.ذ.م.م			asma@3saestate.com
34751	BMAR REAL ESTATE BROKERAGE L.L.C	بمر للوساطة العقارية ش.ذ.م.م			mrn.berd@gmail.com
24451	ROTANA PROPERTIES L.L.C	روتانا للعقارت ش.ذ.م.م			bensoltana.touria@gmail.com
26611	ONE GLOBAL REAL ESTATE L.L.C	ون جلوبال للعقارات ش.ذ.م.م		41111111	ash.1gre@yahoo.com
32699	AVANCE REAL ESTATE L.L.C	افانس للعقارات ش.ذ.م.م		0	A.malhis30@gmail.com
31352	F A M REAL ESTATE BROKER L.L.C (BRANCH)	اف ايه ام للوساطة العقارية ش.ذ.م.م (فرع)		4369717	VYSAK@FAMPROPERTIES.COM
36452	GRACE REALTY REAL ESTATE	جرس ريلتي للعقارات			info.grredubai@gmail.com
37045	MOODYS CORE L.L.C	موديس كور للعقارات ش.ذ.م.م			mark@mcre.me
19913	21ST CENTURY REAL ESTATE L.L.C	تونتي فيرست سنشري للعقارات ش.ذ.م.م	www.invistahomes.com	543195636	info@21centuryrealestateuae.com
28527	KERELA JUICE TECH FOR WEB-DESIGN	كيرلا جويس تش لتصميم مواقع الشبكة المعلوماتية ( الانترنت)			ceo@oversort.com
35452	KEY SHORE REAL ESTATE L.L.C	كيي شور للعقارات ذ.م.م			info@keyshorerealestate.com
35328	EXCEED REAL ESTATE L.L.C	اكسيد للعقارات ش.ذ.م.م			exceed.re@gmail.com
2586	PAGE REAL ESTATE BROKERS SINGLE PERSON COMPANY L.L.C	الصفحة للوساطة العقارية شركة ذات الشخص الواحد ش.ذ.م.م	www.pagedubai.com	4541580	pagesajad@gmail.com
34000	YUDA PROPERTIES L.L.C	يودا للعقارات ش.ذ.م.م			yudaproperties@gmail.com
25227	Impressive Real Estate L L C	امبريسف للعقارات ش.ذ.م.م	www.impressivecorp.com	507465012	info@impressivecorp.com
34809	STANFORD PROPERTIES L.L.C	ستانفورد للعقارات ش.ذ.م.م			zakaria.majouz@gmail.com
35929	FIRST PLACE REALTOR L.L.C	فيرست بليس للعقارات ذ.م.م			lesnykhvadim999@gmai.com
34643	GORILLA REAL ESTATE BROKERAGE L.L.C	غوريلا للوساطة العقارية ش.ذ.م.م			admin@gorilla-estate.com
37590	RAFAEL PROPERTIES	رافييل للعقارات		554073535	ea.ba@icloud.com
32250	MODCASA REAL ESTATE L.L.C	مودكاسا للعقارات ذ.م.م			haris.propertyworld@gmail.com
28937	GLAMOUR HOMES REAL ESTATE	جلامور هومز للعقارات	www.glam.com.ae	566093575	glamourhomesdxb@gmail.com
17068	POPULAR HOMES REAL ESTATE	بوبيولر هوم للعقارات			bilal510056@yahoo.com
33123	BRIGHT MAX PROPERTIES L.L.C	برايت ماكس للعقارات ش.ذ.م.م		4000000	naseer.faheem@hotmail.com
36015	JON & JULIAN REAL ESTATE L.L.C	جون & جوليان للوساطة العقارية ش.ذ.م.م			jonathan@jonandjulian.com
32500	WHITE LOTUS REAL ESTATE	وايت لوتس للعقارات	https://whitelotusuae.com	582875775	aseel@whitelotusuae.com
29129	EMIREX PROPERTIES	ايمركس للعقارات			support@kwsme.com
36707	KUNJ FOR U PROPERTIES	كيونج فور يو بروبرتيز			abhishek@kunj4u.com
28734	FUNNEL EXPERTS PROPERTIES L.L.C	فونيل اكسبيرتس للعقارات ذ.م.م			touhid1571@gmail.com
33056	TOP ADDRESS CITY REAL ESTATE L.L.C	توب ادرس ستي للعقارات ش.ذ.م.م			mahamad_32@yahoo.com
28940	LIBERTA REALTY L.L.C	ليبرتا للعقارات ش.ذ.م.م		97145293464	jpabesio@libertarealty.com
34866	THE LUXURY ADDRESS REAL ESTATE L.L.C	ذا لاكجيري ادريس للعقارات ش.ذ.م.م		971|505054135	yasin@luxurydubaibroker.com
34773	BAYTI COLLECTIVE REAL ESTATE L.L.C	بيتي كوليكتف للعقارات ش.ذ.م.م	www.baytirealestate.com		social@baytirealestate.com
34963	RELEGANCE PROPERTIES L.L.C	ريليجانس للعقارات ش.ذ.م.م		557457411	Issam@releganceproperties.com
35873	ADDCON REAL ESTATE BROKERS L.L.C	أدكون للوساطة العقارية ذ.م.م			parvezmssurve@gmail.com
32087	ANWA PROPERTIES L.L.C	ايه ان دبليو ايه للعقارات ش.ذ.م.م			zainul@imasbiz.com
30100	OPD REAL ESTATE L.L.C	اوو بي دي للوساطة العقارية ش.ذ.م.م			arman.gharavi3@gmail.com
31145	GEMS PROPERTIES REAL ESTATE BROKERAGE	جمس بروبرتيز للوساطة العقارية		48803231	Gemsproperties.dxb@gmail.com
29949	202311171004 FOR PIPES & HOSES ASSEMBLING EST.	مؤسسة ٢٠٢٣١١١٧١٠٠٤ لتجميع الأنابيب والخراطيم			gmulani681@gmail.com
34440	LIBERTY HOUSE REAL ESTATE L.L.C	ليبرتي هاوس للعقارات ذ.م.م			meriieemjadi@gmail.com
34915	CASTLE AND KEY REAL ESTATE L.L.C	كاسيل وكي للعقارات ش.ذ.م.م			marketing@castleandkey.ae
33492	OLIVIA PREMIUM REAL ESTATE L.L.C	اوليفيا بريميم للعقارات ش.ذ.م.م			5770067@gmail.com
30585	SUNSET SELLERS FOR REAL ESTATE BUYING & SELLING BROKERAGE	سونست سيلرس للوساطة في بيع العقارات وشرائها			enikeev.iskander@gmail.com
31989	BEYTKOM PROPERTIES	بيتكم للعقارات			zaatari_m@hotmail.com
34686	GOLD ACADEMIA REAL ESTATE BROKERS L.L.C	جولد اكاديما للوساطة العقارية ش.ذ.م.م			217642@mail.ru
27459	AVANT GARDE REAL ESTATE L.L.C	افانت جارد للعقارات ش.ذ.م.م			arslan198955@gmail.com
35142	ETERNAL HOMES REAL ESTATE L.L.C	اتيرنال هومز للعقارات ش.ذ.م.م			nirali1010@gmail.com
36597	TAP REAL ESTATE BROKERAGE L.L.C	تي ايه بي للوساطة في بيع العقارات وشرائها ش.ذ.م.م			adnan.zafarali72@gmail.com
33335	AHLEEN PROPERTIES	اهلين للعقارات			bogikertesz@icloud.com
30530	D M A X X PROPERTIES L.L.C	دي ام ايه اكس اكس للعقارات ذ.م.م			corporate@dmaxx.ae
34645	D E E N PROPERTIES L.L.C	دي اي اي ان للعقارات ش.ذ.م.م			f.mirza@deenpropertiesuae.com
32239	GETHOME REAL ESTATE BROKERAGE L.L.C	جت هوم للوساطة العقارية ش.ذ.م.م			dm@gethome.ae
37466	REALINTEL REAL ESTATE L.L.C	ريلانتيل للعقارات ذ.م.م		97143867444	shiv@realintel.ai
38045	SABA SANABEL REAL ESTATE L.L.C	سبع سنابل للعقارات ش.ذ.م.م			salmantimimi@hotmail.com
31667	RELUX REAL ESTATE BROKERS	ريلوكس للوسطاء العقاريين		545155888	ceo@o-group.com
30738	LUXURY LINK PROPERTIES L.L.C	لاكجري لينك للعقارات ش.ذ.م.م			sameer@al-arabiyadubai.com
28087	PROFOUND PROPERTIES	بروفاوند للعقارات		971-4-5545232	Nassif@theprofoundproperties.com
33565	TITANIUM REAL ESTATE L.L.C	تيتانيوم للعقارات ش.ذ.م.م		971-04-5643863	meezanm@gmail.com
29287	2F PROPERTIES	2 اف للعقارات			info@2fproperties.com
37898	SKY FIVE REAL ESTATE L.L.C	سكاي فايف للعقارات ش.ذ.م.م			sarathgopa@yahoo.com
31697	BIRCHFORT REAL ESTATE L.L.C	بيرشفورت للعقارات ش.ذ.م.م			armagan@birchfort.com
32426	GREEN WORLD REAL ESTATE BROKERS	جرين ورلد للعقارات			azmi999@hotmail.com
19131	EQUITY PARTNERS REAL ESTATE BROKERS	اكويتي بارتنرز للوساطة العقارية	www.brandedrealty.com	42408135	aswathi.menon999@gmail.com
35426	L B I PROPERTIES L.L.C	ال بي اي بروبرتيز ش.ذ.م.م			admin@lbips.com
30370	BILLIONS LUXURY HOMES REAL ESTATE	بيليونز لاكشري هومز للعقارات			biz@billions.media
29474	GOODWILL HOMES REAL ESTATE L.L.C	جود ويل هومز سبريت للعقارات ش.ذ.م.م			Info@goodwillhomes.ae
27601	INCH AND BRICK REALTY REAL ESTATE BROKER	انش اند بركس ريالتي لوساطة العقارية	www.inchbrick.com		tauseef83@gmail.com
36657	HAUS VILLE REAL ESTATE L.L.C	هاوس فيل للعقارات ذ.م.م			hari@hausville.ae
31502	PROSPER INTL REAL ESTATE L.L.C	بروسبر انتل للعقارات ذ.م.م			Louai.khzam@prosperuae.com
32341	IRONWOOD REAL ESTATE	ايرون وود للعقارات			ceo@ironwood.ae
32669	AGEEVA REALTY REALESTATE L.L.C	اجيفا ريالتي للعقارات ش.ذ.م.م			at971544112174@gmail.com
30877	RAMOS REAL ESTATE BUYING & SELLING BROKERAGE L.L.C	راموس للوساطة في بيع العقارات وشرائها ذ.م.م			ramos@ramosrealestatedubai.com
36692	ASHLEY BROWN PROPERTIES L.L.C	آشلي براون للعقارات ش.ذ.م.م			qasim392@hotmail.com
32150	ANNKASTLES PROPERTIES	اننكاستليس للعقارات			sales@annkastles.com
31168	Z A R PROPERTIES	زد ايه ار للعقارات			katsyuba@gmail.com
31804	H J REAL ESTATES L.L.C	اتش جي للعقارات ش.ذ.م.م			hjadmin@hjrealestates.com
30506	SYMBOL REAL ESTATE	سيمبول للعقارات			uae212018@gmail.com
17290	PLATINUM HOME REAL ESTATE	بلاتينيوم هوم للعقارات			ahmed.murad@platinumhomere.com
36117	SEQUOIA PROPERTIES L.L.C	سكويا العقارية ش.ذ.م.م			jcai.dxb@gmail.com
29475	BRICK & BLOCK PROPERTIES	بريك اند بلوك للعقارات	www.brickblockproperties.com	543080910	ibnsameer.h@gmail.com
25582	GERALDIN HOMES REAL ESTATE	جيرالدن هومز للعقارات		971-4-8871777	anvarsadiqtp@gmail.com
33759	BADR ALWAFA REAL ESTATE L.L.C	بدر الوفاء للعقارات ذ.م.م		971-4-4526225	bolwardxb@hotmail.com
29832	ZED CAPITAL REAL ESTATE L.L.C	زيد كابيتال للعقارات ش.ذ.م.م		971|504676833	info@zedcapital.ae
31573	GOLDEN PEARL REAL ESTATE BROKERS	جولدن بيرل للوساطة العقارية			anne.tas.ae@gmail.com
35735	JUPITER HOMES REAL ESTATE L.L.C	جوبيتر هومز للعقارات ذ.م.م			Anilchainani@yahoo.com
33620	MEDYAR REAL ESTATE BROKERS	مديار للوساطة العقارية			elzein.moe@gmail.com
30849	888 LUXURY REAL ESTATE BROKERS L.L.C	888 لاكجري للوساطة العقارية ش.ذ.م.م		48832788	natedania@gmail.com
27806	S N A REAL ESTATE L.L.C	اس ان ايه للعقارات ش.ذ.م.م			Manisharaikhy@gmail.com
32596	Z L K REAL ESTATE	زد ال كيه للعقارات			ali@zlkuae.com
23723	ARABIAN SUNRISE PROPERTIES L.L.C	اريبيان صن رايز للعقارات ش.ذ.م.م	www.arabiansp.ae		maria@arabiansp.ae
12832	IPROJECT REAL ESTATE	أي بروجكت للعقارات	971506254167	971-4-3850778	dubai12221@yahoo.com
29523	BEST TRUST REAL ESTATE	بست تراست للعقارات			mhjumaaa@gmail.com
30514	FORBEST REAL ESTATE L.L.C	فور بيست للعقارات ش.ذ.م.م			sameer@al-arabiyadubai.com
16194	AL RAQEEM REAL ESTATE BROKER	الرقيم للوساطة العقارية	www.raq.ae	971-4-2940911	omar_mokh@hotmail.com
12873	ALHUR REAL ESTATE	الحر للعقارات	www.alhur.ae		ali@alhur.ae
38749	NOVA HOMES REAL ESTATE L.L.C	نوفا هومز للعقارات ش.ذ.م.م			swatidubai@gmail.com
29915	CONQUER PLANETARIO REAL ESTATE L.L.C	كونكيور بلانيتاريو للعقارات ش.ذ.م.م			malik.madhurya@gmail.com
33360	ASYAN PROPERTIES	اسيان للعقارات			msmanjra.dev@gmail.com
30550	HEART OF THE CITY PROPERTIES L.L.C	هارت أوف ذا سيتي بروبرتيز ش.ذ.م.م		4474666	a821ka@gmail.com
27419	4C HOMES REAL ESTATE BROKERAGE L.L.C	4 سي هومز للوساطة العقاريه ش.ذ.م.م	www.4chomes.com		garima0312@gmail.com
38982	URBAN HAVEN REAL ESTATE L.L.C	اربان هافين للوساطة العقارية ش.ذ.م.م			akanshaasiyan@gmail.com
34060	CREEK WAY REAL ESTATE L.L.C	كريك واي للعقارات ش.ذ.م.م			fahad.alobaidalla@gmail.com
38423	VEER & SANT REAL ESTATE L.L.C	فير اند سانت للعقارات ش.ذ.م.م			hames@jamessahota.com
30019	202406190850 PORTAL EST.	مؤسسة مجمع للتعامل الإلكتروني ٢٠٢٤٠٦١٩٠٨٥٠			info@oskan.ae
20689	SEGURO REAL ESTATE BROKERAGE	سيغورو للوساطة العقارية			realestate@seguro.ae
30670	F L X PROPERTY L.L.C	اف ال اكس للعقارات ذ.م.م	https://flxproperty.ae/		hello@flxproperty.ae
31560	TURFA BUILDING MATERIALS TRADING L.L.C	ترفة لتجارة مواد البناء ش.ذ.م.م			megafin@emirates.net.ae
36956	SPECTRE REALTY REAL ESTATE BROKER L.L.C	سبكتر ريلتى للوساطة في العقارات ش.ذ.م.م			t.zohaeb@gmail.com
33267	ALTAMANA REAL ESTATE	التمنى للعقارات		547785818	altamanarealestate@gmail.com
33091	MARCO REAL ESTATE BROKERAGE L.L.C	ماركو للوساطة العقارية ش.ذ.م.م			m.a.9901@outlook.com
12091	THE AGENCY REAL ESTATE L.L.C	ذي اجنسي للعقارات ش.ذ.م.م		971-4-3304432	info@agencyrealestates.com
30972	S AND S CAPITAL REAL ESTATE BROKERAGE	اس اند اس كابيتال للوساطة العقارية	https://sscapital.ae	971-04-2944566	falharbi@alharbi.org
28376	PENNY REALTY REAL ESTATE L.L.C	بيني ريالتي للعقارات ش.ذ.م.م			admin@pennyrealtors.com
28244	AGENISTA REAL ESTATE	اجنيستا للعقارات			nh@agenista.com
37364	DAMOS REAL ESTATE L.L.C	داموس للوساطة العقارية ش.ذ.م.م			admin@damosrealestate.com
33295	EMPIRE CITY REAL ESTATE L.L.C	امباير سيتي للعقارات .ذ.م.م		566240604	mahamad_32@yahoo.com
11596	ABDULRAHMAN ALMURID REAL ESTATE LEASING BROKERAGE	عبدالرحمن المريد للوساطة في تأجير العقارات			ar22227@gmail.com
31017	BILER PROFESSIONAL REAL ESTATE L.L.C	بيلر بروفيشنال للعقارات ش.ذ.م.م			ekaterina.rovein@mail.ru
26325	N A E REAL ESTATE L.L.C	ان ايه اي للعقارات ذ.م.م			alnu3amy@hotmail.com
5247	BANI HASHIM REAL ESTATE	بنـــي هاشـــم للعقـــارات		555528100	algareb-22@hotmail.com
2505	DUBAI NATIONAL REAL ESTATE	دبي الوطنية للعقارات		97142695599	mohammad_afeef@hotmail.com
33756	TREX PROPERTIES L.L.C	تريكس للعقارات ش.ذ.م.م			ahsan.aslam01@outlook.com
29046	BLANCO THORNTON PROPERTIES	بلانكو ثورنتون للعقارات		971-04-8866722	info@blancodubai.com
35998	IMMO AVENIR REAL ESTATE BROKERAGE L.L.C	إيمو أفنير للوساطة العقارية ش.ذ.م.م			n.bouaoudia@hotmail.fr
38572	LUMA REAL ESTATE L.L.C	ليوما للعقارات ذ.م.م			lumagroupdxb@gmail.com
30321	SEVEN SPACES REAL ESTATE	سيفين اسبيسيس للعقارات	7spaces.estate		better@callpaul.pro
27861	A L M I R REAL ESTATE BROKER	اي ال ام اي ار للوساطة العقارية		43256111	ladhani_1@hotmail.com
26250	AQUA PROPERTIES L.L.C (BRANCH)	اكوا العقارية ش.ذ.م.م (فرع)	www.aquaproperties.com	97145187555	info@aquaproperties.com
32407	GAIA LIVING REAL ESTATE BROKER L.L.C	غايا ليفينج للوساطه العقارية ش.ذ.م.م			admin@gaia.realestate
37655	ONE PORTFOLIO REAL ESTATE L.L.C	ون بورتفوليو للعقارات ش.ذ.م.م			dilawardahar01@gmail.com
30628	EARID REAL ESTATE BROKERAGE	يريد للوساطة العقارية			41412552@qq.com
28862	REMART PROPERTIES L.L.C	ريمارت للعقارات ش.ذ.م.م			mzeshanhakeem@hotmail.com
34670	AL MANAZEL AL HADITHA REAL ESTATE L.L.C	المنازل الحديثة للعقارات ش.ذ.م.م			Inas.salah40@gmail.com
28906	LUXURY HILLS PROPERTIES L.L.C	لاكجري هيلز بروبرتيز ش.ذ.م.م		43330693	mo@luxuryhills.ae
27377	COVE ESTATES REAL ESTATE BROKERS L.L.C	كوف ايستيتس للوساطة العقارية ش.ذ.م.م			admin@coveestate.com
34206	JUST BESPOKE REAL ESTATE L.L.C	جست بيسبوك للعقارات ش.ذ.م.م			valerio@j-bespoke.com
12868	PASSION PROPERTIES	باشن للعقارات			faisal@passionpropertiesdubai.com
27930	Innvesta Realty Real Estate	إنفستا ريالتي للعقارات		543283673	benjamin@inn-vesta.com
38245	AMSTEIN PROPERTIES L.L.C	أمستين للعقارات ذ.م.م			alishaan.virji@gmail.com
12875	MIRAK REAL ESTATE L.L.C	ميراك للوساطة العقارية ش.ذ.م.م		971-4-2778034	eldawi@live.com
24253	ALMASRUR REAL ESTATE BROKER L.L.C	المسرور للوساطة العقارية ذ.م.م			alood8.a8@gmail.com
36701	FLAIR JALL PROPERTIES L.L.C	فلير جال للعقارات ش.ذ.م.م			admin@flairpropertiesinternational.com
26155	EZHOMES REAL ESTATE BROKER L.L.C	ايزهومز للوساطة العقارية ذ.م.م			info@ezhomesproperties.com
16802	ORACLE PROPERTIES	اوراكل للعقارات		971-04-4327825	johnjovi@msn.com
12525	AL SHARAY REAL ESTATE BROKER	الشراي للوساطه العقاريه		971-4-2734777	rkharaitan@gmail.com
30444	TELLUS PROPERTIES L.L.C	تلس للعقارات ش.ذ.م.م			vladinat@hotmail.com
30304	ROYALS FIELD REAL ESTATE BROKERAGE	رويالز فيلد للوساطة العقارية			h.waqas-malik@hotmail.com
35863	JOYDIR REAL ESTATE L.L.C	جويدر للعقارات ذ.م.م			info@joydir-realestate.com
23276	T A G PROPERTIES L.L.C	تي ايه جي للعقارات ش.ذ.م.م		971-04-7703484	a.parmoun@hotmail.com
30082	GOLDEN STONE PROPERTIES L.L.C	جولدن ستون للعقارات ش.ذ.م.م			Talalturkmani08@gmail.com
32126	LOHANA LUXURY PROPERTIES L.L.C	لوهانا لاكتشري للعقارات ذ.م.م			beesham@lohanaluxury.com
36305	LUXURY KING PROPERTIES L.L.C	لكجري كينج للعقارات ش.ذ.م.م		588481858	luxurykingproperties@gmail.com
31856	GREENINVEST REAL ESTATE L.L.C	جرين انفيست للعقارات ش.ذ.م.م			admin@greeninvestdubai.com
23858	I G H REAL ESTATE BROKER L.L.C	اي جي اتش للوساطة العقارية ش.ذ.م.م			hina@ighre.com
31093	P P K REAL ESTATE	بيه بيه كيه للعقارات			SLNCHHN7@GMAIL.COM
35965	L J K PROPERTIES L.L.C	ال جيه كيه للعقارات ش.ذ.م.م			info.ljkproperties@gmail.com
31274	ALI AND ASSOCIATES REAL ESTATE BROKERAGE L.L.C	علي اند اسوسييتس للوساطة العقارية ش.ذ.م.م	www.aliandassociates.ae	506656405	s.ali@aliandassociates.ae
36386	RISING MOON PROPERTIES L.L.C	ريزنغ مون للعقارات ش.ذ.م.م			deepapamnani@gmail.com
28970	REVE REAL ESTATE	ريف للعقارات			hkalakesh@gmail.com
29291	BAY VIEW REAL ESTATE BROKERS L.L.C	باي فيو للوسطاء العقاريين ش.ذ.م.م	www.bvdubai.com		kareem@bvdubai.com
37709	N K F REAL ESTATE L.L.C	ان كي اف للعقارات ش.ذ.م.م			Nahida.nipa.khan@gmail.com
32467	VIKING REAL ESTATE BROKERS L.L.C	فايكنج للوساطة العقارية ش.ذ.م.م			aimandaleh@gmail.com
16866	SMART STONE PROPERTIES	سمارت ستون للعقارات	www.smartstoneenterprise.com	971 -4- 5135358	hesham@smartstoneenterprise.com
31825	JEWAR PROPERTIES	جوار للعقارات			hmohamed2490@gmail.com
30531	M N V REAL ESTATE BROKERS L.L.C	ام ان في للوساطة العقارية ش.ذ.م.م			dhawalbhansali31@gmail.com
12507	BAIT AL TAMYOZ REAL ESTATE BROKERAGE	بيت التميز للوساطة العقارية	http://baitaltamyoz.ae		ali@ad.ae
36179	SYDNEY REAL ESTATE L.L.C	سيدني للعقارات ش.ذ.م.م			mhamedbakri071977@gmail.com
34767	NBS REAL ESTATE L.L.C	ان بي اس للعقارات ش.ذ.م.م			office@firstpointit.co
25547	DNH REAL ESTATE L.L.C	دي ان اج للعقارات ش.ذ.م.م			alidanish45@gmail.com
28232	BAB ALWAHA REAL ESTATE	باب الواحة للعقارات			waqarashraf.hre@gmail.com
32100	CITY SQUARE PROPERTIES	سيتى سكوير العقارية			tony.s.sleiman@hotmail.com
33652	ELSTATE REAL ESTATE BROKERS L.L.C	إي إل ستايت للوسطاء العقاريين ش.ذ.م.م			elven605@yandex.ru
27412	F A M REAL ESTATE BROKER L.L.C (BRANCH)	اف ايه ام للوساطة العقارية ش.ذ.م.م (فرع)		971-4-3691700	VYSAK@FAMPROPERTIES.COM
10621	DANAT ALKHALEEJ HOMES REAL ESTATE	دانة الخليج هومز للعقارات		971-4-2679995	bin_samhan@hotmail.com
433	VALUE HOMES REAL ESTATE BROKER (L.L.C)	فاليوم هومز للوساطة العقارية (ش.ذ.م.م)	Rakesh M Bohra	971-4-3524099	rakeshwifi@gmail.com
12603	INTERGULF REAL ESTATE BROKERS	انترجلف للوساطة العقارية	www.intergulfre.com	971-4-4564723	info@intergulfre.com
2570	MERCEDE REAL ESTATE BROKERS	مرسده للوساطة العقارية		971-4-2235333	ASHIF.BAALI@GMAIL.COM
466	MONACO REAL ESTATE BROKERS L.L.C	موناكو للوساطة العقارية ش.ذ.م.م		971-4-3528895	haider@monacoprop.com
1475	STYLE HOME REAL ESTAT L.L.C	ستايل هوم العقارية ش.ذ.م.م	MAHMOUD MOHAMED IBRAHIM MOHAMED	971-4-2364448	shahat_mohd2000@yahoo.com
74	AL MAYMANA REAL ESTATE BROKERS L.L.C	الميمنه للوساطة العقارية ش.ذ.م.م		97142273643	mimnaa@gmail.com
85	CHOUERI REAL ESTATE BROKER (L.L.C)	شويري للوساطة العقارية (ش.ذ.م.م)	www.choueri-uae.com	971-4-3434999	management@chouerirealestate.com
2304	HADEEL REAL ESTATE BROKER L.L.C	هديل للوساطة العقارية ش.ذ.م.م			Hadeelrs@gmail.com
13202	EMIRATES REALTY L.L.C	اميرتس ريلتي ش.ذ.م.م	www.emiratesrealty.ae	971-4-3519499	dg@emiratesrealty.ae
29429	J & F PROPERTIES L.L.C	جيه اند اف للعقارات ذ.م.م		97143289504	sazeez@jnfholdings.com
38100	PG REAL ESTATE L.L.C	بي جي للعقارات ش.ذ.م.م		971-4-2776483	pro@pugold.com
11553	NOR ALSAMA REAL ESTATE BROKER	نور السماء للوساطة العقارية		971-04-4329890	manager.noralsama@gmail.com
27230	KEYNES PROPERTIES	كينيس العقاريه			jahanara@keynesgroupuae.com
19931	EVER SHINE REAL ESTATE BROKERS ( L L C )	دائم اللمعان للوساطة العقارية (ش ذ م م)		503532004	sunil@evershineuae.com
2410	NASSER LOOTAH REAL ESTATE L.L.C	ناصر لوتاه للعقارات ش.ذ.م.م		971-4-2218817	admin@nlre.ae
81	AL MURAQABAT REAL ESTATE	المرقبات للعقارات	mohamed regab	971-4-2626270	almuraqabat_realestate@yahoo.com
1938	AL MAJID PROPERTY CO. (L L C)	شركة الماجد للعقارات (ذ م م)		971|564037123	mohamed.khalifa@al-majid.com
61	ABU HAMED REAL ESTATE	ابو حامد للعقارات		971-4-2639680	abuhamedrealestate@gmail.com
11982	ALWAAD REAL ESTATE BROKER	الوعد للوساطة العقارية		971-4-2364467	info@alwaadrealestate.com
742	AKAR PROPERTIES (L.L.C.)	عقار للعقارات (ش.ذ.م.م.)		971-4-3491999	Ghanim@sultan.ae
2296	G.M.G INVESTMENT (L.L.C)	جي . ام . جي للاستثمار (ش.ذ.م.م)		971|504530890	leasing@gmg.com
38064	MKA REAL ESTATE L.L.C	ام كيه ايه للعقارات ذ.م.م		971-4-3881877	mamad@mka.ae
522	MIDDLE REAL ESTATE BROKERS L.L.C	الوسط للوساطة في بيع العقارات وشرائها ش.ذ.م.م		971-4-2667285	admin@middlerealestate.com
1116	COVENTRY REAL ESTATE BROKER L.L.C	كوفنتري للوساطة العقارية ش.ذ.م.م		971-4-5647686	ana.lizatadano@engelvoelkers.com
20063	ADMIRAL REAL ESTATE BROKER	ادميرال للوساطة العقارية		971-4-3957777	info@armadaholding.com
25472	WINDSOR REAL ESTATE (L.L.C)	ونزر للعقارات (ش.ذ.م.م)		505055572	m.alqasimi@hotmail.com
11957	AL WARD PROPERTIES L.L.C	الورد للعقارات ذ.م.م	alwarddxb@gmail.com	971-4-3806929	ALWARDDXB@GMAIL.COM
221	SUN SHINE REAL ESTATE BROKERS	الشمس المشرقة للوساطة العقارية			adarshvkurup@gmail.com
2202	AL RAZOOQI REAL ESTATE EST.	مؤسسة الرزوقي للعقارات		971-4-3708922	info@alrazooqirealestate.com
701	STAR SHIPS REAL ESTATE	ستار شيبس للعقارات		971-4-3596006	Info@starshipsre.com
2064	CITY LIFE REAL ESTATE BROKER	ستي لايف للوساطة العقارية		971-4-2739100	
1585	SUPER ELITE REAL ESTATE BROKER	سوبر اليت للوساطة العقارية		971-4-4275067	amarhussain377@gmail.com
220	DEAL DIRECT REAL ESTATE L.L.C	ديل دايركت للعقارات ذ.م.م		43327332	tonyydirect@gmail.com
146	LEISURE HOMES L.L.C	ليشور هومز ش.ذ.م.م		971-4-3510768	mohammed@leisurehomes.ae
2315	DEIRA ORIENT REAL ESTATE EST.	مؤسسة ديرة اورينت العقارية		971-4-3355226	MANAGER@DORE.AE
1296	AL HABTOUR REAL ESTATE L.L.C	الحبتور العقارية ش.ذ.م.م		971-4-3356666	pro@alhabtoor-re.com
11569	ABDULLAH BIN TOAQ PROPERTIES	عبدالله بن طوق للعقارات		971-04-3357038	info@abtproperties.ae
11762	M B H PROPERTIES	ام بي اتش بروبرتيز	www.mbhdubai.com	971-4-3332222	mbhprop@eim.ae
96	MIDDLE EAST REAL ESTATE ONE PERSON COMPANY L.L.C	الشرق الأوسط العقارية شركة الشخص الواحد ش.ذ.م.م		45629292	talat@meguae.net
1250	BLUE WAVE REAL ESTATE EST	موسسة الموج الازرق للعقارات		97142711283	sheejakc68@gmail.com
1392	ALMADANI REAL ESTATE	المدني للعقارات		97142232697	samiiii@live.ca
372	DIRECT SOLUTIONS REAL ESTATE BROKER	الحلول المباشرة للوساطة العقارية		971-4-3218553	directsolution902@gmail.com
376	RIVOLI REAL ESTATE	ريفولي للعقارات	MAHESH SADHURAM DUDEJA	971-4-3594666	rivoli99@gmail.com
19150	PRINCESS STAR REAL ESTATE BROKERS	برنسيس ستار للوساطة العقارية		971-4-5462744	Jamil.albalooshi@gmail.com
594	MOHRAT REAL ESTATE MANAGEMENT SERVICES L.L.C	موهرات لخدمات ادارة العقارات ش.ذ.م.م		971-4-3493080	nandlaal3@gmail.com
19888	MIRAGE REAL ESTATE (L.L.C)	ميراج للعقارات (ش.ذ.م.م)		971-04-3927786	mariyadxb45@gmail.com
2437	LOCATER REAL ESTATE L.L.C	لوكيتر للعقارات (ش. ذ. م. م)		971-4-3232348	abdullah@locater-uae.com
2223	AL ABJAR REAL ESTATE L.L.C	الأبجر للعقارات ش.ذ.م.م		971|501601800	alabjarre@hotmail.com
31370	TAMLEEK PLUS PROPERTIES L.L.C	تمليك بلس للعقارات ش.ذ.م.م		971-4-3299595	Info@hosnaljazeera.ae
17459	ALICH REAL ESTATE BROKER (L. L. C)	عليش للوساطة العقارية (ش. ذ. م. م)		971-4-3579677	laxmi@integraig.com
846	WORLD WIDE REAL ESTATE (L.L.C)	حول العالم للعقارات (ش.ذ.م.م)		971-4-3230777	info@wwreuae.com
2215	AL MAHA PROPERTIES	المها للعقارات		971-4-3543102	operations@almahadubai.com
103	RASHID REAL ESTATE BROKERS	راشد للوساطة العقارية		971-4-3483484	RASHID.BROKER@GMAIL.COM
2047	BIN THANI REAL ESTATE EST.	مؤسسة بن ثاني العقارية	RASHID IQBAL	971-4-2834555	rashid@binthanirealestate.com
1207	PARADISE REAL ESTATE	الفردوس للعقارات	hrajk007@yahoo.com	97143526668	paradise.r.e@hotmail.com
30265	R E S REAL ESTATE BROKERAGE L.L.C	ار إي اس للوساطة العقارية ش.ذ.م.م		412345678	property@parisgroup.com
35801	TERRA FIRMA REAL ESTATE L.L.C	تيررا فيرما للعقارات ش.ذ.م.م		971-4-2959841	TERAFIRMA23@GMAIL.COM
421	STANDARD REAL ESTATE L.L.C	ستاندرد للعقارات ش.ذ.م.م	http://www.sre-dubai.com/	971-4-2513222	arshad@sre-dubai.com
2248	REALTY HOME REAL ESTATE BROKER	ريالتي هوم للوساطة العقارية		971-04-3211210	dubaimarket@gmail.com
629	OPEN SOURCE REAL ESTATE BROKER (L.L.C)	اوبن سورس للوساطة العقارية (ش.ذ.م.م)	www.opensource.ae	4-971-3418776	sydney@opensource.ae
36883	AKAM REAL ESTATE	أكام للعقارات		971-4-4321716	babak3030@gmail.com
10998	BETHAHAB GROUP REAL ESTATE L.L.C	مجموعة بالذهب للعقارات ذ.م.م	BETHAHAB GROUP REAL ESTATE L.L.C	971-4-2585544	fatemi@bethahab.com
570	SUN AND SAND REAL ESTATE BROKER L.L.C	الشمس والرمل للوساطة العقارية ذ.م.م	Mr. Rajan Radhakrishen Israni	971-4-3206789	info@sasdre.com
2228	HIRA PROPERTIES (L.L.C)	حراء للعقارات (ش.ذ.م.م)	Abdul Nazer	971-4-3936050	hirauae@gmail.com
1956	LAMAISON REAL ESTATE BROKERS	لاميزون للوساطة العقارية	www.lamaisonuae.com	971-4-2562387	kumarproperty@hotmail.com
16966	REALPOINT REAL ESTATE CONSULTANCY L.L.C	ريلبوينت للاستشارات العقارية ش.ذ.م.م	www.realpoint-me.com	971-4-3311110	info@realpoint-me.com
34068	NUCASSA REAL ESTATE L.L.C	نوكاسا للعقارات ش.ذ.م.م		42513937	21gonnella@gmail.com
394	AL BAYAN REAL ESTATE L.L.C	البيان العقارية ش.ذ.م.م		971-4-3967999	albayanrealestatellc@gmail.com
213	READY HOUSE REAL ESTATE	البيت الجاهز للعقارات		971-4-3367476	info@readyhousedubai.com
28814	ATARI REAL ESTATE	أتاري العقارية		97142869999	atari.dubai@gmail.com
1355	AHMED ABDULLA REAL ESTATE	احمد عبدالله للعقارات		971-4-2543770	aare.dxb@gmail.com
1371	PEARL HOMES REAL ESTATE	بيرل هومز للعقارات		971-4-2967712	jubyninan@gmail.com
1607	SILVER HOME REAL ESTATE EST.	مؤسسة البيت الفضي للعقارات		971-4-3445294	sarmientoping@yahoo.com
1654	AL TAMIMI REAL ESTATE	التميمي للعقارات		971-4-2633933	alTAMIMI.RE@GMAIL.COM
52	GREEN WOOD PROPERTY	جرين وود للعقارات	SAUD M. AL DUKAIR	971-4-2764254	gwpropts@emirates.net.ae
2459	HABITAT REAL ESTATE BROKER	هابيتات للوساطة العقارية		971-04-3512600	sanjay@habitatme.com
16103	M . I . D REAL ESTATE BROKER	ام . اي . دي للوساطة العقارية	www.mid.ae	971-4-3884666	president@timemachinegroup.com
2164	DUBAI ENTERPRISES PROPARTIES BRANCH OF DUBAI ENTERPRISES (L.L.C)	مشاريع دبي العقارية فرع من مشاريع دبي (ش.ذ.م.م)	ramy@dubaienterprises.org	971-4-3307020	info@dubaienterprises.org
1202	ADVICE REAL ESTATE BROKERS L.L.C	الاستشارة للوساطة العقارية ش.ذ.م.م	www.advice-uae.com	48850705	michelle@advice-uae.com
2516	ROCK STAR PROPERTIES BROKER	نجمة الصخر للوساطة العقاريه	506453117	971-4-3519678	soman@thawani.net.ae
409	LUXURY REAL ESTATE L.L.C	الرفاهية للعقارات ش.ذ.م.م		971-4-7921313	dkrents@gmail.com
36633	ROYAL SPRINGS REAL ESTATE L.L.C	رويال سبرينجز للعقارات ش.ذ.م.م		97144434450	royalstate2008@gmail.com
28510	DREAMLAND REAL ESTATE BROKERAGE	دريم لاند للوساطة العقارية			fahimah@dreamlanddubai.ae
30606	ARAPI REAL ESTATE BROKER	عرابي للوساطة العقارية			andi.arpi@hotmail.com
28886	AALMAR REAL ESTATE BROKER	الامار لوساطة العقارية			Hajulk@gmail.com
25645	SPACE MASTERS REAL ESTATE L.L.C	سبيس ماسترز للعقارات ش.ذ.م.م			tsharmi@hotmail.com
25348	D R P REAL ESTATE BROKERS L.L.C	دي ار بيه للوساطة العقارية ش.ذ.م.م		44428453	operations@dubairapidproperties.com
32415	STREET WISE PROPERTIES L.L.C	ستريت وايز بروبرتيز ش.ذ.م.م			dxb.idrissi@gmail.com
29662	P A S PROPERTY SERVICES L.L.C	بي ايه اس لخدمات العقارية ش.ذ.م.م	www.pasproperty.ae	971-04-2416999	info@pasproperty.ae
29527	EMBAYT REAL ESTATE L.L.C	امبايت للعقارات ش.ذ.م.م			info@embayt.com
30169	OZONE LINK REAL ESTATE	أوزون لينك للعقارات			mahe5rima@yahoo.com
29196	MLI REAL ESTATE	ام ال اي للوساطة العقارية			alqemma.uae1@gmail.com
32333	BOND HOMES REAL ESTATE L.L.C	بوند هومز للعقارات ش.ذ.م.م			mcwflash@gmail.com
32547	YARANO PROPERTIES L.L.C	يارانو للعقارات ش.ذ.م.م			KHALID@HAMAUDITING.AE
29624	7AVENUE INTERNATIONAL PROPERTIES L.L.C	7افنيو انترناشونال للعقارات ش.ذ.م.م			psattigeri88@gmail.com
32196	PULSAR REAL ESTATE L.L.C	بولسار للعقارات ش.ذ.م.م			Info@pulsar.ae
28494	A M R REAL ESTATE L.L.C	ايه أم ار للعقارات ش.ذ.م.م		43454444	info@amrrealestate.ae
34357	LUXE CITY REAL ESTATE L.L.C	ال يو اكس اي ستي للعقارات ش.ذ.م.م			CEO@luxe-city-realestate.ae
34674	AKPRO REAL ESTATE L.L.C	ايه كيه بي ار او للعقارات ش.ذ.م.م			Fashionko100@gmail.com
37727	SEEM PROPERTIES L.L.C	سيم للعقارات ش.ذ.م.م			Saad_ibrahim22@yahoo.com
34358	SALU EMPIRE REAL ESTATE L.L.C	سالو إمباير للعقارات ذ.م.م			info@proworxme.com
33044	FAREAST REAL ESTATE	فارايست للعقارات			ivamg@email.com
25608	SOLEDAIR STAR REAL ESTATE	سوليدير ستار للوساطة العقارية		971542212920	asbeity@soledairproperties.com
28837	NOSTRO FOR REAL ESTATE BROKERAGE	نسطر للوساطة العقارية			naoufal.amil@gmail.com
30051	SRL HOMES REALESTATE BROKERS	اس ار ال هومز للعقارات			Rohit@Srlhome.com
29132	RED CHERRY REAL ESTATE L.L.C	ريد شيري للعقارات ش.ذ.م.م			kristina@redcherry.ae
22313	ANA REALESTATE BROKERAGE	أنا للوساطة العقارية	www.ana1.ae	42200443	moathalbaser@gmail.com
31684	INVESTOR DEALS REAL ESTATE L.L.C	انفستر ديلز للعقارات ش.ذ.م.م			h.belhabb@hotmail.com
35389	OSAC PROPERTIES L.L.C	اوساك للعقارات ذ.م.م			ceo@osacbusinessgroup.com
25711	C&P REAL ESTATE BROKER L.L.C	سي & بي للوساطة العقارية ش.ذ.م.م		971-4-5891054	lt.auto_services@hotmail.com
32651	PIRAEUS REAL ESTATE	بيرايوس للعقارات			piraeus@gmail.com
36552	NARA PROPERTIES L.L.C	نارا للعقارات ذ.م.م			Kaladdin@gmail.com
33903	WATERFRONT LUXURY PROPERTIES L.L.C	واترفرانت لاكشري العقارية ش.ذ.م.م		971|502530195	DANIEL@WATERFRONTLUXURY.AE
28994	AL EBAAD PROPERTIES	العباد للعقارات		43386814	info@alebaad.ae
29772	HOME PIN REAL ESTATE	هوم بين للعقارات			m.hannoush@homepin.ae
37171	NINE HUNDRED SEVENTY ONE REAL ESTATE L.L.C	ناين هاندريد سفينتي ون للعقارات ش.ذ.م.م			admin@971realty.com
33104	ALAA MOHRA PROPERTIES	علاء مهره للعقارات		501874933	info@alaamohra.com
27862	VICTORY HARBOUR REAL ESTATE L.L.C	فيكتوري هاربور للعقارات ش.ذ.م.م		43510077	joseph.najibs@gmail.com
26859	ALMAYAR REAL ESTATE BROKER	الميار للوساطة العقارية		45264961	daniakiati@gmail.com
33429	BRANFORD REAL ESTATE BROKERS L.L.C	برانفورد للوساطة العقارية ش.ذ.م.م			danishmohd1983@gmail.com
22175	YOGI INTERNATIONAL REAL ESTATE L.L.C	يوجى انترناشونال للعقارات ش.ذ.م.م			yire@yogigroup.ae
35352	MULLER AND CO REAL ESTATE BROKERS L.L.C	مولر اند كو للوساطة العقارية ش.ذ.م.م			aydinaghazada97@gmail.com
34108	ENOFA REAL ESTATE L.L.C	انوفا للعقارات ش.ذ.م.م			mahmoud.7771777@gmail.com
38428	TOP G C C REAL ESTATE BROKERAGE L.L.C	توب جي سي سي للوساطة العقارية ش.ذ.م.م			Psyco2012@gmail.com
33117	Y M D PROPERTIES	واي ام دي للعقارات			deshmukhyusuf@gmail.com
33055	ROCA REAL ESTATE L.L.C	روكا للعقارات ذ.م.م		43486777	info@metinsari.com
30667	IMPERA PROPERTIES	إمبيرا للعقارات			adriana.onea.lee@gmail.com
34072	HEAVEN ONE REAL ESTATE L.L.C	هيفن وان للعقارات ش.ذ.م.م			heaven.one@aol.com
23313	GRAND DIWAN REAL ESTATE BROKERAGE	جراند ديوان للوساطة العقارية			abdullahalsamarai237@gmail.com
31250	J D LUXURY REAL ESTATE	جيه دي لاكجري للعقارات			jdluxuary.realestate@gmail.com
34160	WINDSOR E S T ESTATES L.L.C	وندسور اي اس تي للعقارات ش.ذ.م.م			info@smartdirect.ae
32279	BROADWAY PROPERTIES	برود واي للعقارات	https://broadwaypropertiess.com/		gilbert.mapanda@gmail.com
38051	ONDAY REAL ESTATE L.L.C	اونداي للعقارات ش.ذ.م.م			mh@onday.io
35200	SOBER REAL ESTAE L.L.C	سوبر للعقارات ش.ذ.م.م		971-55-3135223	info@soberestate.net
35145	THE HOMETEAM REAL ESTATE L.L.C	ذا هوم تيم للعقارات ذ.م.م			ZEBA@THEHOMETEAMREALTOR.AE
35784	RIGHT ESTATES PREMIUM REAL ESTATE BROKERAGE L.L.C	رايت استيتس بريميوم للوساطة العقارية ش.ذ.م.م		971-58-5858723	faizanaslam01@gmail.com
33893	D M D REAL ESTATE BROKERAGE L.L.C	دي ام دي للوساطة العقارية ش.ذ.م.م			JAMALKHADDAJ.JK@GMAIL.COM
31461	MUKHAMED SHARF PROPERTIES	محمد شرف للعقارات			mukhamedsharf@gmail.com
35676	GUARDIANS PRIME REAL ESTATE L.L.C	جارديانس برايم للعقارات ش.ذ.م.م			soufiane.alkartaoui@guardiansprime.ae
35359	PREEMINENT PROPERTIES L.L.C	بريمننت بروبرتي ش.ذ.م.م			alemsagam@hotmail.com
35157	D S D REAL ESTATE BROKER L.L.C	دي اس دي للوساطة العقارية ش.ذ.م.م	dspd.ae		Kozhinov.i@gmail.com
31294	E L S DREAM REAL ESTATE BROKER	اي ال اس دريم للوساطة العقارية			elsaozgur@gmail.com
31407	BRP REAL ESTATE L.L.C	بي ار بيه للعقارات ش.ذ.م.م			Karasek@brpgroup.cz
34745	ARKAN AL GHAD PROPERTIES	اركان الغد للعقارات		566655688	alwardani777@gmail.com
35712	SUCCESS VENUE REAL ESTATE L.L.C	سكسيس فينيو للعقارات ذ.م.م			tulineelakshi@gmail.com
31821	REALOLYMP REAL ESTATE	ريل اوليمب للعقارات			Info@realolymp.com
36882	A W H LEGACY REAL ESTATE L.L.C	ايه دبليو اتش ليجاسي العقارية ش.ذ.م.م			devikaacharya24@gmail.com
32375	CEYONE HOMES REAL ESTATE L.L.C	سيون هومز للعقارات ش.ذ.م.م			Partha@snrauditing.com
30137	E N D PROPERTIES	اي ان دي للعقارات		971|585992278	eldiana_ramadani@hotmail.com
34448	ALHATEEM REAL ESTATE BROKERAGE	الحتيم للوساطة العقارية			alhateemre@gmail.com
32784	NOVOC REAL ESTATE L.L.C	نوفوك للعقارات ش.ذ.م.م			zakryzhevskiy@gmail.com
34629	HARDINGTON REAL ESTATE L.L.C	هاردينغتون للعقارات ش.ذ.م.م			ahmed@hardingtonresi.com
30176	LAVENIR PROPERTIES L.L.C	لافينير للعقارات ش.ذ.م.م		971-4-5584623	islam.elswefy@outlook.com
29637	BONJOUR HOMES REAL ESTATE	بونجور هومز للعقارات			usman.nasir1231@gmail.com
30936	GOLDEN PALACE REAL ESTATE BROKERAGE	جولدن بالاس للوساطة العقارية		44462006	ebid_2500@yahoo.com
31219	EVOLVE REAL ESTATE BROKERS L.L.C	فولف للوسطاء العقاريين ش.ذ.م.م			reema.awatani@gmail.com
34196	GREEN CITY REAL ESTATE	جرين سيتي للعقارات	https://greencityre.com/		info@greencityre.com
33505	REALTOR NINE REAL ESTATE L.L.C	ريلتور ناين للعقارات ذ.م.م			Irfan@doorsec-dubai.com
26498	CHARLESTON PROPERTIES REAL ESTATE L.L.C	تشارلستون بروبيرتيس للعقارات ش.ذ.م.م			leah@charlestonpropertiesre.com
35467	MAPLE LEAF REAL ESTATE L.L.C	مابيل ليف للعقارات ش.ذ.م.م			michael@mapleleaf.ae
35113	THE ROYAL PEAK REAL ESTATE	ذا رويال بيك للوساطة العقارية		588202047	jan-shahbaz@outlook.com
29113	ASHRI PROPERTIES	اشري للعقارات			faris@ashriproperties.com
38367	D AND K PROPERTIES L.L.C	دي اند كيه للعقارات ش.ذ.م.م			dishabhangdev@gmail.com
27722	PROPVY GLOBAL REAL ESTATE L.L.C	بروفي جلوبل للعقارات ذ.م.م			poetaimalti@gmail.com
33479	AG ASSETS REAL ESTATE	ايه جي اسيتس للعقارات		971-04-3481300	angela@agassets.ae
34967	M K S G PROPERTIES L.L.C	ام كي اس جي للعقارات ش.ذ.م.م			maguy.kh@gmail.com
38797	A S K REAL ESTATE L.L.C	ايه اس كيه للعقارات ذ.م.م			mgmt@ask-realestate.com
31369	KRONUNG REAL ESTATE BROKER	كرونونق للوساطة العقارية			9566334@gmail.com
30085	PREMIUM INTERNATIONAL REAL ESTATE BROKER	بريمير انترناشونال للعقارات			sokolcili@gmail.com
34143	S R M INTERNATIONAL REAL ESTATE L.L.C	اس ار ام انترناشونال للعقارات ش.ذ.م.م			madanraj2007@gmail.com
32023	SKYWAY REAL ESTATE BROKERAGE	سكاي واي الوساطة في بيع العقارات وشرائها			SKY@COMMERCUALUAE.COM
25637	A G A REAL ESTATE BROKERS L.L.C	ايه جي ايه للوساطة العقارية ش.ذ.م.م			Gautam@agadxb.com
36101	NICOLE JANES REAL ESTATE L.L.C	نيكول جانيس للعقارات ش.ذ.م.م			janes_nicy@yahoo.de
31575	DISTINCTION REAL ESTATE L.L.C	ديستينكشن للعقارات ذ.م.م			sameer@al-arabiyadubai.com
31745	OLIVE TREE REALESTATE L.L.C	اوليف تري للعقارات ش.ذ.م.م			info@otre.ae
31422	WARSON REAL ESTATE L.L.C	وارسون للعقارات ش.ذ.م.م			asifwar2012@gmail.com
31978	HAWKSEYE PROPERTIES L.L.C	هاوكس اي للعقارات ش.ذ.م.م		971-04-3554408	swapnil_nishant@yahoo.com
28959	MASAKEN REAL ESTATE BROKERAGE L.L.C	مساكن للوساطة العقارية ش.ذ.م.م	www.masaken-realestate.com	971-4-2447861	faisal.albaik.ae@gmail.com
33516	TREASURES I N T REAL ESTATE L.L.C	تراشورز اي ان تي للعقارات ش.ذ.م.م			suraya@treasures.realestate
36796	TWIGA REAL ESTATE L.L.C	تويجا للعقارات ش.ذ.م.م		45575778	tinatin.sochi@gmail.com
31801	HIKAL REAL ESTATE L.L.C	هيكل للعقارات ذ.م.م			Info@hikalagency.ae
37588	AMR SQUARE REAL ESTATE L.L.C	ايه ام ار سكوير للعقارات ش.ذ.م.م			anita3112@gmail.com
33031	SHAWAHIQ REAL ESTATE L.L.C	شواهق للعقارات ش.ذ.م.م			huseinmustafa120@gmail.com
33201	J M M REAL ESTATE BROKER L.L.C	جيه ام ام للوساطة العقارية ش.ذ.م.م			juma.ghulam@gmail.com
27281	KALEIDOSCOPE PROPERTIES L.L.C	كالايدوسكوب للعقارات ش.ذ.م.م			cacherukuri@gmail.com
36443	VINEYARD REAL ESTATE L.L.C	فينيارد للعقارات ش.ذ.م.م			ashish@vineyardholding.com
23382	SIGNATURE HABITAT PROPERTIES L.L.C	سيجنتشر هابيتات للعقارات ش.ذ.م.م		44542366	meet@signaturehabitat.com
33875	SKY PANORAMIC REAL ESTATE L.L.C	سكاي بانوراميك للعقارات ذ.م.م			Dobrovvvco@gmail.com
35008	THE LEGACY HOMES REAL ESTATE BROKERAGE L.L.C	ذا ليجاسي هومس للوساطة العقارية ش.ذ.م.م			Dr.kritikarao@gmail.com
31780	HILL SIDE PROPERTIES L.L.C	هيل سايد للعقارات ش.ذ.م.م			Arahimarif@yahoo.com
30981	SKAND PROPERTIES	سكاند للعقارات			sriniwas@skandconsulting.com
30753	FOX HILLS REALTY L.L.C	فوكس هيلز ريالتي ش.ذ.م.م		971-04-3531118	f@foxhills.ae
31034	KNOX CAPITAL REAL ESTATE	كنوكس كابيتال للعقارات			knoxcapitalre@gmail.com
29464	ZOPA PLUS REAL ESTATE BROKERS	زوبا بلس للوساطة العقاريه			bijus@zopaplus.com
35872	DESEAR REAL ESTATE L L C	ديزير للوساطة العقارية ش ذ م م	https://desear.realestate/	585865560	hello@desear.realestate
36610	L M A ELITE PROPERTIES L.L.C	ال ام ايه اليت للعقارات ش.ذ.م.م		42160752	Info@lmaeliteproperties.com
33369	SEKENKOUM REAL ESTATE L.L.C	اسكنكوم للعقارات ذ.م.م			sekenkoum@gmail.com
34288	CRESCO REAL ESTATE L.L.C	كريسكو للعقارات ش.ذ.م.م			mrkhan@live.com.au
32258	STERLING HEIGHTS REAL ESTATE L.L.C	ستيرلينج هايتس للعقارات ذ.م.م			clientrelations@commitbiz.com
32228	ROSE ISLAND REAL ESTATE L.L.C - DUBAI BRANCH	روز ايلاند للعقارات ش.ذ.م.م - فرع دبي		971-2-4442774	tarekelzeny1988@gmail.com
33786	A M R A REAL ESTATE BROKERAGE L.L.C	أيه ام ار أيه للوساطة العقارية ذ.م.م			sokolov.leonid.uae@gmail.com
38867	CASA NEST REAL ESTATE L.L.C	كازا نست للعقارات ش.ذ.م.م			matilda@casa-nest.com
33602	INFINITY PROPERTIES L.L.C	انفينتي بروبرتيز ش.ذ.م.م			djirs04@gmail.com
33467	ASPECT GLOBAL REAL ESTATES L.L.C	آسبكت جلوبال للعقارات ش.ذ.م.م		971-04-5708788	admin1@aspect-global.com
33167	WIZI PROPERTIES L.L.C	دبليو اي زد اي للعقارات ش.ذ.م.م			mikhantev@gmail.com
36289	KATALYST PROPERTIES L.L.C	كاتاليست للعقارات ش.ذ.م.م			SETIYA.VAIBHAV@GMAIL.COM
36325	FRANK PLOWMAN REAL ESTATE BROKER L.L.C	فرانك بلومان للوساطة العقارية ذ.م.م	www.frank-plowman.com		saira@frank-plowman.com
28030	URBAN OASIS REAL ESTATE BROKERS	أربان اوياسيس للوساطة العقارية		42355269	kapil_khemnani@yahoo.com
33105	NOVALUX REAL ESTATE	نوفا لوكس للعقارات		971-52-6488876	parvana@novaluxrealestate.com
29549	AVA REAL ESTATE L.L.C	ايه في ايه للعقارات ذ.م.م			kasra@varealestate.ae
35832	ISTMOON PROPERTY L.L.C	ايستمون للعقارات ش.ذ.م.م			info@istmoon.com
36095	PAT & CO REAL ESTATE BROKERAGE L.L.C	بات & كو للوساطة العقارية ش.ذ.م.م		971588666600	patandcorealestate@outlook.com
28151	G A O KINGS PROPERTIES	جي ايه او كينجس للعقارات		971-4-2381414	tmrazzak2@gmail.com
36928	SMART VISION REAL ESTATE L.L.C	سمارت فيجن للعقارات ذ.م.م			shaheryarzubair@gmail.com
35272	VISIONARIAS HOME REAL ESTATE L.L.C	فيشونارياس هوم للعقارات ذ.م.م			luzguerravilas@hotmail.com
31979	URBAN SIGNATURE REAL ESTATE	اوربان سيجنشر للعقارات		971-40-3649500	zara.zaffar.bohar@hotmail.com
32880	ONEPLACE REAL ESTATE L.L.C	ونبليس للعقارات ش.ذ.م.م		564099448	Dees@bk.ru
36173	MANNHEIM REAL ESTATE L.L.C	منهايم للعقارات ش.ذ.م.م			info@mannheimdxb.com
28146	SUPANZ GLOBAL REAL ESTATE BROKERAGE L.L.C	سوبانز جلوبال للوساطة العقارية ش.ذ.م.م		589551489	info@supanz-global-real-estate.ae
35342	MARS ONE REAL ESTATE L.L.C	مارس ون للعقارات ش.ذ.م.م			lguo0418@gmail.com
33925	AIZIA REAL ESTATE L.L.C	ايه اي زد اي ايه للعقارات ش.ذ.م.م			Aizn2022@gmail.com
29645	ARJAN REAL ESTATE BROKER	ارجان للوساطة العقارية			Kareemdarwesh88@gmail.com
27797	ASEEL REAL ESTATE L.L.C	اسيل للعقارات ش.ذ.م.م		523126636	aseelpropertiesdubai@gmail.com
30341	CONTEMPORARY REAL ESTATE BROKERAGE L.L.C	كونتيمبراري للوساطة العقارية ش.ذ.م.م			Contemporary.real@gmail.com
37650	M J T M REAL ESTATE	ام جيه تي ام للعقارات			marianjakubik77@gmail.com
29873	EMAD AZOUZ PROPERTIES L.L.C	عماد عزوز بروبرتيز ش.ذ.م.م			emad_azooz@hotmail.com
35229	PNP REAL ESTATE BROKERAGE L.L.C	بيه إن بيه للوساطة العقارية ش.ذ.م.م			office@pnp-realestate.com
32133	WESTIN ARABIA REAL ESTATE L.L.C	ويستن أرابيا للعقارات ش.ذ.م.م			rajdeep.kaur@empirearabia.com
26170	JUST LISTED PROPERTIES L.L.C	جست ليستد للعقارات ش.ذ.م.م			ansharma.ca@gmail.com
38055	MOVE HOMES REAL ESTATE BROKERS L.L.C	موف هومز للوساطة العقارية ش.ذ.م.م			maurolguin@icloud.com
35519	MONET REAL ESTATE L.L.C	مونيت للعقارات ش.ذ.م.م			info@monet.ae
34788	STAR LINE REAL ESTATE BROKERS L.L.C	ستار لاين للوساطة العقارية ذ.م.م	www.starr.ae	554211388	licheng.realestae@gmail.com
32554	T M S REAL ESTATE BROKER L.L.C	تي ام اس للوساطة العقارية ش.ذ.م.م			melhim.shamseddine@gmail.com
35089	EVERLUXE REAL ESTATE L.L.C	ايفر لوكس للعقارات ذ.م.م			reshamksahni@gmail.com
33944	ADMIRE HOME REALESTATE L.L.C	ادمير هوم للعقارات ش.ذ.م.م			info@admire.estate
29835	MERAJ REAL ESTATE	معراج للعقارات			rtumbi@yahoo.com
38944	SILVER ARROW REALTY	سيلفر ارو للعقارات			Tushar@silverarrowrealty.com
36522	INNOVATION REAL ESTATE L.L.C	انوفاتيشن للعقارات ش.ذ.م.م			hasanzama786110@gmail.com
38510	MASAR AL AMAN REAL ESTATE L.L.C	مسار الامان العقارية ذ.م.م			masaralamanrealestate@gmail.com
30701	ASA REAL ESTATE	اسا للعقارات			khezri.asa@gmail.com
33755	RELOC8 REAL ESTATE BROKERAGE L.L.C	ريلوك 8 للوساطة العقارية ذ.م.م		585946580	stafford.ben17@gmail.com
33265	THE ROCK HOME REAL ESTATE L.L.C	ذا روك هوم للعقارات ش.ذ.م.م			peter.girgis90@gmail.com
24150	KAMAL SMART REAL ESTATE L.L.C	كمال سمارت للعقارات ش.ذ.م.م		971545059320	tonye@kamalrealestate.com
33101	VALUE CIRCLE PROPERTIES	فاليو سيركل للعقارات			kolvicar@gmail.com
32393	VISTA GLOBAL REAL ESTATE L.L.C	فيستا جلوبال للعقارات ش.ذ.م.م			hitesh@thevistacorp.com
27976	CITY VIBES REAL ESTATE	ستي فايبس للعقارات			jbarahomes@gmail.com
38399	ALMA REY REAL ESTATE L.L.C	الما راي للعقارات ش.ذ.م.م			asalaeve3888@gmail.com
32123	MIRTA REAL ESTATE L.L.C	ميرتا للعقارات ش.ذ.م.م			mirtaestate@gmail.com
29820	KARADAN LANDS REAL ESTATE L.L.C	كارادان لاندس للعقارات ش.ذ.م.م			safradk586@gmail.com
31648	AUDLEYS INTERNATIONAL REAL ESTATE L.L.C	اوديليس انترناشنال للعقارات ش.ذ.م.م			md@audleysinternational.com
37037	CELESTE INTERNATIONAL PROPERTIES L.L.C	سيلستي انترناشيونال للعقارات ذ.م.م			tharique@celesterealties.com
29613	WE DREAM REAL ESTATE L.L.C	وي دريم للعقارات ذ.م.م			lalit@wedreamrealestate.com
36574	GOSEN REAL ESTATE L.L.C	جوسن للعقارات ش.ذ.م.م			gosenrealestate@hotmail.com
35160	NOGHRE REAL ESTATE L.L.C	نقره للعقارات ذ.م.م			g@g.com
34974	NOUMOU PROPERTIES L.L.C	النمو للعقارات ذ.م.م			info@noumouproperties.com
30255	TOWN BRIDGES REAL ESTATE	تاون بريدجز للعقارات			townbridges@gmail.com
37913	FOUR KEYS REALTY REAL ESTATE L.L.C	فور كيز ريالتي للعقارات ذ.م.م			nishant5000@hotmail.com
32858	YOUR KEY PROPERTY MANAGEMENT L.L.C - DUBAI BRANCH	يور كي لادارة العقارات ذ.م.م - فرع دبي			abdulshakoormemon33383@gmail.com
28395	KEY WEST REAL ESTATE BROKERAGE	كي ويست للوساطة العقارية			varunsujith@gmail.com
25949	SEVEN PHOENIX REAL ESTATE L.L.C	سفين فينيكس للعقارات ش.ذ.م.م			aks@7phoenixgroup.com
34901	G E O REAL ESTATE L.L.C	جي إي اوه للعقارات ش.ذ.م.م	www.georealestate.ae		ali.fluidlines@gmail.com
34526	LOVINO FOR REAL ESTATE BROKERAGE L.L.C	لوفينو للوساطة العقارية ش.ذ.م.م		42358433	info@lovinorealestate.com
27685	MARAMES REAL ESTATE BROKERS L.L.C	مرامس للوساطة العقارية ش.ذ.م.م			rmohammad7304@gmail.com
23079	SKY PROPERTIES L.L.C	سكاي للعقارات ش.ذ.م.م	www.tenproperties.ae	42341010	ahmed@tenproperties.ae
33791	A I M REAL ESTATE L.L.C	ايه أي ام للعقارات ش.ذ.م.م			
30985	TGD REAL ESTATE	تجد للعقارات	www.towergroup.ae		burenichev@towergroup.ru
28025	RENS PROPERTIES	رينز للعقارات			spochius@gmail.com
33564	L&P REAL ESTATE BROKERAGE	ال بيه للوساطة العقارية			partners@lp-estate.com
36234	EXTREME PROPERTIES L.L.C	اكستريم للعقارات ش.ذ.م.م			propertiesextreme@gmail.com
34515	ASSET PRO REAL ESTATE BROKERAGE L.L.C	أست برو للوساطة العقارية ش.ذ.م.م			aamir.ishaaq@gmail.com
30194	BLUE REALTY REAL ESTATE	بلو ريالتي للعقارات			oscar.ferraccioli1@gmail.com
33957	TOP REALTY REAL ESTATE L.L.C	توب ريالتي للعقارات ذ.م.م	www.toprealtyrealestate.com	42852661	info@toprealtyrealestate.com
28507	PROSPER HOMES REAL ESTATE BROKERAGE L.L.C	بروسبر هومز للوساطة العقارية ش.ذ.م.م			sirajalsana@gmail.com
31811	NEST ONE REAL ESTATE	نست ون للعقارات			obidov.bekzod1988@gmail.com
38111	MATELUXY REAL ESTATE BROKER L.L.C	ماتيلاكسي للوساطة العقارية ش.ذ.م.م			info@mateluxy.com
32463	WAYSIDE PROPERTIES L.L.C	وايسايد للعقارات ذ.م.م			Waysidepropertiesae@gmail.com
30179	ASHYANA HOMES REAL ESTATE BROKERS	اشيانا هومز للوساطة العقارية			anjalirawal91@gmail.com
29442	T M PROPERTIES L.L.C	تي ام بروبرتيز ذ.م.م		971-4-4560717	maqsudia_070@yahoo.com
34402	X T R A REAL ESTATE L.L.C	اكس تي ار ايه للعقارات ش.ذ.م.م			kristian.extrarealestate@gmail.com
36505	GOLDEN WOLF REAL ESTATE L.L.C	قولدن وولف للعقارات ش.ذ.م.م			shrayan.gangaram@gmail.com
35625	DEVOSHN REAL ESTATE BROKERAGE L.L.C	ديفوشن للوساطة العقارية ذ.م.م			talal@devoshn.com
34610	WISTERIA PROPERTIES L.L.C	وسترى للعقارات ش.ذ.م.م			wafaa@bw-between.fr
35840	SKY LINE AVENUE REAL ESTATE	سكايلاين افنيو للعقارات	http://www.skylineavenuerealestate.ae		skylineavenuerealestate@gmail.com
28021	CONCRETE HOUSE REAL ESTATE	كونكريت هاوس للعقارات			muhamedaref@yahoo.com
36203	R A I PROPERTIES L.L.C	ار ايه اي بروبرتيز ش.ذ.م.م			raimondas.lankas@gmail.com
30614	TRIOMPHE REAL ESTATE BUYING & SELLING BROKERAGE	تريموف للوساطة في بيع العقارات وشرائها		971-04-4580502	r.birota@triomphe-realestate.fr
30298	ORANGE LIFE REAL ESTATE L.L.C	اورانج لايف للعقارات ش.ذ.م.م		523403376	info@orangelife.ae
35706	HOM REAL ESTATE L.L.C	حوم للوساطة العقارية ذ.م.م			hamdidhieb69@gmail.com
32121	BLU MONDO REAL ESTATE L.L.C	بلو موندو للعقارات ش.ذ.م.م			ramyaziz83@gmail.com
33999	HOMESTEAD REALTORS REAL ESTATE L.L.C	هومستيد ريلتورس للعقارات ش.ذ.م.م			FAZIL@HOMESTEADREALTORS.AE
30593	ONE PERFECT REAL ESTATE	ون بيرفكت للعقارات			m.ali@oneperfectstay.com
31819	BAYUT ALMUSTAQBAL REAL ESTATE L.L.C	بيوت المستقبل للعقارات ش.ذ.م.م			info@bayutalmustaqbal.com
27525	PIN HOMES REAL ESTATE L.L.C	بين هومز للعقارات ذ.م.م			rokia_b@icloud.com
30405	SEA PEARL PROPERTIES	سى بيرل للعقارات			khaldoun.m.saleh@gmail.com
29867	TERRA VIRTUA PROPERTIES L.L.C	تييرا فيرتوا للعقارات ش.ذ.م.م			dubaidj10@gmail.com
33381	LUXURY DISTRICT REAL ESTATE L.L.C	لاكجري ديستريكت للعقارات ش.ذ.م.م			faisalaqr@hotmail.com
31002	ORCHID HOMES REAL ESTATE BROKERS L.L.C	اوركيد هومز للعقارات ذ.م.م			harun.tarar@outlook.com
36357	CASA KEY REAL ESTATE L.L.C	كاسا كي للعقارات ش.ذ.م.م			Smarthdxb@gmail.com
37711	A S G REAL ESTATE BROKERAGE L.L.C	ايه اس جي للوساطة العقارية ذ.م.م		42691753	a.alsir@hotmail.com
35464	VIARA PROPERTIES L.L.C	فيارا للعقارات ش.ذ.م.م			admin@viarahomeautomation.com
36835	ASSET RISE PROPERTIES L.L.C	است رايز للعقارات ش.ذ.م.م		526617611	aaliyan@taxadepts.com
33043	ELITA HOMES REAL ESTATE BROKERS L.L.C	ايليتا هومز للوسطاء العقاريين ش.ذ.م.م			Sofia.efituae@gmail.com
27814	MAIN GATE REAL ESTATE L.L.C	مين جيت للعقارات ش.ذ.م.م	www.maingate.ae		info@maingate.ae
31155	BLACK EAGLE PROPERTIES L.L.C	بلاك ايجل للعقارات ش.ذ.م.م			hamed.asadnejad64@gmail.com
36055	GRAND RELIABLE REAL ESTATE L.L.C	جراند ريلابيل للعقارات ش.ذ.م.م		48831425	nomangrand@hotmail.com
24548	PRIVATE GATE PROPERTIES	برايفت جيت للعقارات		42266446	Alimohammedali1982@gmail.com
33102	LONE WOLF REAL ESTATE	لون ولف للعقارات		971-4-3944534	rizwan@lonewolfdubai.com
29084	SOFT AND MILLER REAL ESTATE	سوفت اند ملير للعقارات		971-04-3489582	hamadeh.hadi@gmail.com
31809	DAR ALWAHEEDAH REAL ESTATE BROKERAGE L.L.C	دار الوحيدة للوساطه العقارية ش.ذ.م.م		0	daralwhaeedah@gmail.com
31954	P S I REAL ESTATE L.L.C (BRANCH)	بي اس اي للعقارات ش.ذ.م.م (فرع)		23230199	amer@psinv.net
35226	G E M Z PROPERTIES L.L.C	جي ايه ام زد للعقارات ش.ذ.م.م		971-4-6652883	sajan.jain27@yahoo.com
24585	ROOM N ROOF REAL ESTATE L.L.C	روم اند روف للعقارات ش.ذ.م.م	www.roomnroofrealestate.com	0-4-3685697	bilal.roomnroof@gmail.com
32396	WORLD ONE REAL ESTATE L.L.C	ورلد ون للعقارات ذ.م.م		585002480	robwebdesigncity@gmail.com
28479	BHIVE REAL ESTATE L.L.C	بيهايف للعقارات ش.ذ.م.م			Drhassanmounir@gmail.com
38275	BIG VALLEY PROPERTIES L.L.C	بيغ فالي للعقارات ذ.م.م			info@bigvalley.ae
28720	TAMKEEN REAL ESTATE	تمكين العقارية			ferandibrahim@yahoo.com
30999	ESTATE500 PROPERTIES L.L.C	استيت500 للعقارات ش.ذ.م.م		971-04-4081900	M.A@estate500.com
25379	S M M REAL ESTATE BROKERS	اس ام ام للوساطة العقارية			safinazb@hotmail.com
28587	JAYPEE REALTY REAL ESTATE	جيبي ريلتي للعقارات			KISHORE.MULALI@GMAIL.COM
32964	ROW REALTY PROPERTIES	راو ريالتي للعقارات			rd.doc.services@gmail.com
25414	khalid zaal real estate	خالد زعل للعقارات		0	alreem.zaal@gmail.com
37357	YUVNA REALTY	يوفنا للعقارات			n.shrivasn@gmail.com
31346	LUXE FINDER REAL ESTATE L.L.C	ال يو اكس اي فايندر للعقارات ش.ذ.م.م			luefinderrealestate@gmail.com
33534	NOVICOM REAL ESTATE L.L.C	نوفيكوم للعقارات ش.ذ.م.م			info@novicom.group
35812	FAMZO VISION PROPERTIES	فامزو فيجين للعقارات			famarasawoo@gmail.com
34939	IMKAAN AL AWAL REAL ESTATE L.L.C	إمكان الأول للعقارات ش.ذ.م.م			Shavkat.uk@gmail.com
28761	ELITE OSCAR REAL ESTATE BROKERAGE	اليت اوسكار للوساطة العقارية	eliteoscar.com		dubai_kamal@hotmail.com
36827	GOLDEN POINT REAL ESTATE L.L.C	جولدن بوينت للوساطة العقاريه ش.ذ.م.م		971-04-3306114	basir.ahmad341@gmail.com
32169	G I P C BROKER REAL ESTATE L.L.C	جي اي بي سي للوساطة العقارية ش.ذ.م.م			aonedxb2015@gmail.com
33823	LA VIDA NOVA REAL ESTATE L.L.C	لافيدا نوفا للعقارات ذ.م.م			vlad@lavidanovarealestate.ae
37908	FIRST BRIDGE REAL ESTATE BROKERS L.L.C	فيرست بريدج للوسطاء العقاريين ش.ذ.م.م			Jerenaylar93@gmail.com
34194	DALMORE PROPERTIES L.L.C	دالمور للعقارات ش.ذ.م.م	www.dalmoreproperties.com		badarkanasro786@gmail.com
27598	ROYAL CLASS PROPERTIES L.L.C	رويال كلاس بروبيرتز ش.ذ.م.م			mshaan3030@gmail.com
33603	DAVINCI PROPERTIES L.L.C	دافنشي للعقارات ش.ذ.م.م			Esuleimenova2901@gmail.com
33376	KENAYO GLOBAL PROPERTIES L.L.C	كينايو غلوبال للعقارات ش.ذ.م.م		40000000	chauhanniraj1409@gmail.com
34691	R N A REAL ESTATE L L C	ار ان ايه للعقارات ش ذ م م			Amanatcg@gmail.com
33744	K1 PROPERTIES L.L.C	كيه1 للعقارات ش.ذ.م.م		563419034	Juliekorotkevich@gmail.com
32184	INCA REAL ESTATE	اينكا للعقارات			cs@ibsuae.ae
29857	FUTURE DOOR PROPERTIES	فيوتشر دور للعقارات			50ogorum@gmail.com
29731	B R D INTERNATIONAL REAL ESTATE L.L.C	بي ار دي انترناشيونال للعقارات ش.ذ.م.م			rana.d@outlook.de
38206	THE FIRM REAL ESTATE L.L.C	ذا فيرم للعقارات ذ.م.م			abdulrehman31994@gmail.com
33036	LUCID DREAMS REAL ESTATE L.L.C	لوسيد دريمز للعقارات ذ.م.م			shehata@alsalehi.net
36375	FORTUNE KEY PROPERTIES	فورتن كيي للعقارات			kraj58563@gmail.com
28294	PERFECT HOMES REAL ESTATE	بيرفكت هومز للعقارات			admin@perfecthomesuae.com
35199	AL HADATH PROPERTIES	الحدث للعقارات			Alhadathpropertiesdubai@gmail.com
30183	FRONTIER HOMES REAL ESTATE L.L.C	فرونتيير هومز للعقارات ش.ذ.م.م			admin@frontier-homes.ae
34683	THE HONEST REAL ESTATE BROKERAGE L.L.C	ذا هونست للوساطة العقارية ذ.م.م	thehonest.ae	45299059	evgeniy59@gmail.com
33494	DAR AL REHAB REAL ESTATE L.L.C	دار الرحاب للعقارات ش.ذ.م.م			info@rehabrealestatellc.com
32358	NAYA PROPERTIES L.L.C	نايا للعقارات ش.ذ.م.م			admin@nayapropertiesllc.com
28878	WELLWORTH REAL ESTATE	ويلورث للعقارية			sameer@al-arabiyadubai.com
26308	HOME EXPERTS REAL ESTATE L.L.C	هوم اكسبيرتس للعقارات ش.ذ.م.م			shuheb.2008@gmail.com0
32916	SABEEL ALHIKMA REAL ESTATE L.L.C	سبيل الحكمة للعقارات ش.ذ.م.م			a_elbakry@hotmail.com
32696	LUXURY STAY REAL ESTATE BROKERAGE L.L.C	لاكشري ستاي للوساطة العقارية ذ.م.م			ameer_alameer@hotmail.com
37580	NEO CHIC REAL ESTATE L.L.C	نيو شيك للعقارات ش.ذ.م.م			mounir.w@icloud.com
35799	FUTURE MAISON REALTY L.L.C	فيوتشر ميزون للعقارات ش.ذ.م.م			b.nasimu@gmail.com
34759	R AND H LUXURY PROPERTIES L.L.C	ار اند اتش لكجريي بروبيرتيرز ذ.م.م			m.ismail@randhproperty.com
33989	FAIRSTOCK REALTY REAL ESTATE L.L.C	فيرستوك ريالتي للعقارات ش.ذ.م.م			alec@qstay.ae
29303	ARVITO REALTY L.L.C	ارفيتو للعقارات ش.ذ.م.م	www.arvitorealty.com	43426222	connect@arvitorealty.com
33554	R&AA PROPERTIES L.L.C	ار اند ايه ايه للعقارات ش.ذ.م.م			compliance@raapropertiesllc.com
33821	FOUNDATIONS REAL ESTATE L.L.C	فاونديشن للعقارات ش.ذ.م.م			alialmarri@iron-arm.com
38009	VOEUX HOME REAL ESTATE L.L.C	فويكس هوم للعقارات ش.ذ.م.م			Ravi@voeuxuae.com
35021	SAGA LUXURY PROPERTIES L.L.C	ساغا لاكجري للعقارات ش.ذ.م.م			ranamesam@gmail.com
32833	VIP CAPITAL REAL ESTATE	في اي بي كابيتال للعقارات			vipcapitald@gmail.com
33923	SARH AL BUDOOR REALITY	صرح البدور للعقارات		971|561711101	info@sarhalbudoor.ae
33747	SK REAL ESTATE BROKERS	صك للوسطاء العقاريين			sergeykaydalov@yandex.ru
33186	TEEGEE PROPERTIES	تيجي للعقارات			properties.tg@gmail.com
27485	ROYAL CANADIAN REAL ESTATE L.L.C	رويال كانديان للعقارات ش.ذ.م.م			info@auc.ae
30439	ALIRA REAL ESTATE	اليريا للعقارات			akila.ibragimova@gmail.com
33743	DALIA S P PROPERTIES	داليا اس بي بروبرتيز	www.dalia-properties.com		oriol.plana@gmail.com
33086	PREMIA LIVINGS REAL ESTATE L.L.C	بريميا ليفينغز للعقارات ش.ذ.م.م		971-4-2762484	munawwar.hussainkhan@yahoo.com
35274	QUIET HOMES REAL ESTATE L.L.C	كوايت هومز للعقارات ش.ذ.م.م			gamilelsayed422@icloud.com
34049	S V A REAL ESTATE L.L.C	اس في ايه للوساطة العقارية ش.ذ.م.م			yanasarandi631@gmail.com
38434	WAWI REAL ESTATE L.L.C	دبليو ايه دبليو اي للعقارات ش.ذ.م.م			Office@wawi.ae
30521	N AND Y REAL ESTATE L.L.C	ان اند واي للعقارات ش.ذ.م.م			ghizlane@nyrealestatedubai.com
33741	HAUS PLAN REAL ESTATE BROKERAGE L.L.C	هاوس بلان للوساطة العقارية ش.ذ.م.م			m.issa@hausplan.ae
30944	HOTSPOT REAL ESTATE BROKERAGE L.L.C	هوتسبوت للوساطة العقارية ش.ذ.م.م			davronbeck@gmail.com
35066	AREIS REAL ESTATE L.L.C	اريس للعقارات ش.ذ.م.م			abidajmal1995@gmail.com
35664	WESTWOOD IMTIAZ REAL ESTATE BROKERAGE L.L.C	ويستود امتياز للوساطة العقارية ذ.م.م			ghazalimtiaz2@gmail.com
38094	XCLUSIVE REAL ESTATE L.L.C	اكسلوسيف للعقارات ش.ذ.م.م			namratasv100@gmail.com
37873	300 REAL ESTATE L.L.C	300 للعقارات ش.ذ.م.م			Abdallah.shaheen558@gmail.com
31285	FALAK SHER REAL ESTATE	فلك شير للعقارات			Falaksherzahoor@gmail.com
33606	MBHOMES REAL ESTATE BROKERAGE L.L.C	مبهمس للوساطة العقارية ش.ذ.م.م			contact@mbhomes.ae
29312	SIROYA HOMES REAL ESTATE	سيرويا هومز للعقارات			marhaban.global@gmail.com
38971	METRO HOUSE PROPERTIES L.L.C	مترو هاوس للعقارات ذ.م.م		971-50-6469771	alaa_albadin@hotmail.com
28154	SECURE DEALS PROPERTIES	سكيور ديل للعقارات			sshuaib2003@yahoo.com
32266	ZAHRAT ALHUDHUD PROPERTIES L.L.C	زهرة الهدهد للعقارات ش.ذ.م.م			a.awesta@hotmail.co.uk
26470	WAY ROYAL REAL ESTATE L.L.C	وي رويال للعقارات ش.ذ.م.م			wayroyaldxb@gmail.com
35017	PALMYRA PROPERTIES L.L.C	بالميرا للعقارات ش.ذ.م.م		504514411	hussam69@hotmail.com
30808	MKN PROPERTIES BROKERAGE L.L.C	ام كيه ان للوساطة العقارية ذ.م.م			mknproperties3@gmail.com
28382	MASAR CAPITAL REAL ESTATE	مسار كابيتال للعقارات		585251301	nick.hyland@masarcapital.ae
32476	ELENA GIUFFRIDA REAL ESTATE L.L.C	الينا جيوفريدا للعقارات ش.ذ.م.م			info@sweethome-luxury.com
31800	HOME LIFE WORLDWIDE REALTY L.L.C	هوم لايف ورلدوايد ريالتي ش.ذ.م.م			r.hosseini28@gmail.com
33343	GLENROSE PROPERTIES L.L.C	جلين روز للعقارات ش.ذ.م.م			yanovskiy@glenroseadvisors.com
36955	NINEKEYS REAL ESTATE BROKERAGE L.L.C	ناينكيس للوساطه العقارية ذ.م.م			Realtorabbasi@outlook.com
35864	GROW & MORE REAL ESTATE L.L.C	جرو & مور للعقارات ذ.م.م			info@bombaycontracting.com
37451	INFINEST PROPERTIES L.L.C	إنفينيست للعقارات ذ.م.م			paresh.chaturvedi@yahoo.com
34209	MAWELA PROPERTIES L.L.C	ماويلا للعقارات ش.ذ.م.م			nombasa.mawela@gmail.com
23052	V I I HOMES REAL ESTATE L.L.C	في اي اي هومز للعقارات ش.ذ.م.م			pramodd@viihomesrealestate.com
31564	ATAM REAL ESTATE BROKER	اتام للوساطة العقارية			mushtaquemo@gmail.com
28281	TWENTY EIGHT PROPERTIES	توينتي ايت للعقارات			sameer@al-arabiyadubai.com
32249	M I O REAL ESTATE BROKERS L.L.C	ام اي او للوساطة العقارية ش.ذ.م.م		585995438	maria_maslenkova@mail.ru
33945	GOLDEN LUXURY REALTY L.L.C	قولدن لكشري للعقارات ش.ذ.م.م			rkarora@rogers.com
38856	FIRST SELECT FOR REAL ESTATE BUYING & SELLING BROKERAGE L.L.C	فيرست سلكت للوساطة في بيع العقارات وشرائها ش.ذ.م.م			islam.zakirov@iubh.de
25790	CORNERSTONE REAL ESTATE L.L.C	كورنرستون للعقارات ش.ذ.م.م		41111111	tmrazzak2@gmail.com
34904	GRANADA GATE REAL ESTATE BUYING & SELLING BROKERAGE L.L.C	غرناطه جيت للوساطة في بيع العقارات وشرائها ذ.م.م			rami@granadarealestate.ae
32185	SIMPLE CHOICES REAL ESTATE L.L.C	سمبل جويس للعقارات ش.ذ.م.م		42122121	jalal.omar2021@gmail.com
31985	BRIGHT RICH REAL ESTATE L.L.C	برايت ريش للعقارات ذ.م.م			Victor.zaglumin@gmail.com
35036	W2 REALTY REAL ESTATE BROKERS L.L.C	دبليو 2 رياليتي للوساطة العقارية ش.ذ.م.م			qaiser.m@w2realestate.com
38204	TWENTYSIX ESTATES REAL ESTATE L.L.C	توينتيسيكس إستيتس للعقارات ش.ذ.م.م			Ayman_suwaidy@yahoo.com
32772	NIARKHOS REAL ESTATE L.L.C	نياركوس للعقارات ش.ذ.م.م			makedonskii.r@gmail.com
31690	NGH REAL ESTATE L.L.C	ان جي اتش للعقارات ش.ذ.م.م			narges@nghaferi.com
24181	ANHAR AL FAID REALESTATE L.L.C	أنهار الفيض للعقارات ش.ذ.م.م			Anharalfaid@gmail.com
35397	WURA REAL ESTATE BROKERAGE L.L.C	ورا للوساطة العقارية ذ.م.م			adediwuraemmanuel@gmail.com
32586	HIGH QUALITY REAL ESTATE L.L.C	هاي كواليتي للعقارات ذ.م.م			hq.dubai2022@gmail.com
28188	EVOCASA REAL ESTATE L.L.C	ايفوكاسا للعقارات ذ.م.م			ad.badea@gmail.com
25708	ARABELA REAL ESTATE BROKERS L.L.C	ارابيلا للوساطه العقاريه ش.ذ.م.م		971|509443291	ahmed@arabelaproperties.com
28934	MILLENNIAL MONEY REAL ESTATE L.L.C	ملينيال موني للعقارات ش.ذ.م.م			info@millennialmoney.me
32403	ALWASEET ALSREEA REAL ESTATE BUYING & SELLING BROKERAGE	الوسيط السريع لبيع و شراء العقارات			shikha0703@gmail.com
36691	SKT REAL ESTATE L.L.C	اس كيه تي للوساطه العقاريه ش.ذ.م.م		42610511	heidi@hrsfunke.ae
34589	ALP REAL ESTATE L.L.C	الب للعقارات ش.ذ.م.م			alprealestate14@gmail.com
31011	LUXEMBOURG REAL ESTATE	لكسمبورج العقارات			info@luxembourg-realestate.com
35646	IMPERIAL PACIFIC REAL ESTATE L.L.C	امبيريال باسيفيك للعقارات ش.ذ.م.م			aanand.0392@gmail.com
36070	EL TORRO REAL ESTATE BROKERAGE L.L.C	ايلتورو للوساطة العقارية ش.ذ.م.م			shajeemah@gmail.com
28477	ABODE REAL ESTATE L.L.C	اباود للعقارات ش.ذ.م.م			tonurai127@gmail.com
33329	PINK HOME REAL ESTATE L.L.C	بينك هوم للعقارات ذ.م.م			pinkhome.realstate@gmail.com
30477	MAISON 22 REAL ESTATE	ميزون 22 للعقارات			kamila@maisontwentytwo.com
34443	PRIME HOMES PROPERTIES L.L.C	برايم هومز للعقارات ش.ذ.م.م			mudasserindubai@gmail.com
37404	KDI REAL ESTATE L.L.C	كيه دي اي للعقارات ش.ذ.م.م			waqasmuhammad54@gmail.com
33708	DERRICK PROPERTIES L.L.C	ديريك للعقارات ذ.م.م			dpdubai2@gmail.com
27001	LUXURY BRICKS REALESTATE BROKERAGE L.L.C	لاكجري بريكس للوساطة العقارية ش.ذ.م.م			arslan198955@gmail.com
35368	QASR AL RAYAN REAL ESTATE	قصر الريان للعقارات			info@qasrrealestategroup.com
31762	A J A PROPERTIES	ايه جيه ايه للعقارات		97140000000	ayazkhan1414@gmail.com
34251	AL AMEER PROPERTIES L.L.C	الامير للعقارات ش.ذ.م.م			trgworld.bhaider2@gmail.com
32516	A O N E REAL ESTATE	ايه او ان اي للعقارات			Waelosama22@yahoo.com
30118	BLUE VELVET REAL ESTATE BROKERAGE	بلو فلفت للوساطة العقارية			rifka.nilar@icloud.com
29066	SMART FOLKS REAL ESTATE BROKERS	سمارت فولكس للوساطة العقارية	smartfolks.ae		smartfolks.realtors@gmail.com
32493	BEST PROJECT REAL ESTATE L.L.C	بيست بروجكت للعقارات ذ.م.م			renat.ahatovich@gmail.com
28868	BLING BLING REAL ESTATE L.L.C	بلينق بلينق للعقارات ش.ذ.م.م			hujingran417@gmail.com
32439	PRO SELECT REAL ESTATE L.L.C	برو سيلكت للعقارات ش.ذ.م.م			nawaf.alansari.a@gmail.com
30948	JUMP PROPERTIES	جمب للعقارات			rafat@jump.properties
30228	DEXTERS REAL ESTATE	ديكسترز للعقارات			Muhammadammar2023@gmail.com
32323	VANTAGE CAPITAL REAL ESTATE L L C	فانتج كابيتال للعقارات ش ذ م م			kabirjoshi17@gmail.com
34169	HI CASA REAL ESTATE BROKERAGE L.L.C	هاي كازا للوساطة العقارية ش.ذ.م.م		971-04-8343806	info@harmonyinvestmentsuae.com
36052	RICH KEY PROPERTIES	ريتش كي للعقارات			listing@richkey.co
34202	CRAZY DEALS REAL ESTATE BROKERS L.L.C	كريزي ديلز للوسطاء العقاريين ش.ذ.م.م			nawab@crazydealsrealty.com
35530	TOMATO REAL ESTATE BROKER L.L.C	توماتو للوساطة العقارية ذ.م.م	https://www.tomatoestate.com/		tomatoestate@gmail.com
30756	DAR EL SULTAN REAL ESTATE	دار السلطان للعقارات			sultanalex1982@gmail.com
36973	FITSON REAL ESTATE BROKER L.L.C	فيتسون ريل للوساطة العقارية ش.ذ.م.م			zehra@fitsonrealestate.com
36287	RGP PROPERTIES L.L.C	ار جي بي للعقارات ش.ذ.م.م			shayan@rglobalproperties.com
38433	SUPER MODA REAL ESTATE L.L.C	سوبر مودا للعقارات ش.ذ.م.م			gh.analog1@gmail.com
29007	VENICE PROPERTIES L.L.C	فينيس للعقارات ش.ذ.م.م	www.venice.properties		info@venice.properties
37847	TECHMEN REAL ESTATE L.L.C	تكمان للعقارات ش.ذ.م.م			muhammedfarukeren@gmail.com
34024	DOORS REALTORS FOR REAL ESTATE BUYING & SELLING BROKERAGE L.L.C	دورس ريلترس للوساطة في بيع العقارات و شرائها ش.ذ.م.م			Mohannad@doorsrealtors.com
32852	WISE VIEW PROPERTIES L.L.C	وايز فيو للعقارات ذ.م.م			info@analogicrights.com
22972	LAVERA REAL ESTATE L.L.C	لافيرا للعقارات ش.ذ.م.م		42618646	info@laveraproperties.ae
34130	FAME REAL ESTATE BROKERAGE L.L.C	فيم للوساطة العقارية ش.ذ.م.م			cooperatonvb@gmail.com
34437	VOLK PROPERTIES L.L.C	فولك للعقارات ش.ذ.م.م			hamzafarhan553@gmail.com
32855	GROSVENOR REAL ESTATE	جروسفينور للوساطة العقارية			hussain@grosvenor-re.com
36130	SHARK REAL ESTATE L.L.C	شارك للعقارات ش.ذ.م.م			zabeehullah183@gmail.com
23779	SKY LIVING REAL ESTATE BROKERAGE L.L.C	سكاي ليفينق للوساطة العقارية ش.ذ.م.م			mirzo124@hotmail.com
29851	SQUADRA REAL ESTATE	سكوادرا للعقارات			joudi.prop@gmail.com
27012	ALITA REAL ESTATE L.L.C	اليتا للعقارات ش.ذ.م.م			info@AlitaRealEstate.com
31722	LANDWISE PROPERTIES L.L.C	لاندوايز للعقارات ش.ذ.م.م			landwise.dubai@gmail.com
31165	MIRUS GLOBAL REAL ESTATE	ميروس جلوبال للعقارات			pritpal@mirus.ae
28408	M E T A PROPERTIES	ام اي تي ايه للعقارات		552262085	info@metapropertiesuae.com
26501	CAPTAIN HOMES REAL ESTATE L.L.C	كابتن هومز للعقارات ش.ذ.م.م			info@captain-homes.com
32246	ALASKA REAL ESTATE L.L.C	الاسكا للعقارات ذ.م.م			amrramadandu@gmail.com
34492	Smash Properties LLC	سماش للعقارات ش.ذ.م.مر		4000000	ali114isam@gmail.com
28791	CITY HOMES REAL ESTATE BUYING & SELLING BROKERAGE	سيتي هومز للوساطة في بيع العقارات وشرائها			sameh.ali88838@gmail.com
28175	DISALVO REAL ESTATE	ديسالفو للعقارات		0	info@disalvorealty.com
34296	RED CATS REAL ESTATE L.L.C	ريد كاتس للعقارات ش.ذ.م.م		585202060	Poznanskaya_o@mail.ru
27488	AZCO REAL ESTATE BROKERS (L.L.C) (BRANCH)	أزكو للوساطة العقارية (ش.ذ.م.م) (فرع)			info@azcorealestate.ae
33326	ASTA PROPERTIES L.L.C	ايه اس تي ايه للعقارات ذ.م.م		48346555	ahmad@astauae.com
29627	R A R PROPERTIES	ار ايه ار للعقارات		44470083	riyaz@rarproperties.ae
32752	DESTINO REAL ESTATE L.L.C	ديستينو للعقارات ش.ذ.م.م			d2584392@gmail.com
24753	THE BEST KEY REAL ESTATE BROKER L.L.C	ذا بست كي للوساطة العقارية ش.ذ.م.م			info@thebestkey.ae
24362	SILVER KEYS REAL ESTATE L.L.C	سيلفر كيز للعقارات ش.ذ.م.م			mhdafaaq@gmail.com
31599	INREALTY REAL ESTATE L.L.C	ان ريالتي للعقارات ذ.م.م			bhattabhisek@gmail.com
12681	GREAT FINE HOME REAL ESTATE L.L.C	جريت فاين هوم العقارية ش.ذ.م.م			info@finehomeint.com
16657	ARSALAN PROPERTIES L.L.C	ارسلان للعقارات ش.ذ.م.م	arsalanproperties.com	971-04-4291258	arslanproperties2020@gmail.com
21716	THOM AND GERY REAL ESTATE BROKERS	توم اند جيري للوساطة العقارية			gery@thomandgery.com
21379	DROOB PROPERTIES	دروب للعقارات	https://goo.gl/maps/S6iHF8ZMfnm	97143465659	shaker@droobproperties.com
17309	FUTURE LINE REAL ESTATE BROKERGE L.L.C	فيوتشر لاين للوساطة العقارية ش.ذ.م.م			hellodubai20@gmail.com
17100	LIMITS PROPERTIES L.L.C	ليمتس للعقارات ش.ذ.م.م		971|586935335	support@limitsuae.com
16513	B M G PROPERTIES L.L.C	بي ام جي للعقارات ش.ذ.م.م	www.bmgpropertries.com	971-4-3413100	rashid@bmgproperties.com
19976	P R O REAL ESTATE BROKERAGE	بي ار او للوساطة العقارية			fekrire@hotmail.com
25672	MONSHAAT PROPERTIES BROKER	منشآت للوساطة العقارية		971-4-3389812	mhalmarzooqi@hotmail.com
17397	BARJEEL LAND REAL ESTATE BROKERAGE	بارجيل لاند للوساطة العقارية			rak2000@eim.ae
16497	AL BAIT REAL ESTATE	البيت للوساطه العقاريه		971-4-3405333	mdubaiae@yahoo.com
19017	S F I PROPRTIES	اس اف أي العقارية	www.sfiproperties.co	971-04-8821777	info@sfiproperties.co
20912	WADI AL MOLOK REAL ESTATE BROKERAGE	وادي الملوك للوساطة العقارية			
16607	AL ZAMUR REAL ESTATE	الزامر للوساطة العقارية		971-58-5899724	md@alzamur.com
17471	M & Y PROPERTIES	أم أند واي للعقارات		971-04-4030716	mickykamelia@gmail.com
16952	AL RISA REAL ESTATE BROKERS	الريساء الوساطة لتأجير العقارات		971-4-3478741	alrisarealestate@gmail.com
33954	A AND A REAL ESTATE L.L.C	ايه اند ايه للعقارات ذ.م.م			karan@aaestate.ae
20934	GO 360 PROPERTIES	جو 360 بروبيرتيس			maimuna@cigdubai.ae
16215	PARSONS REAL ESTATE L.L.C	بارسونز للعقارات ش.ذ.م.م	www.parson.ae	42944499	info@parson.ae
32261	GAMMA REAL ESTATE L.L.C	غاما للعقارات ش.ذ.م.م			wa@gamma.realestate
2478	PACIFIC INVESTMENTS (LLC)	باسيفيك للاستثمار(ش.ذ.م.م)	https://www.dubaipacific.com	971-4-4537777	omar@dubaipacific.com
33833	UNWIND PROPERTIES L.L.C	أنوايند للعقارات ش.ذ.م.م		971|527845111	Rakan@unwind-properties.com
23293	HOMESPHERE REAL ESTATE L.L.C	هومسفير للعقارات ش.ذ.م.م	www.homespheregroup.com	45830857	hussam.gh.94@hotmail.com
33689	ROYAL PEARLE REAL ESTATE L.L.C	رويال بيرل للعقارات ش.ذ.م.م		501007805	fathirajab@yahoo.com
16527	DARI REAL ESTATE BROKERS	داري للوساطه العقاريه		971-4-2616222	kaltron@eim.ae
20068	THE GATE CAPITAL REAL ESTATE BROKERAGE L.L.C	ذا جيت كابيتال للوساطة العقارية ش.ذ.م.م			salhajeri71@gmail.com
12368	G I G REAL ESTATE BROKERS L.L.C	جي اي جي للوساطة العقاريه ش.ذ.م.م		971-4-4519992	hamza@gulfinvestgroup.com
24702	QEMAT AL EBDAA REAL ESTATE L.L.C	قمة الابداع للعقارات ش.ذ.م.م		971-4-2222669	qematalebdaa@hotmail.com
37110	AWTAD REAL ESTATE BROKERAGE L.L.C	اوتاد للوساطة العقارية ش.ذ.م.م		971-4-3231503	m.sarhan@awtadrealestate.com
21042	PALLADIUM PROPERTIES L.L.C	بلاديوم للعقارات ش.ذ.م.م	www.princesshousere.com	43999927	pbc.usama@gmail.com
11567	BABA REAL ESTATE BROKER	بابا للوساطة العقارية		97144221223	babarealestate@hotmail.com
30711	HABICO PROPERTIES	هابيكون للعقارات			ali651904@gmail.com
25859	041 PROPERTIES	041 للعقارات		527557726	haisam-bor6@hotmail.com
38356	FLORIDA CAPITAL REAL ESTATE	فلوريدا كابيتال للعقارات			tariq.hafeez@gulfxs.com
29462	DAR ALMOSTAQBAL REAL ESTATE	دار المستقبل العقارية		44523609	jassim90ss@gmail.com
28029	GOLDMAN PROPERTIES L.L.C	جولدمان للعقارات ش.ذ.م.م	www.goldman.ae		zjaabr@eim.ae
30343	K U N REAL ESTATE	كيه يو ان للعقارات			mohsin@kun.ae
39062	FANTOM REAL ESTATE L.L.C	فانتوم للعقارات ش.ذ.م.م			ismail.aushev@gmail.com
2375	VASTHU REAL ESTATE BROKERS	فيستيو للوساطة العقارية	K.P.SARVOTHAMAN	97143371063	kpsarvo@gmail.com
38806	HAMDA REAL ESTATE	حمده للعقارات			HDA.AHLI96@HOTMAIL.COM
19598	FREEDOM REAL ESTATE L.L.C	فريدوم للعقارات ش.ذ.م.م		971-4-5136685	info@freedom-dubai.net
22732	TIMELESS PROPERTIES L.L.C	تايمليس للعقارات ذ.م.م			Farani786@hotmail.com
33243	B S M PROPERTY L.L.C	بي اس ام العقارية ش.ذ.م.م			saoud.alabdooli@gmail.com
37779	FINDED PLACES REAL ESTATE BROKERAGE L.L.C	فاينديد بليسيز للوساطة العقارية ش.ذ.م.م			contact@finded.ae
32446	MAAS REAL ESTATE	ماس للعقارات			maryam.3bdulsalam@gmail.com
39011	SHANYRAQ PROPERTIES	شانيراق للعقارات			Shahab.ahli@hotmail.com
24720	UMAC REAL ESTATE BROKER	يوماك للوساطة العقارية		971-04-5805275	saloomi1975@gmail.com
23464	H M H PROPERTIES L.L.C	اتش ام اتش العقارية ش.ذ.م.م			saud.aljasmi@gmail.com
38729	ELIXATE CAPITAL PROPERTIES	اليكسيت كابيتال للعقارات		505689989	soudahli2016@gmail.com
38621	LESOUHAIT REAL ESTATE	ليسوهيت للعقارات			Lesouhait@yahoo.com
30329	Y H S REAL ESTATE	واي إتش إس للعقارات			ahmed@yhs.ae
38165	HESSA ALKHALIDI REAL ESTATE	حصه الخالدي للعقارات			Hessa.alkhalidi@icloud.com
34340	AL WADI AL MEZHER REAL ESTATE	الوادي المزهر العقارية	https://www.alwadigroup.ae/alwadi.php	971-04-3993544	info@alwadigroup.ae
29487	SYCAMORE REAL ESTATE	سيكاموري للعقارات			info@sycamore.ae
33974	SUPER WEALTHY REAL ESTATE L.L.C	سوبر ويلثي للعقارات ش.ذ.م.م	www.wealthyrealestate.org		Dubai@wealthyrealestate.org
39336	ALFA FREEHOLD REAL ESTATE L.L.C	ألفا فري هولد للعقارات ذ.م.م			ALFA.freehold.2023@gmail.com
32067	RASD PROPERTIES	رصد للعقارات			rbq1970@yahoo.com
36078	PRESIDENT REAL ESTATE BROKERAGE	بريزيدنت للوساطة العقارية			mohammad.jarman@gmail.com
32156	BLUEWAVES REAL ESTATE BROKERAGE	بلوويفز للوساطة العقارية		506555534	bluewaves.brokerage@gmail.com
37756	PREMIUM CHOICE REAL ESTATE BROKERAGE EST.	مؤسسة بريميوم شويس للوساطة العقارية		971-55-1143434	eisa.fuj@gmail.com
39066	AL RAFFA FOR LEASING PROPERTY BROKERAGE AGENTS EST.	مؤسسة الرفاعة للوساطة في تأجير العقارات		547634445	medhat_asd79@hotmail.com
33409	NEXT DOOR REAL ESTATE L.L.C	نيكست دور للعقارات ش.ذ.م.م			wadood@ndre.ae
27205	AL DIQAH PROPERTIES	الدقة العقارية			abdulkarim.m1964@gmail.com
32045	GOLDEN FALCON REAL ESTATE	جولدن فالكون للعقارات		971504887833	ma@goldenfalcon1.com
35491	BAGIRA PROPERTIES L.L.C	باجيرا للعقارات ش.ذ.م.م			Gamalelsherif85@gmail.com
24822	PEAK REAL ESTATE BROKERAGE	بيك للوساطة العقارية			BO.FAHED2009@HOTMAIL.COM
22946	HOME STATION REAL ESTATE	هوم ستيشن للعقارات			waseem930@gmail.com
13209	TOP CLASS DEALS REAL ESTATE BROKERAGE L.L.C	توب كلاس ديلز للوساطة العقارية ش.ذ.م.م		971-4-4276663	abaevru@gmail.com
33911	ROYAL PAVILION REAL ESTATE BROKERS L.L.C	رويال بافيليون للوساطة العقارية ش.ذ.م.م			royalpavilion@royalpavilion.ae
27154	EVAST REAL ESTATE	ايفاست للعقارات		971-04-8745333	evastrealestate@gmail.com
30938	UNITED HILLS REAL ESTATE	يونايتد هيلز للعقارات			operations@uig-gcc.com
37743	LANDMARK AVENUE REAL ESTATE L.L.C	لاند مارك افنيو للعقارات ش.ذ.م.م			M.shalash2008@gmail.com
37280	LANDLINK PROPERTIES	لاند لينك العقارية			Mohdmousa2002@gmail.com
23399	MANOR REAL ESTATE L.L.C	مانور للعقارات ش.ذ.م.م			hhholding@protonmail.com
36018	HAMAD AL SALEH FOR REAL ESTATE BUYING & SELLING BROKERAGE	حمد ال صالح للوساطة في بيع العقارات وشرائها			aalsaleh.hamad@gmail.com
37584	MIRDIF DREAM REAL ESTATE	مردف دريم للعقارات			A.almaazmi890@gmail.com
11882	BROKERS LOUNGE REAL ESTATE	بروكرز لاونج للعقارات		971-4-3499000	imran@ali-alshirawi.com
28114	MAPS REAL ESTATE	مابس للعقارات		48926606	charanjit.advani@gmail.com
38872	BARAA PROPERTIES L.L.C	براء للعقارات ش.ذ.م.م			bisanmohanna@gmail.com
16340	KAIZEN A M S PROPERTY SUPERVISION L.L.C	كيزن ايه ام اس للاشراف العقاري ذ.م.م		971-4-4534917	sara.a@kaizenams.com
28042	DANAT ALMARJAN REAL ESTATE	دانة المرجان للعقارات		505904566	ams_uae@hotmail.com
37475	RESLINK REAL ESTATE	ريسلنك للعقارات		507033705	3brdxb@gmail.com
15983	AHAD REAL ESTATE BROKERS L.L.C	احد للوساطة العقارية ش.ذ.م.م		971-4-1594545	bchobineh@yahoo.com
12643	MIRDIF PALACE REAL ESTATE	مردف بالاس للعقارات			adel.dxb@hotmail.com
39184	TRESTATE REAL ESTATE BROKERAGE	تي آر إي للوساطة العقارية		509433999	trestatedubai@hotmail.com
39640	SINCERITY FOR REAL ESTATE BUYING & SELLING BROKERAGE EST.	مؤسسة سينشرت للوساطة في بيع العقارات وشرائها		42691444	fahim@sincerityre.com
11734	S TREE	اس تريي	www.stree.ae	971-4-4301232	REALESTATE@STREE.AE
12130	COAST SEA REAL ESTATE BROKER	كوست سي للوساطه العقاريه		971-4-3609574	marina@coastsearealestate.ae
26934	ATHMAN REAL ESTATE	أثمان للعقارات			Abdulla.alameri556@gmail.com
25313	U STELLA REAL ESTATE L.L.C	يو ستيلا للعقارات ش.ذ.م.م	www.ustella.com		alaa@stella.ae
36278	AL HOSN REALESTATE L.L.C REAL ESTATE BUYING & SELLING BROKERAGE	الحصن للعقارات ذ م م للوساطة في بيع العقارات وشرائها		971-50-6234973	alkaabi1957@gmail.com
11655	HAPPY HOME PROPERTIES L.L.C	هابي هوم للعقارات ش.ذ.م.م		971-04-3556686	ceo@hhproperties.ae
38427	MEUS FOR REAL ESTATE BROKERAGE	مي وس للوساطة العقارية		971509009028	meusrealtor@gmail.com
35283	AMMAR ALMADANI REAL ESTATE	عمار المدني للعقارات			ammaralmadani83@hotmail.com
38019	BIN MUSABBAH PROPERTIES	بن مصبح للعقارات			roudhajamal@hotmail.com
37717	EMI WORLDWIDE REAL ESTATE	ايمي ورلد وايد للعقارات			alzaabi@emirates-worldwide.com
25179	ALSADIQ ALAMIN REAL ESTATE BROKERAGE	الصادق الامين للوساطة العقارية			Amjad@echuae.com
35242	FIRST PRIME PROPERTIES L.L.C	فيرست برايم للعقارات ش.ذ.م.م			vip_ali_a@hotmail.com
38722	VORTEC REAL ESTATE BROKERAGE	فورتك للوساطة العقارية		558777794	alidxbalali@gmail.com
37637	ALRAHHALA PROPERTIES	الرحالة للعقارات			Fbolooky@gmail.com
33936	AGYAD REAL ESTATES	اجياد للعقارات			ashraf@agyad-uae.com
34934	NAJM PROPERTIES L.L.C	نجم للعقارات ش.ذ.م.م		971-4-2738573	yousif@najmproperties.com
11595	SHARAVI REAL ESTATE BROKERS	شرافي للوساطة العقارية		971-4-2396872	sharavi.re@gmail.com
11812	CAVENDISH MAXWELL REAL ESTATE BROKER L.L.C	كافينديش ماكسويل للوساطة العقارية ش.ذ.م.م		971-4-3416343	info@cavendishmaxwell.com
12933	AHMED AL SHEEBANI REAL ESTATE L.L.C	احمد الشيباني للعقارات ذ.م.م		971-4-5055646	a.faruky@alsheebanirealestate.ae
26366	DAHDAH REAL ESTATE	دحدح للعقارات			delcy@prodeskk.com
2522	DREAM HOME REAL ESTATE BROKER L.L.C	دريم هوم للوساطة العقارية ش.ذ.م.م	www.dreamhomerealestatebroker.co	971-4-3524284	info@dreamhomerealestatebroker.co
2409	OCEAN WAVE REAL ESTATE L.L.C	امواج المحيط للوساطة العقارية ش.ذ.م.م			Srikanth.abm@gmail.com
35030	THEIA REAL ESTATE L.L.C	ثيا للعقارات ش.ذ.م.م			rhaider@hotmail.com
26474	MICHLINE REAL ESTATE BUYING & SELLING BROKERAGE	ميشلين للوساطة في بيع و شراء العقارات			bitarmar@gmail.com
30374	TEAMS REAL ESTATE BROKERS	تيمز للوسطاء العقاريين			MOHD.ALJASIM@HOTMAIL.COM
15397	K S L INTERNATIONAL REAL ESTATE BROKER	كيه اس ال انترناشونال للوساطة العقارية		971-4-3852886	info@kslintlgroup.com
30282	FINGER PRINT REAL ESTATE BROKERS	فينجر برنت للوساطة العقارية			Alkhell@gmail.com
35908	RIDGEWOOD FOR REAL ESTATE BUYING & SELLING BROKERAGE L.L.C	ريدجود للوساطة في بيع العقارات وشرائها ش.ذ.م.م	www.ridgewood.ae	501547076	soleimani.ariana@gmail.com
38469	ONE KNOCK REAL ESTATE L.L.C	ون نوك للعقارات ش.ذ.م.م		505990877	info@okrealestates.com
32011	ALWASEL REAL ESTATE BROKER	الواصل للوساطة العقارية			Dubai826711@gmail.com
35819	SIDE LAND PROPERTIES L.L.C	سايد لاند للعقارات ش.ذ.م.م		971-04-3515855	sidelandproperties@gmail.com
2436	E R E HOMES REAL ESTATE BROKERS	إي ار إي هومس للوساطة العقارية		971-04-4550800	akf@erehomes.ae
22950	HOME WALKERS REAL ESTATE BROKER L.L.C	هوم واكرز للوساطة العقارية ش.ذ.م.م			Sagr5242222@gmail.com
12705	MAJESTIC HOMES REAL ESTATE	ماجيستيك هومز للعقارات	www.mhomesdubai.com	971-04-3827888	aisha@majestichomes.ae
11715	LANDS L.L.C	اراضي ش.ذ.م.م			dxblands@yahoo.com
12675	PROPERTY ADVISORS	بروبرتي ادفايزرس		558830830	dinasab@gmail.com
32876	RAJHA REAL ESTATE BROKERS L.L.C	راجحة للوسطاء العقاريين ش.ذ.م.م			Razanrajhaa@gmail.com
30882	OPTIMUM VISION REAL ESTATE L.L.C	أوبتيمم فيجن للعقارات ش.ذ.م.م			Admin@optimumvisionrealestate.com
38232	OUN YORESTA FOR LEASING PROPERTY BROKERAGE AGENTS	عون يورستا للوساطة في تأجير العقارات		971-50-2852883	dhconsultancydubai@gmail.com
38069	RIGHT DEAL REAL ESTATE BROKER	رايت ديل للوساطة العقارية			aalkindy@yahoo.com
463	AL JALLAF REAL ESTATE	الجلاف للعقارات		971-4-2732288	vmathews@hotmail.com
29334	FIRST BROKER REAL ESTATE L.L.C	فيرست بروكر للعقارات ش.ذ.م.م		971-4-3337776	dxbsalam@hotmail.com
30034	AL BARAYEH REAL ESTATE	البرايح للعقارات			alsayegh_2@yahoo.com
37604	SHAMMA ALJABRI REAL ESTATE	شما الجابري للعقارات			shammaaljabrirealestate@gmail.com
37596	AL NWAMEES REAL ESTATES L.L.C	النواميس للعقارات ش.ذ.م.م			fahad.alshafi@outlook.com
25938	NIBRAS REAL ESTATE SUPERVISION L.L.C	نبراس للاشراف العقاري ش.ذ.م.م			mohammad@nibrasre.com
28329	LUXURY LIVING REAL ESTATE L.L.C	لكسريلفنج للعقارات ذ.م.م			sameer@al-arabiyadubai.com
37684	HOLMES AND HOMES REAL ESTATE	هولمز اند هومز للعقارات			hnh.mktt@gmail.com
24927	ABOVE & BEYOND PROPERTIES L.L.C	ابوف & بيوند للعقارات ش.ذ.م.م		508886532	info@aandbproperties.ae
39805	BH AGENTS REAL ESTATE	بي اتش ايجنتس للعقارات		506554991	ceo@binhammadgroup.com
34722	ANCA MARINA REAL ESTATE L.L.C	أنكا مارينا للعقارات ش.ذ.م.م			marina@fida.group
37763	JERNAS REAL ESTATE	جرناس للعقارات		506460707	saodalshamsi@hotmail.com
25850	D X D RENAISSANCE REAL ESTATE L.L.C	دي اكس دي رينيسانس العقارية ش.ذ.م.م			khalid@dxdrenaissance.com
27429	BUSSMA REAL ESTATE	بصمة للعقارات			uae.air1@gmail.com
29361	HADHREEN REAL ESTATE BROKERAGE	حاضرين للوساطة العقارية		507791818	marwan.alshehhi@hotmail.com
36412	SMSAR AL MADINAH REAL ESTATE BUYING & SELLING BROKERAGE	سمسار المدينه للوساطة العقارية			Smsarmadinah@gmail.com
11704	ARTECH REAL ESTATE BROKER	ارتك للوساطة العقارية		971-4-3548881	abhilash@artechrealtors.com
12126	BAIT AL NOOR REAL ESTATE BROKERAGE L.L.C	بيت النور للوساطة العقارية ش.ذ.م.م		971-04-2399029	shakeel.rentalproperties@gmail.com
36638	AURA CAPITAL REAL ESTATE BROKER L.L.C	اورا كابيتال للوساطة العقارية ش.ذ.م.م			abirhaddioui24@gmail.com
35498	FARSAN ALMUSTAQBL REAL ESTATE BROKERAGE	فرسان المستقبل للوساطة العقارية		971-4-2862266	Khalifa_549@hotmail.com
23266	ICON HOMES REAL ESTATE BROKERS	ايكون هومز للوساطه العقاريه			dubai_kamal@hotmail.com
22839	G P G GLOBAL REAL ESTATE BROKERAGE L.L.C	جي بي جي جلوبال للوساطة العقارية ش.ذ.م.م	www.globalpropertygroup.co	971|526564255	cg@globalpropertygroup.co
38261	TIFFANY PROPERTIES L.L.C	تيفاني للعقارات ذ.م.م		971-4-3857769	hebasheikhova@gmail.com
29605	FAITH HOMES REAL ESTATE	فيث هومز للعقارات			DUBAI.LANDBROKERS@GMAIL.COM
33017	BK REAL ESTATE BROKERAGE L.L.C	بي كيه للوساطة العقارية ش.ذ.م.م			ex-ahmed@hotmail.com
24799	JUMA ALSHAMSI REAL ESTATE	جمعه الشامسي للعقارات			juma.alshamsi@yahoo.com
12747	AL HUDA PROPERTIES L.L.C	الهدى للعقارات ش.ذ.م.م		971|557272801	mubarak.ali@alhudaproperties.com
37551	SHALABY REAL ESTATE L.L.C	شلبي للعقارات ش.ذ.م.م			ashalaby@shalaby-re.com
12717	PROPERTY LINKERS REAL ESTATE BROKER	بروبريتي لينكرس للوساطة العقارية		44474665	adnan@glinkdubai.com
29047	ARENA REAL ESTATE BROKERAGE	ارينا للوساطة العقارية			hassan.ali.alhajeri77@gmail.com
15394	BIN FAHAD REAL ESTATE	بن فهد للعقارات		971-4-3337366	
35760	SMART VENTURES REAL ESTATE	سمارت فنشرز للعقارات			ALAMIRIAMIN@YAHOO.COM
38653	SARAT ALRYADH REAL ESTATE BROKERAGE	سرعة الرياده للوساطة العقارية			ahmed.alhamiz@gmail.com
11834	PROPERTY FINDERS REAL ESTATE	بروبيرتي فايندرز للعقارات		971-4-3533229	katrina@propertyfindersuae.com
26698	OUTLANDERS REALTY L.L.C	اوت لاندرز للعقارات ش.ذ.م.م		971|508827245	bd@outlanders.ae
30379	ILAND REAL ESTATE	آيلاند للعقارات			aymanabdallah38@gmail.com
12177	BLUEPRINT REALTY L.L.C	بلوبرينت للوساطة العقارية ذ.م.م		971-4-8249676	sayed@blueprint.ae
31279	TINA GLOBAL REAL ESTATE L.L.C	تينا جلوبال للعقارات ش.ذ.م.م			tinaglobalre@gmail.com
29810	FADOX REAL ESTATE (BR OF FADOX INVESTMENT L.L.C)	فادوكس للعقارات (فرع من فادوكس للاستثمار ش.ذ.م.م )		971-04-4561669	info@fadox.hk
36007	ALJOKER REAL ESTATE L.L.C	الجوكر للعقارات ش.ذ.م.م			suparfirr@hotmail.com
12886	RETAJ REAL ESTATE	ريتاج للعقارات		971-4-2630660	ritajproperty@gmail.com
11805	MAZ PROPERTIES L.L.C	ماز للعقارات ش.ذ.م.م	http://mazproperties.ae/	97143586783	info@mazproperties.ae
20732	AL KHOORI SULTANA REAL ESTATE LLC	الخوري سلطانة للعقارات ذ م م		43809808	abdulnazer4084@gmail.com
33752	PATTERN CAPEX PROPERTIES	باترن كابكس للعقارات			s.alhumairi@hotmail.com
22652	PARADISE LIFE REAL ESTATE BROKERS L.L.C	برادايز لايف للوساطة العقارية ش.ذ.م.م		42344220	AGAHLI68@GMAIL.COM
2551	IVORY GRAND REAL ESTATE LLC	ايفوري جراند للعقارات ش ذ م م		971-4-3468880	mathewhasdxb@gmail.com
38939	CENTRAL HUB REAL ESTATE L.L.C	سنترال هب للعقارات ش.ذ.م.م			M.a.lootah@gmail.com
26107	SIMPLE KEY REAL ESTATE BROKERAGE	سمبل كي للوساطة العقارية			shs_alnuaimi@hotmail.com
37974	URBANSPACE REAL ESTATE	اوربان سبيس للعقارات			Urbanspacedxb@gmail.com
11970	HIGH LEVEL REAL ESTATE L.L.C	هاى ليفيل للعقارات ش.ذ.م.م		971-4-3868686	properties@hlr.ae
2600	GOLDEN GALAXY REAL ESTATE	المجره الذهبية للوساطة العقارية		971-4-4542760	goldengalaxy@yahoo.com
28079	MOHAMMED BIN ESSA REAL ESTATE BROKERAGE	محمد بن عيسى للوساطة العقارية		971-4-5596644	almutaiwei78@gmail.com
30372	INNOVA REAL ESTATE L.L.C	إنوفا العقارية ش.ذ.م.م			chandra.gupta@aldanube.com
29427	KMG REAL ESTATE BROKER L.L.C	كيه ام جي للوساطة العقارية ش.ذ.م.م			khalil.ezzbs@gmail.com
30845	PLATINUM EXCLUSIVE REAL ESTATE BROKERAGE	بلاتينيوم اكسكلوسف للوساطة العقارية			XROCKROYALTY@GMAIL.COM
758	E S N REAL ESTATE BROKER L.L.C	ايه اس ان للوساطة العقارية ش.ذ.م.م		971-4-4470575	sales@seaside.ae
28786	ATLANTIS REAL ESTATE	اتلانتس العقارية		557377447	ATA.uae1@gmail.com
35289	SUKNA REAL ESTATE BROKERAGE EST.	مؤسسة سكنى للوساطة العقارية			suad.almarzooqi4@gmail.com
22369	LETS MOVE IN REAL ESTATE	ليتس موف ان للعقارات		971-04-4538760	hinachristina2016@gmail.com
30345	BELONG REAL ESTATE BROKERS	بيلونج للوسطاء العقاريين		971552217777	info@belong.ae
27006	ELLEVEST REAL ESTATE BROKERAGE	الفيست للوساطة العقارية			halao91@gmail.com
33783	ALGHARB REAL ESTATE	الغرب للعقارات			Algharbrealestateofficial@gmail.com
36758	MSA & PARTNERS REAL ESTATE L.L.C	أم أس أيه اند بارتنرز للعقارات ذ.م.م			fuadmsa82@gmail.com
27882	SUHAIL BIN MIZAR REAL ESTATE BROKERAGE	سهيل بن ميزر للوساطة العقارية		971506000131	suhail_almarri@hotmail.com
11879	BLESSINGS REAL ESTATE BROKER L.L.C	بليسينغس للوساطة العقارية ش.ذ.م.م	www.blessingsuae.com	971-4-4432448	admin@blessingsuae.com
29126	ORANGE CITY PROPERTIES L.L.C	اورنج سيتي بروبرتيز ش.ذ.م.م		971-04-4578752	ceo@orangecity.ae
24716	Mawazien real estate broker	موازين للوساطه العقارية	Mawazien.net	971|557062277	Mawazien@hotmail.com
36605	MIRABELLE REAL ESTATE BROKERS L.L.C	ميرابال للوساطة العقارية ذ.م.م		971-4-4437158	motaz@smartmedia.ae
36960	SUROOR EMIRATES REAL ESTATE	سرورالامارات للعقارات			Suroor22@yahoo.com
30771	MOZAABI REAL ESTATE	موزابي للعقارات			malzaabi@mozaabienterprises.com
31701	HARVEY & SMITH REAL ESTATE L.L.C	هارفي & سميث للعقارات ذ.م.م			info@harveysmith.com
30123	ALKAYAN REAL ESTATE BROKERAGE EST.	مؤسسة الكيان للوساطة العقارية		971-50-4472676	Alkayan@realestate-brokerage.co
11716	MIDEAST PROPERTIES L.L.C	ميدست للعقارات ش.ذ.م.م			quaid@me-properties.com
39041	ICONIC S A S REAL ESTATE	ايكونك اس ايه اس للعقارات			Sasr.z@hotmail.com
30822	THEROOF PROPERTIES L.L.C	ذاروف للعقارات ش.ذ.م.م	www.theroof.ae	501412101	ceo@theroof.ae
38818	CATSH PROPERTIES	كاتش للعقارات			hameed.alhaj@outlook.com
13208	MALLORCA PROPERTIES L.L.C	مايوركا للعقارات ش.ذ.م.م	http://mallorca.ae/about-us/	971-4-4221820	Fm@mallorca.ae
12314	AL BURRAQ REAL ESTATE	ال براق العقارىة		971-4-4548322	alburraqrealestate@gmail.com
30461	BIN ALLOOBA REAL ESTATE BROKER	بن علوبه للوساطة العقارية			BOONAHYAAN@GMAIL.COM
37989	B 2 U REAL ESTATE BROKERAGE	بي 2 يو للوساطة العقارية			Kmda999@yahoo.com
39574	NAAS PROPERTIES L.L.C	ان ايه ايه اس للعقارات ش.ذ.م.م		971|543131168	info@nasproperties.com
39268	ZAHRAT AL ORCHID REAL ESTATE	زهرة الأوركيد للعقارات			khawla.alfalasi@hotmail.com
31228	KHALED ALKAABI REAL ESTATE L.L.C	خالد الكعبي للعقارات ش.ذ.م.م	https://www.khaledalkaabiproperties.com/		princess@khaledalkaabiproperties.com
2170	TWINKLE REAL ESTATE BROKER	المتلألأه للوساطة العقارية		971-4-5754740	info@twinklegroup.ae
313	JUMEIRA REAL ESTATE	جميرا للعقارات		971-4-2979900	a.sh_gad@yahoo.com
84	AL MOTAMAYEZOON REAL ESTATE	المتميزون للعقارات	omar mohamed abdalla yousif al rayaysi	971|502810581	nadaabu266@gmail.com
947	DOWN TOWN STAR REAL ESTATE BROKER	داون تاون ستار للوساطه العقارية		971-4-4504249	farah.downtown@gmail.com
2026	Q & Q REAL ESTATE L.L.C	كيو & كيو للعقارات ش.ذ.م.م		971-4-2289661	qnqrealestate@gmail.com
1961	BLACKSTONE GULF REAL ESTATE BROKER L.L.C	بلاك ستون جلف للوساطة العقارية ش.ذ.م.م	www.blackstonegulf.com	971-4-3132444	SABELE@BLACKSTONEGULF.COM
1168	BLACK ARROW REALESTAT BROKERS	السهم الاسود للوساطة العقارية		971-4-3623775	blackarrowrealestate@yahoo.com
133	DUBAI WATERFRONT PROPERTIES	دبي واترفرونت للعقارات		971-4-4298000	rajju@dubaiwaterfront.com
329	OCEAN FRONT REAL ESTATE L.L.C	اوشن فرونت للعقارات ش.ذ.م.م		971-4-2424088	support@oceanfrontdubai.com
21012	CORAL HOMES REAL ESTATE BROKERS L.L.C	كورال هومز للوساطة العقارية ش.ذ.م.م			sheriffakbar@gmail.com
12290	ABDULLA ALSAFFAR REAL ESTATE BROKER	عبدالله الصفار للوساطة العقارية		971-4-2661167	alsaffarrealestate@gmail.com
24714	SPLENDOR REAL ESTATE BROKERAGE L.L.C	سبلندور للوساطة العقارية ش.ذ.م.م			
12743	SILVER WAVES REAL ESTATE BROKERS	سيلفر ويفز للوساطة العقارية		971-4-2599020	dawoud@mdgroupco.com
17234	AQARCO REAL ESTATE BROKER L.L.C	عقاركو للوساطة العقارية ش.ذ.م.م		97143687200	ahmad@aqarcoproperty.com
17204	BROWSE REAL ESTATE	بروسي للعقارات	www.browserealestate.ae	971-04-5598013	ashishweston80@gmail.com
19198	BIZLINK REAL ESTATE BROKER	بزلينك للوساطة العقارية	www.bizlinkre.ae	971544690909	ismailbizlink@hotmail.com
11690	PRIMROSE REAL ESTATE L.L.C	بريمروز للعقارات ش.ذ.م.م		971-4-3618696	brilly@primroserealestatedubai.com
16250	BROKERS CAFE REAL ESTATE OWND BY ABDULLA JASSEM MOHD BIN KALBAN ONE PERSON COMPANY L.L.C	بروكرز كافيه ريل استيت لمالكها عبدالله جاسم محمد بن كلبان شركه الشخص الواحد ش.ذ.م.م		43421153	a.kalban@ega.ae
21819	ARCH HOME REAL ESTATE BROKERS L.L.C	ارك هوم للوساطة العقارية ش.ذ.م.م			sanjaylakhwani@yahoo.com
16946	CUTE HOME REAL ESTATE	كيوت هوم للعقارات		971-4-3410313	meedoa0@gmail.com
16259	AZZURRO HOMES REAL ESTATE BROKER	ازورو هومز للوساطة العقارية		971|559555595	ohaasa@hotmail.com
16965	NINETY DEGREE SOUTH REAL ESTATE BROKERS L.L.C	ناينتي دغري ساوث للوساطة العقارية ش.ذ.م.م	www.ninetydegreesouth.com	551311000	fadi@ninetydegreesouth.com
16637	THE TREASURY PROPERTIES L.L.C	ذا تراجري للعقارات ذ.م.م		97145898447	TREASURYPROPERTIES.UAE@GMAIL.COM
20122	DREAM CITY REAL ESTATE BROKERS	دريم سيتي للوساطة العقارية	www.makamr.com	42996559	nader.maher@live.com
17141	AKAN REAL ESTATE BROKERS L.L.C	اكان للوساطة العقارية ش.ذ.م.م		971-04-3266060	admin@akanreb.com
16540	FLOURISH REAL ESTATE	فلوريش للعقارات	www.flourishrealestates.com	971-4-2865544	admin@flourishrealestates.com
16381	BOARDWALK REAL ESTATE	بوردوالك للعقارات		971-4-3312555	Zaamin@gmail.com
21196	RIGHT DOORS REAL ESTATE BROKERS	رايت دورز للوساطة العقارية		971-4-5898362	zeeshanshk300@gmail.com
12232	AHMED ABDULLAH AL MOOSA REAL ESTATE L.L.C	احمد عبدالله الموسي للعقارات ش.ذ.م.م		97142231322	Admin@aam-group.ae
16691	GRAND STAR REAL ESTATE L.L.C	جراند ستار للعقارات ش.ذ.م.م		971-4-4529800	hassan@grandstarre.com
16851	B S O REAL ESTATE MANAGEMENT	بي اس او لإدارة العقارات		971-04-4547337	e.busteryakov@bso.ae
16789	SHTORM REAL ESTATE BROKER	شتورم للوساطة العقارية			info@shtormgroup.com
36270	INFINITY PRIME REAL ESTATE L.L.C	انفينيتي برايم للعقارات ش.ذ.م.م			dubaibusiness9@gmail.com
15298	AL FAL REAL ESTATE	الفال للعقارات		97142522147	alfalrealestate@hotmail.com
12733	NAJMAT ALMIZAN REAL ESTATE BROKERS	نجمة الميزان للوساطة العقارية		971-4-2660074	najmatalmizan.ralestate@gmail.com
20773	M H R REAL ESTATE L.L.C	ام اتش ار للعقارات ش.ذ.م.م			vilayath@mhruae.com
16391	BEST HOUSE REAL STATE BROKERAGE L.L.C	بيست هوس للوساطة العقارية ذ.م.م		971-4-2948380	best.house@hotmail.com
20366	S A T I REAL ESTATE	اس ايه تي اي للعقارات		43207222	sas@sati.ae
23751	AWESOME REAL ESTATE	اوسم للعقارات			singhhemendra12@yahoo.com
16371	PLATINUM MIDDLE EAST PROPERTIES L.L.C	بلاتينيوم ميدل ايست للعقارات ش.ذ.م.م	www.realestateae.com	971-4-3235644	shaduli@realestateae.com
20001	MAJID AL FUTTAIM EMIRATI COMMUNITIES OPERATION L.L.C	ماجد الفطيم لتشغيل مشاريع المدن المتكاملة الاماراتية ش.ذ.م.م		505653535	fzarooni@yahoo.com
1020	AL ZAD REAL ESTATE	الزاد للعقارات	www.alzadgroup.com	44474797	vincraft@emirates.net.ae
17411	EVEREST SKY REAL ESTATE L.L.C	ايفرست سكاي للعقارات ش.ذ.م.م		971|556260705	everestskyrealestate@gmail.com
19077	ADEL ABALKHAIL REAL ESTATE	عادل اباالخيل للعقارات			abalkhaildxb@gmail.com
16499	GREEN PLANTS REAL ESTATE BROKERS	جرين بلانتس للوساطة العقارية		971-04-3525990	greenplantsprop@gmail.com
20707	KORAN REAL ESTATE BROKER	كوران للوساطة العقارية	www.koranrealestate.com		koranrealestate@gmail.com
12759	MADEIRA REAL ESTATE	ماديرا للعقارات		971-4-3239424	helalhalabi@gmail.com
22144	REVIVE REAL ESTATE BUYING & SELLING BROKERAGE L.L.C	رفايف للوساطة في بيع العقارات وشرائها ش.ذ.م.م		971-4-5072021	info@reviveestate.com
36276	BAY ROUTE REAL ESTATE L.L.C	باي روت للعقارات ش.ذ.م.م		525719063	mounirm@bayroute.ae
13049	ALTARIK ALMOSHRIK PROPERTY	الطريق المشرق للوساطة العقارية	www.altarikproperty.com	45657811	altarikalmashrik@gmail.com
12712	FIRST STEP PROPERTIES L.L.C	فيرست ستيب للعقارات ش.ذ.م.م	www.firststepproperties.ae	971-4-5726751	q_asghar@yahoo.com
20281	TAURUS FLOOR REAL ESTATE	توروس فلور للعقارات			taurusfloorrealestate@gmail.com
17151	ASICO REAL ESTATE L.L.C	اسيكو للعقارات ش.ذ.م.م		971-04-2971111	admin@asicorealty.ae
20771	ALDAR PROPERTIES - P J S C - DUBAI BRANCH	الدار العقارية (ش.م.ع) - فرع دبي	https://www.aldar.com/en/Pages/default.aspx		malrousi@aldar.com
12664	KSQUARE REAL ESTATE L.L.C	كسكوير للعقارات ش.ذ.م.م		971-4-3615154	sachi@ksquare.me
19875	DAR ALSARH REAL ESTATE BROKERAGE	دار الصرح للوساطة العقارية		971-04-2566100	mai@daralsarh.ae
20612	Dream village	دريم فيلج		42953244	info@dreamvillageuae.org
16384	SINCLAIR REAL ESTATE BROKER L.L.C	سنكلير للوساطة العقارية ش.ذ.م.م		97143806885	rana@sinclair-uae.com
21764	AL ABWAZ REAL ESTATE L.L.C	الأبوز للعقارات ش.ذ.م.م	https://alabwaz.com/	'971-4-2944970	info.dubai@alabwaz.com
32780	J B L REAL ESTATE BROKER L.L.C	جيه بي ال للوساطة العقارية ش.ذ.م.م			jihaneboussaa@gmail.com
21941	TOTAL EMINENCE REAL ESTATE L.L.C	توتل ايميننس للعقارات ش.ذ.م.م		971-4-5786786	ufk1973@gmail.com
12071	THE EXCLUSIVE INVESTMENT L.L.C	ذا اكسكلوسيف للاستثمار ذ.م.م		45586585	harsh@glassnstone.com
12111	AL TAJ AL MALAKI REAL ESTATE L.L.C	التاج الملكي للعقارات ش.ذ.م.م		971042507415	ABDTAIFE@YAHOO.COM
16598	HONOR REAL ESTATE BROKER L.L.C	أونور للوساطة العقارية ش.ذ.م.م	www.honorhomes.ae	971565255599	accounts@honorhomes.ae
16625	SEARCH TO END REAL ESTATE	سيرج تو اند للعقارات	www.easternhouse.ae	97148183226	rashed_sherzay@yahoo.com
907	DANIA PROPERTY MANAGEMENT & CONSULTANCY CO( L.L.C)	شركة دانية للأدارة والأستشارات العقارية (ذات مسؤولية محدودة)	www.daniaproperty.com	97144472444	accounts@daniaproperty.com
17142	UBL PROPERTIES	يو بي ال للعقارات		971-04-2388144	bibyjo@gmail.com
11933	PROPERTIES MARKET L.L.C	سوق العقارات ش.ذ.م.م		42978333	pro@tulip-creek.com
16986	DOLCE VILLAS REAL ESTATE BROKERS L.L.C	دولشي فيلاس للوساطة العقارية ذ.م.م		971-4-3341444	info@THEDOLCEVILLAS.com
38317	ROWAD ALMAJD REAL ESTATE L.L.C	رواد المجد للعقارات ذ.م.م			uaeahmed1971@gmail.com
37805	TOP RATED REAL ESTATE L.L.C	توب ريتد للعقارات ش.ذ.م.م			parinwz@gmail.com
39376	PRIME HORIZON REAL ESTATE L.L.C	برايم هوريزون للعقارات ش.ذ.م.م			Bhjat.alazhar@outlook.com
39908	MENA ALSAHM REAL ESTATE BROKER L.L.C	مينا السهم للوساطة العقارية ش.ذ.م.م		43817340	sport.north@gmail.com
28971	ADDRESS HOMES REAL ESTATE BROKERS L.L.C	آدريس هومز للوساطة العقارية ش.ذ.م.م	www.addresshomes.com	42803956	bandaynayeem@yahoo.com
36858	ELEV8 PROPERTIES L.L.C	ايليف8 للعقارات ش.ذ.م.م			mahendra.mota9@gmail.com
38479	BLUE SUNRISE REAL ESTATE L.L.C	بلو سنرايز للعقارات ش.ذ.م.م			bluesunrisedubai@gmail.com
27955	TASNEEM REAL ESTATE	تسنيم للعقارات			info@tasneemgmc.com
31553	AL AUX REAL ESTATE L.L.C	ال اوكس للعقارات ش.ذ.م.م		4311111	mmunirdxb@gmail.com
26426	DAR AL YAQUT PROPERTY MANAGEMENT L.L.C	دار الياقوت للإشراف الإداري للعقارات ش.ذ.م.م	www.daralyaqut.com	45914419	moinasalam@gmail.com
34882	IMMORMC REAL ESTATE L.L.C	اي ام ام او ار ام سي للعقارات ش.ذ.م.م	https://immormc.com		contact@immormc.com
31180	KALLAT PROPERTIES	كالات بروبرتيز			dr.thahirkallat@gmail.com
36983	CLARITY MAGNET REAL ESTATE L.L.C	كلاريتي ماجنيت للعقارات ش.ذ.م.م			alhamed8880@gmail.com
29621	CORAZON REAL ESTATE BROKRAGE L.L.C	كورازون للوساطة العقارية ش.ذ.م.م			malay@corazonhomes.com
37615	ESSKAY PROPERTIES L.L.C	اس كيه بروبرتيز ذ.م.م			kamran_shaikh4@hotmail.com
35302	OCTOPUS REAL ESTATE L.L.C	اوكتوبوس للعقارات ذ.م.م			Osaka104@hotmail.com
38413	VIP STARS REAL ESTATE L.L.C	في آي بي ستارز للعقارات ش.ذ.م.م			Abdeldu13@hotmail.fr
27653	ARD ALAQHAWAN REAL ESTATE	أرض الاقحوان للعقارات		971-04-2999804	info@ardalaqhawan.com
36425	SAIBA REAL ESTATE L.L.C	سايبا للعقارات ذ.م.م			SUNIL@RADIANTDUBAI.COM
32523	TEREZA REAL ESTATE L.L.C	تيريزا للعقارات ش.ذ.م.م			admin@terezaestates.com
39277	STERLING CAPITAL REAL ESTATE L.L.C	استيرلنج كابيتال للعقارات ش.ذ.م.م			barcarol@gmail.com
29651	MACRO REALTY REAL ESTATE L.L.C	ماكرو رياليتي للعقارات ش.ذ.م.م		501013730	atefeh.haghi.sarabi@gmail.com
23349	The best guide real estate broker	ذا بست جايد للوساطة العقارية		42444789	Fatima.hajjaj@tbgbroker.com
36243	M T M PROPERTIES L.L.C	ام تي ام للعقارات ش.ذ.م.م			m_dubai@hotmail.com
31621	KARIM LUXURY REAL ESTATE L.L.C	كريم لاكشري للعقارات ش.ذ.م.م		563048033	karim.luxury@outlook.com
33820	PRIME HOUSE REAL ESTATE L.L.C	برايم هاوس للعقارات ش.ذ.م.م			renat.ahatovich@gmail.com
33569	ADMOL REAL ESTATE L.L.C	ادمول للعقارات ش.ذ.م.م			imrangharaiya@yahoo.com
38767	UNIQUE HOMES WORLDWIDE PROPERTIES - SOLE PROPRIETORSHIP L.L.C - DUBAI BRANCH	يونيك هومز ورلد وايد العقارية - شركة الشخص الواحد ذ م م - فرع دبي			info@uhpae.com
36690	CAPITAL EDGE PROPERTIES L.L.C	كابيتال ايدج للعقارات ش.ذ.م.م			Altamimi.yazeed87@gmail.com
34542	SEDAD REALTY	سيداد للعقارات			zahran_7@yahoo.com
38628	COMMON LIVING REAL ESTATE BROKERAGE L.L.C	كومن ليفينج للوساطة العقارية ش.ذ.م.م			monir_h26@yahoo.com
36326	MANIFEST REAL ESTATE L.L.C	مينيفيست للعقارات ش.ذ.م.م			lalithasel89@yahoo.com
39217	KINGSTONE REAL ESTATE BROKERS L.L.C	كينجستون للوساطة العقارية ش.ذ.م.م			poppydubai@outlook.com
38404	SAF GROUP FOR REAL ESTATE MANAGEMENT SUPERVISION SERVICES CO. L.L.C	مجموعة ساف لخدمات الإشراف الإداري للعقارات شركة الشخص الواحد ذ.م.م		585924665	info@safgroup.ae
36677	BOLD CAPITAL REAL ESTATE L.L.C	بولد كابيتال للعقارات ذ.م.م			vadim@blaustein.mc
39963	ROYAL ALLIED PROPERTIES L.L.C	رويال الايد للعقارات ذ.م.م		557266179	royalalliedproperties@gmail.com
36366	B S W REAL ESTATE L.L.C	بي اس دبليو للعقارات ش.ذ.م.م			waqas341@hotmail.com
39589	EMERALD REAL ESTATE L.L.C	ايميرالد للعقارات ش.ذ.م.م		44514737	IMAD_HAF@YAHOO.COM
38499	CURATE PROPERTIES L.L.C	كيوريت للعقارات ش.ذ.م.م			TIADOLINEBEJJANI@GMAIL.COM
33525	POSH HEIGHTS REALTY L.L.C	بوش هايتس للعقارات ش.ذ.م.م			farzan979@gmail.com
34218	GATE2GULF REAL ESTATE BROKERAGE	جيت2جلف للوساطة العقارية			info@gate2gulf.com
26362	CLASSY HOME REAL ESTATE L.L.C	كلاسي هوم للعقارات ش.ذ.م.م			rehan.yaseen70@gmail.com
29378	HOME AND HEAVEN REAL ESTATE	هوم اند هيفن للعقارات	https://hnh.ae/		iammubashir@gmail.com
32712	DALMA HOMES REAL ESTATE L.L.C	دلما هومز للعقارات ش.ذ.م.م	https://dalmahomes.com/		tahir@dalma.ae
39328	ALLIANCE VENTURA PROPERTY L.L.C	اليانس فنتورا للعقارات ش.ذ.م.م			wafalbalooshi8@gmail.com
36918	S N A PREMIUM PROPERTIES L.L.C	اس ان ايه بريميوم للعقارات ش.ذ.م.م			sagal_a@hotmail.com
39706	BENTLEY FOR REAL ESTATE BUYING & SELLING BROKERAGE CO. L.L.C	بنتلي للوساطة في بيع العقارات وشرائها شركة الشخص الواحد ذ.م.م		+971-506338803	mohd.aljariri@aljaririgroup.com
29689	KUNZAN REAL ESTATE BROKERS L.L.C	كنزان للوسطاء العقاريين ش.ذ.م.م			stalliondox@gmail.com
36251	MANASAH REAL ESTATES BROKERS L.L.C	منصة للوساطة العقارية ذ.م.م			uae1000000@live.com
36486	CASA BAIT REAL ESTATE L.L.C	كذا بيت للعقارات ش.ذ.م.م			info@casabait.com
35983	SHOSTY REAL ESTATE L.L.C	شوستي للعقارات ذ.م.م			peter@shosty.com
32372	D K V INTERNATIONAL REAL ESTATE L.L.C	دي كيه في انترناشونال للعقارات ذ.م.م			dinesh@dkvintl.com
39781	REALTY OLIVE TREE PROPERTIES L.L.C	ريالتي أوليف ترى للعقارات ش.ذ.م.م			Joaovfrade@gmail.com
37295	DMANSION PROPERTIES L.L.C	دمانيشون بروبيرتيز ش.ذ.م.م			info@dmansionproperties.com
39546	DOMINION REAL ESTATE L.L.C	دومنيون للعقارات ش.ذ.م.م			foramont@gmail.com
37849	D&A PROPERTIES L.L.C	دي & ايه للعقارات ذ.م.م			Devendrajosan@gmail.com
39942	DAMAAR PROPERTIES L.L.C	دامار للعقارات ش.ذ.م.م		585161881	rgkhan84@gmail.com
29658	HEARTLAND REAL ESTATE L.L.C	هارتلاند للعقارات ش.ذ.م.م			zohaiburrehman@yahoo.com
35892	EMERALD HOMES REAL ESTATE L.L.C	ايميرلد هومز للعقارات ذ.م.م			syedasadquadri75@gmail.com
32432	TASMIA REAL ESTATE	تسمية للعقارات		971-4-4243737	kadri@gmail.com
34329	828 CAPITAL REAL ESTATE L.L.C	828 كابيتال للعقارات ش.ذ.م.م			aronin7@gmail.com
36327	L Y D REAL ESTATE L.L.C	ال واي دي للعقارات ش.ذ.م.م			info@lydgroups.com
39936	GREEN FERN PROPERTIES L.L.C	جرين فيرن للعقارات ش.ذ.م.م		971-4-1234567	MAHSANKHAN0@GMAIL.COM
36284	PINNACLE HAVEN CAPITAL REAL ESTATE L.L.C	بيناكل هافين كابيتال للعقارات ش.ذ.م.م		507200540	ebabalola@gmail.com
35850	MEMON REALTOR REAL ESTATE BUYING & SELLING BROKERAGE L.L.C	ميمون ريلتور للوساطة في بيع العقارات وشرائها ش.ذ.م.م			fowajmemon@gmail.com
32850	MED LAND REAL ESTATE	ميد لاند للعقارات			adnan_noor_kd@yahoo.com
34744	PRISMA PROPERTIES L.L.C	بريسما للعقارات ش.ذ.م.م			nic.dxb.10@gmail.com
23335	GOLDEN VALUE REAL ESTATE L.L.C	جولدن فاليو للعقارات ش.ذ.م.م			Ahmed_helmy7722@yahoo.com
39955	RIGHTEOUS PROPERTIES L.L.C	رايتوس للعقارات ش.ذ.م.م			info@righteousproperties.ae
27019	LA VITA REAL ESTATE	لا فيتا للعقارات			aidafer369@outlook.com
33357	LAND OF TREASURE REAL ESTATE L.L.C	لاند اوف تراشورز للعقارات ش.ذ.م.م			thelandoftreasure@gmail.com
38844	LIV SQUARED PROPERTIES L.L.C	ليف سكويرد للعقارات ش.ذ.م.م			roxanne.bagdoc@livsquared.com
37893	SOLAND REAL ESTATE L.L.C	سولاند للعقارات ش.ذ.م.م			jescuadro@artoncapital.com
29016	HIGH FIVE PROPERTIES L.L.C	هاي فايف للعقارات ش.ذ.م.م	https://www.hi5properties.com	48340555	PROPERTIES.HI5@GMAIL.COM
38454	FERI REAL ESTATE L.L.C	فيري للعقارات ش.ذ.م.م			fejzullaalgerta85@gmail.com
22093	MOUNTAIN VIEW REAL ESTATE L.L.C	مونتان فيو للعقارات ش.ذ.م.م		971-4-2565650	mr.ahmed.atef888@gmail.com
38311	STEP PAY REAL ESTATE BROKERAGE L.L.C	ستب باي للوساطه العقارية ذ.م.م			muhammed.hussein89@gmail.com
32562	TOP MILLIONS REAL ESTATE (BRANCH)	توب مليونز للعقارات (فرع)			topmillions777@gmail.com
31026	SUKKAR REAL ESTATE	سكر للعقارات			mohamed.sukkar@assiltours.com
22316	AZAZ REAL ESTATE L.L.C	ازاز للعقارات ذ.م.م		47777714	info@azaz.uno
32043	CHALET INTERNATIONAL REAL ESTATE L.L.C	شاليت انترناشيونال للعقارات ذ.م.م			coo@chaletipi.com
38900	OAK REALTY REAL ESTATE L.L.C	او ايه كي ريلاتي للعقارات ش.ذ.م.م			chelsykukreja@outlook.com
38620	QASAR AL BARAKA REAL ESTATE	قصر البركة للعقارات			qabrealestate@gmail.com
28073	THE ICON CASA PROPERTIES	ذا ايكون كازا بروبرتيز			sami@theiconcasa.com
38546	STAR SHINE REAL ESTATE BUYING & SELLING BROKERAGE L.L.C	ستار شاين للوساطة في بيع العقارات وشرائها ش.ذ.م.م			judyj3040@gmail.com
37376	HANNIBAL INTERNATIONAL REALESTATE L.L.C	حنبعل انترناشونال للعقارات ذ.م.م			info@hannibalrealinter.com
32245	CREATIVE LINES REAL ESTATE	كريتيف لاينس للعقارات		42972665	Malikshahzad.aas@gmail.com
36906	DIRWAZAT ALDHAHABIA REAL ESTATE BUYING & SELLING BROKERAGE L.L.C	دروازة الذهبية لوساطة في بيع العقارات وشرائها ش.ذ.م.م			Seap23@gmail.com
38557	CDP PALM REAL ESTATE L.L.C	سي دي بي بالم للعقارات ذ.م.م			Elias.jabbour@live.com
28180	GOLDEN BEE REAL ESTATE	جولدن بيي للعقارات			sameer@al-arabiyadubai.com
25354	NASSER ALEMADI REAL ESTATE BROKERS	ناصر العمادي للوساطة العقارية	https://nasseralemadi.com/	48821226	n@nasseralemadi.com
34460	DESERT MILLIONAIRE REAL ESTATE BROKER L.L.C	ديزرت مليونير للوساطة العقارية ش.ذ.م.م			desertmillonaire@gmail.com
35673	WORLDFIELD REAL ESTATE L.L.C	وورلد فيلد للعقارات ذ.م.م		503945119	jk@incognitopartners.com
31703	OXFORD STAR REALSTATE L.L.C	اكسفورد ستار للعقارات ش.ذ.م.م			Oxfordtourism@yahoo.com
28588	JOOBAN APKI WEB-DESIGN EST.	مؤسسة جوبان أبكي لتصميم مواقع الشبكة المعلوماتية ( الانترنت)			anishdxb24@gmail.com
38652	E L L PROPERTIES L.L.C	اي ال ال للعقارات ش.ذ.م.م			saisyam.syam@gmail.com
32927	N O A REAL ESTATE L.L.C	ان او إيه للعقارات ش.ذ.م.م			noarealestate123@gmail.com
39603	ICONIQ AVENUE PROPERTIES	ايكونيك افينيو للعقارات			omran_656@hotmail.com
37987	MOZART REAL ESTATE L.L.C	موزارت للعقارات ذ.م.م			bragin005zm@gmail.com
35701	FLETCH PROPERTIES L.L.C	فلتش بروبرتيز ش.ذ.م.م			n.m.naghi@hotmail.com
37728	ARKA NINE REAL ESTATE BROKER L.L.C	ارقى نين للوساطة العقارية ذ.م.م			arka9realestate@gmail.com
28090	GRAVITI PROPERTIES	جرافيتي للعقارات			Srivastava.nidhi27@rediffmail.com
36672	REVEAL REAL ESTATE BROKERAGE L.L.C	ريفيل للوساطة العقارية ش.ذ.م.م			admin@axcapital.ae
30166	NOUR BAYAN PROPERTIES	نور بيان للعقارات			uae212018@gmail.com
30675	NUMAI REAL ESTATE	نوماي للعقارات			rabih@numairealestate.com
32720	INSIGNIA REAL ESTATE MANAGEMENT L.L.C	انسغنيا لادارة العقارات ش.ذ.م.م		45466196	safwan.salahuddin@mservorealestate.com
39438	T M G LUXURY REAL ESTATE L.L.C	تي ام جي لاكشري للعقارات ش.ذ.م.م			gemmaoflaherty1987@gmail.com
39455	A M S REAL ESTATE BROKERS L.L.C	ايه ام اس للوساطة العقارية ذ.م.م			Danishmaqsood144@gmail.com
32682	HOMESEEK REAL ESTATE L.L.C	هومسيك للعقارات ش.ذ.م.م			muhammedbazzaz@gmail.com
31910	CITY STAY DELUXE PROPERTIES L.L.C	سيتي ستيت ديلوكس لللعقارات ش.ذ.م.م			admin@citystayproperties.com
33696	INVESQ PROPERTY BROKERAGE L.L.C	انفيسكيو للوساطة العقارية ش.ذ.م.م		971-4-4338922	dimitri.parhofer@invesq.com
37842	BRXN REAL ESTATE L.L.C	بي ار اكس ان للعقارات ش.ذ.م.م			brxnrealestatellc@gmail.com
32563	O C C PROPERTY	او سي سي للعقارات			ck@occblue.com
36515	MAGIC MIND REAL ESTATE BROKERAGE L.L.C	ماجيك مايند للوساطة العقارية ش.ذ.م.م			Magicmind.bhupinder@gmail.com
31847	BAIT ALRAIHAN REAL ESTATE BROKERS L.L.C	بيت الريحان للوساطة العقارية ش.ذ.م.م			786yunuskhan@gmail.com
36543	FUTURE SCOPE REAL ESTATE BROKER	فيوتشر سكوب للوساطة العقارية			Juma.1984@hotmail.com
33558	GOLF COURSE REAL ESTATE L.L.C	غولف كورس للعقارات ذ.م.م			ajeeshahmed@icloud.com
31750	ALIYAS REAL ESTATE L.L.C	الياس للعقارات ش.ذ.م.م		412345678	ibrahim218ia@gmail.com
38355	GOLD CENTURY REAL ESTATE L.L.C	جولد سنشري للعقارات ش.ذ.م.م			Moustafa.abouhichme@gmail.com
30235	SELL ANY PROPERTY	سل اني بروبرتي		971-4-2255141	abushaireh@yahoo.com
29033	ALLISTER REAL ESTATE L.L.C	أليستار للعقارات ش.ذ.م.م			allisteruae@gmail.com
31601	BINANCE REAL ESTATE BROKER L.L.C	بايننس للوساطة العقارية ذ.م.م			S.danhach@keyclue.ae
39911	MOINS REAL ESTATE L.L.C	موينز للعقارات ذ.م.م			mrjawadmoin@gmail.com
30347	BLUEBRICKS REAL ESTATE	بلوبريكس للعقارات			ops@auregagroup.com
38796	SHETH REAL ESTATE L.L.C	شيت للعقارات ش.ذ.م.م			shethpranav111@gmail.com
38702	Z H I REAL ESTATE L.L.C	زد اج اي للعقارات ش.ذ.م.م		582835117	zahidiqra4@gmail.com
39846	SEVENTY TWO REAL ESTATE L.L.C	سيفينتي تو للعقارات ش.ذ.م.م			admin@seventytworealestate.com
38282	PODIUM REAL ESTATE L.L.C	بوديوم للعقارات ذ.م.م			bhoomi.shweta@gmail.com
25591	EMPIRIUM ESTATES REAL ESTATE BROKERS L.L.C	امبيريوم استيتس للوساطة العقارية ذ.م.م			mohammadbindalmook@hotmail.com
39395	ZAIN ALNAKHBA REAL ESTATE L.L.C	زين النخبة للعقارات ش.ذ.م.م			abdelwahabehabgabar@gmail.com
30407	MUHAMMAD AMIR REAL ESTATE BROKER	محمد عامر للوساطة العقارية			amirpolani@yahoo.com
39168	SANDWATER REAL ESTATE L.L.C	ساند ووتر للعقارات ش.ذ.م.م			Idreesmalik9@hotmail.com
37553	PRIME LIVING PROPERTIES L.L.C	برايم ليفينج للعقارات ذ.م.م			mohamadkodmani@gmail.com
30008	LUYTETFUIE L.L.C	ديبارتمنيتثين ذ.م.م		544745530	modacrealestate@gmail.com
37748	MAJID REAL ESTATE BROKER L.L.C	مجيد للوساطة العقارية ش.ذ.م.م			majiddevelopments@gmail.com
30881	VELKE REAL ESTATE BROKERS L.L.C	فيلكى للوساطة العقارية ش.ذ.م.م			yuliti@hotmail.com
38525	ONE HUNDRED AND ONE S B S REAL ESTATE L.L.C	ون هاندرد اند ون اس بي اس للعقارات ش.ذ.م.م			annadt2021@gmail.com
39819	BAIT ALDUNYA PROPERTIES L.L.C	بيت الدنيا للعقارات ش.ذ.م.م			mohammedkasad73@gmail.com
39408	S R K PROPERTIES L.L.C	اس ار كيه العقارية ش.ذ.م.م			nooralaman2020@gmail.com
39204	MAISON CAPITAL REAL ESTATE L.L.C	ميزون كابيتال للعقارات ش.ذ.م.م			tbagdasarian2023@gmail.com
39445	LAVINIA PROPERTIES L.L.C	لافينيا بروبرتيز ش.ذ.م.م			senevi963@gmail.com
35855	DOM NINE PROPERTIES	دوم نين للعقارات			iryna@dom9.com
24847	VERACITY REAL ESTATE BROKER L.L.C	فيراسيتي للوساطة العقارية ش.ذ.م.م			ahmedalqadi20@gmail.com
38995	NOTUN THIKANA REAL ESTATE L.L.C	نوتن ثيكانا للعقارات ش.ذ.م.م			shamimmollarana@gmail.com
39731	ALKASH REALESTATE	الكاش للعقارات			Faisal.alkash9@gmail.com
36082	GOLDEN EIGHT REAL ESTATE L.L.C	غولدن آيت للعقارات ش.ذ.م.م			eliefmurr@outlook.com
36416	MTOWN REAL ESTATE BROKERAGE L.L.C	إمتاون للوساطة العقارية ش.ذ.م.م			m.arafa@mtownre.com
31615	STAR IMMO REAL ESTATE	استارايمو للعقارات			Passion26000@gmail.com
33804	OWN KEY PROPERTIES L.L.C	اون كي للعقارات ش.ذ.م.م		971-4-2220311	ownkeyproperties@gmail.com
32910	ONESTA REAL ESTATE L.L.C	أونيستا للعقارات ذ.م.م			abm@onesta-realestate.com
34790	CASA REGAL PROPERTIES L.L.C	كازا ريجال للعقارات ذ.م.م			alkesh1811@yahoo.co.in
39385	IDEAL HOUSE REAL ESTATE	ايديال هاوس للعقارات			raniasoliman465@gmail.com
34086	RAYA BESPOKE REAL ESTATE L.L.C	رايا بيسبوك للعقارات ش.ذ.م.م			oxana.lulukina@yahoo.com
38907	NUEVO RICHE REAL ESTATE L.L.C	نويفو ريتش للعقارات ش.ذ.م.م			hania.work24@gmail.com
29128	GRAND KISWA REAL ESTATE	جراند كسوة للعقارات			fahad.amshan@outlook.com
34561	G C C REAL ESTATE L.L.C	جي سي سي للعقارات ش.ذ.م.م		528116192	COOLBABYCEO@GMAIL.COM
31997	CPC REAL ESTATE L.L.C	سي بي سي للعقارات ش.ذ.م.م			shaji@alburaq.ae
39029	Z S K REAL ESTATE L.L.C	زد اس كيه للعقارات ذ.م.م			zafarkhan1006@gmail.com
27832	GRUHAM REAL ESTATE BROKERS	غروهام للوساطة العقارية			ali.na8iri@gmail.com
38037	BRYK REAL ESTATE BROKERAGE L.L.C	بي ار واي كي للوساطة العقارية ش.ذ.م.م			yashrgulwani@gmail.com
37004	THE LUXURY REAL ESTATE BROKER L.L.C	ذا لاكشري للوساطة العقارية ش.ذ.م.م			yasircmm@gmail.com
39662	SPACE INFRA PROPERTIES L.L.C	سبيس انفرا بروبرتيز ذ.م.م		509097841	maazdehlvi@gmail.com
33540	CENTRAL PACIFIC ONE PROPERTY L.L.C	سنترال باسيفيك ون للعقارات ش.ذ.م.م			Harvysimeon@yahoo.com
38517	PARLA PROPERTIES	بارلا للعقارات			a.m.alsuwaidi@outlook.com
34688	URA HOMES REAL ESTATE L.L.C	يو ار ايه هومز للعقارات ش.ذ.م.م			utkarsh.chauhan0103@gmail.com
39737	KANDY REAL ESTATE L.L.C	كاندي للعقارات ش.ذ.م.م			sandy.saghir@outlook.com
35632	GALLOP REAL ESTATE BROKER L.L.C	جالوب للوساطة العقارية ش.ذ.م.م		43939859	gk@gallop.realestate
38597	DAR AL EYWAN REAL ESTATE L.L.C	دار الإيوان للعقارات ذ.م.م			abdullah@eywan.ae
38062	INFINITY LUXURY REAL ESTATE L.L.C	انفينيتي لاكشري للعقارات ش.ذ.م.م			info@infinityluxuryrealestate.com
39392	ALNABK REAL ESTATE L.L.C	النبك للعقارات ش.ذ.م.م			melbak993@gmail.com
29404	MOONSTONE REAL ESTATE BROKERAGE	مون ستون للوساطة العقارية		971-58-6589305	Moonstonerealestateuae@gmail.com
39953	WADI ALMAZAYA REAL ESTATE BUYING & SELLING BROKERAGE	وادي المزايا للوساطة في بيع العقارات وشرائها			muhammadnouman3411@gmail.com
36461	PARAMOUNT HOMES REAL ESTATE L.L.C	بارامونت هومز للعقارات ش.ذ.م.م			naziashah786@gmail.com
35846	A X S REAL ESTATE L.L.C	ايه اكس اس للعقارات ذ.م.م			dubai@axsrealtors.com
30339	DEXPO HOME REAL ESTATE	ديكسبو هوم العقارية	https://dexpohome.ae	45797766	hamza.seyed@yahoo.com
32140	A L B M REAL ESTATE L.L.C	ايه ال بي ام للوساطة العقارية ذ.م.م			www.toseefch@gmail.com
34164	SUNSHINE RED REAL ESTATE L.L.C	سنشين رد للعقارات ش.ذ.م.م			sunshinereddubai@gmail.com
27952	ALTOOT ALAZRAQ REAL STATE	التوت الازرق للعقارات			Jingli2024@gmail.com
37853	YOUR HOUSE REAL ESTATE BROKERAGE L.L.C	يور هاوس للوساطة العقارية ش.ذ.م.م			fadianaie@ymail.com
38133	ENERGY HOME PROPERTIES	انيرجي هوم للعقارات			imaxfzc@gmail.com
38215	S B K PROPERTIES L.L.C	اس بي كيه للعقارات ش.ذ.م.م			rmindo3000@gmail.com
36631	BAHR AL ASHWAG REAL ESTATE	بحر الاشواق للعقارات	www.bahralaswagre.net		bahralashwagrealestate@gmail.com
36688	ANCOVA LUXURY PROPERTIES L.L.C	انكوفا لاكجري للعقارات ش.ذ.م.م		505938515	operations@aryaluxuryproperties.com
38673	CDN GLOBAL REAL ESTATE L.L.C	سي دي ان جلوبال للعقارات ش.ذ.م.م			info@cdnglobal.ae
24405	IKIGAI REAL ESTATE BROKER	ايكيجا للوساطة العقارية			vikasarora.68@gmail.com
34687	SFIVE REAL ESTATE L.L.C	سفايف للعقارات ش.ذ.م.م			ahmad9742@gmail.com
35143	RULE HOMES REAL ESTATE L.L.C	رول هومز للعقارات ش.ذ.م.م	https://www.linkedinhome.com	42271702	info@linkedinhome.com
28631	H&S LUXURY REAL ESTATE L.L.C	اتش و ايس لوكجوري للعقارات ش.ذ.م.م			hands@gmail.com
39282	INSIGHTS VENTURE REAL ESTATE L.L.C	انسايتس فنشرز للعقارات ذ.م.م			info@ivrealestate.ae
38858	I S T REAL ESTATE L.L.C	أي أس تي للعقارات ذ.م.م			maiar-barshiny@hotmail.com
27725	VISTARA HOMES REAL ESTATE L.L.C DUBAI BRANCH	فسترا هومز للعقارات فرع دبى ذ.م. م			anjali.sapru@gmail.com
35101	ROYAL MAX REAL ESTATE L.L.C	رويال ماكس للوساطة العقاريه ذ.م.م	royalmaxrealestate.ae	44107524	mg@royalmaxrealestate.ae
29097	CYDUBAI REAL ESTATE BROKERAGE EST.	مؤسسة سايدبي للوساطة العقارية			marahdocs@gmail.com
36761	NEXT RANGE REAL ESTATE BROKERAGE L.L.C	نيكست رينج للوساطة العقارية ش.ذ.م.م			info@al-arabiyadubai.com
38231	TROPHY REAL ESTATE L.L.C	تروفي للعقارات ذ.م.م			SAMINI28@GMAIL.COM
39910	MATRIXXSQUARE REALESTATE DEVELOPMENT L.L.C	ماتريكس سكوير للتطوير العقاري ش.ذ.م.م			Iamkhan2828@gmail.com
32473	SAIRABH VENTURES REAL ESTATE L.L.C	سايراب فينجرز للعقارات ش.ذ.م.م			sairabhventuresllc@gmail.com
32837	FERROCOM REAL ESTATE	فيروكوم للعقارات		543665642	s2924656@icloud.com
38382	LUXURY ACRES REAL ESTATE L.L.C	لاكشرى اكريس للعقارات ذ.م.م			sarahmaaz24@gmail.com
30406	GLOBAL HOMES REAL ESTATE BROKERAGE L.L.C	جلوبل هومز للوساطة العقارية ش.ذ.م.م			admin@globalhomes.ae
24523	VIOLA REAL ESTATE L.L.C	فيولا للعقارات ش.ذ.م.م		45492300	rajabisirus@gmail.com
22835	OYOON AL MAHA REAL ESTATE BROKRAGE	عيون المها للوساطة العقارية		971-04-3993544	info@alwadigroup.ae
34132	AL AREZ REAL ESTATE L.L.C	الأرز للعقارات ذ.م.م		585666551	Alarezrealestate@gmail.com
39838	MOAWEN REAL ESTATE	معاون للعقارات			alkhamairy@gmail.com
39650	R T S OAKMONT REAL ESTATE BROKER L.L.C	ار تي اس اوكمونت للوساطة العقارية ش.ذ.م.م			robbie@oakmont.ae
39240	DESERT STAR PROPERTIES L.L.C	ديسيرت ستار للعقارات ش.ذ.م.م		971-56-6580456	naveedmsg@gmail.com
37044	HOMES WORTH REALESTATE BROKER L.L.C	هومز وورث للوساطة العقارية ش.ذ.م.م			belynics@yahoo.com
38213	WAHAT AL SAHARA REAL ESTATE L.L.C	واحة الصحراء للعقارات ش.ذ.م.م			a_dreamer22@yahoo.com
38547	DUXE PROPERTIES L.L.C	ديوكس للعقارات ش.ذ.م.م			ada.kz.gill@gmail.com
39541	MASHAEL ALASWAD AND MOHAMED SALAH REAL ESTATE L.L.C	مشاعل الاسود ومحمد صلاح للعقارات ش.ذ.م.م			ms2111@gmail.com
39749	PRIME LUXE HOME REAL ESTATE L.L.C	برايم لوكس هوم للعقارات ش.ذ.م.م			6385470@gmail.com
33834	EBLA REAL ESTATE BROKERS L.L.C	إيبلا للوسطاء العقاريين ش.ذ.م.م			sakr.m.9@gmail.com
29819	PAP REAL ESTATE L.L.C	باب للعقارات ش.ذ.م.م			yury.ni12@gmail.com
35542	STAR LINK REAL ESTATE L.L.C	ستار لينك للعقارات ش.ذ.م.م			sl_office@starlinkgrp.com
38235	ELITE LIFESTYLE REAL ESTATE BROKERS L.L.C	اليت لايف ستايل للوساطة العقارية ذ.م.م			ahmed@elitelifestyleproperty.com
35034	VIVID REALTY REAL ESTATE L.L.C	فيفيد ريالتي للعقارات ش.ذ.م.م		585252575	info@vividrealty.ae
37667	CHARISMA REALTY L.L.C	كاريزما للعقارات ش.ذ.م.م			Info@charismarealty.ae
39945	ARETE GLOBAL REAL ESTATE L.L.C	اريت جلوبال للعقارات ذ.م.م			fahim.mihaf@gmail.com
35754	GOLD DUST PROPERTIES L.L.C	جولد دست للعقارات ش.ذ.م.م	www.golddust.ae	42800650	Shivam@GoldDust.ae
35874	ARIA STAR REAL ESTATE L.L.C	اريا ستار للعقارات ش.ذ.م.م		44218196	ariastarrealestatellc@gmail.com
37052	C T P CAPITAL REAL ESTATE L.L.C	سي تي بيه كابيتال للعقارات ذ.م.م			timur.yakubov@outlook.com
39763	STARDOM REAL ESTATE BROKERS L.L.C	ستاردوم للوساطة العقارية ش.ذ.م.م			mahi.simat@gmail.com
36753	PRADERA VINDICO REAL ESTATE L.L.C	براديرا فينديكو للوساطة العقارية ش.ذ.م.م			marcellolarizza@gmail.com
38504	PROPR LUXURY REAL ESTATE L.L.C	بروبر لكجري للعقارات ذ.م.م			hassan@propr.ae
31623	I2D REAL ESTATE L.L.C	اي 2 دي للعقارات ش.ذ.م.م	www.invest2dubai.com	0	marcin.poznan2019@gmail.com
36382	DAR AL SAFA REAL ESTATE L.L.C	دار الصفا للعقارات ش.ذ.م.م			Khaled.desoky89@gmail.com
26618	SQUARE PROPERTIES	سكوير العقارية			squareuae@hotmail.com
33576	LUXURY CUBE REAL ESTATE L.L.C	لاكجري كيوب للعقارات ش.ذ.م.م			Luxurycubewatches@outlook.com
38268	REALTY UTOPIA REAL ESTATE L.L.C	ريلتي ييوتوبيا للعقارات ش.ذ.م.م			deking218@gmail.com
39874	ISA SARAY PROPERTIES L.L.C	عيسى سراي للعقارات ش.ذ.م.م		557650001	aa8830254@gmail.com
32568	SEQUOIA REAL ESTATE L.L.C	سيكويا للعقارات ش.ذ.م.م			marina.djokic2018@gmail.com
27897	ENERGICA REAL ESTATE	إنيرجيكا للعقارات			sihamhaddadin@gmail.com
38029	ALBEN PROPERTIES	البن للعقارات			at@albenproperties.com
39020	DOZIN REAL ESTATE L.L.C	دوزين للعقارات ذ.م.م		971-04-8763935	dozinrealestates@gmail.com
38259	D & S HOMES REAL ESTATE BROKERS L.L.C	دي & اس هومز للوساطة العقارية ش.ذ.م.م			anshul.sindawni04@gmail.com
34238	AQAAR PLUS REAL ESTATE BROKERAGE CO. L.L.C	عقار بلس للوساطة العقارية شركة الشخص الواحد ذ.م.م		971-04-3884200	ahmedraai@yahoo.com
30782	SENA HOMES REAL ESTATE L.L.C	سينا هومز للعقارات ش.ذ.م.م			senareinl@gmail.com
33807	EAZAE REALTY REAL ESTATE BROKERAGE L.L.C	ايزيه ريلتي للوساطة العقارية ش.ذ.م.م		971-58-5041088	mroibu75@gmail.com
35659	NEXTGEN REALTY REAL ESTATE L.L.C	نيكستجن رياليتي للعقارات ذ.م.م			Jasmeetsingh1978@gmail.com
29890	MEDMAR PROPERTIES	مضمار للعقارات			HESHAM@MEDMAR.AE
36442	AEMETRIA REAL ESTATE BROKERS L.L.C	ايميتريا للعقارات ش.ذ.م.م			Mercsome@gmail.com
26359	AL MAKLAI REAL ESTATE	المكلاي للعقارات			mr.maklai@hotmail.com
39450	AVENTUS REALTORS REAL ESTATE L.L.C	افينتوس ريلتورز للعقارات ش.ذ.م.م			nimshism@gmail.com
36719	NAIR REALITY L.L.C	ناير رياليتي ش.ذ.م.م			anoopn20@gmail.com
33114	NUBE PROPERTIES L.L.C	نوب للعقارات ش.ذ.م.م			khaliddnoor@yahoo.com
38857	PATRIOT PRO REAL ESTATE L.L.C	باتريوت برو للعقارات ش.ذ.م.م		43682287	naveedmiqbal2527@gmail.com
35600	VILLAR REAL ESTATE L.L.C	فيلار للوساطة العقارية ش.ذ.م.م			dmutwani@gmail.com
39421	HOX REAL ESTATE	إتش اوه إكس للعقارات		505837728	syedasawera570@gmail.com
37990	PRIME CREST REAL ESTATE BROKERS L.L.C	برايم كرست للوساطة العقارية ش.ذ.م.م			moin@infoquest.ae
37997	ABSOLUTE CAPITAL REAL ESTATE L.L.C	ابسلوت كابيتال للعقارات ش.ذ.م.م			Medveditskova@bk.ri
29509	GAF HOMES FOR REAL ESTATE BUYING & SELLING BROKERAGE	جاف هومز للوساطة في بيع العقارات وشرائها			Foufoufatma@gmail.com
39167	BOCHI PROPERTIES L.L.C	بوتشي للعقارات ش.ذ.م.م			Fuadfrox@hotmail.com
37706	SLEEK PROPERTIES L.L.C	سليك للعقارات ش.ذ.م.م			jasperauto@outlook.com
38841	OASIS SKYLINE REAL ESTATE L.L.C	اوسيس سكاي لاين للعقارات ش.ذ.م.م			yegal@oasisskyline.com
29911	SALHAM STAKES REAL ESTATE L.L.C	سالهام ستاكس للعقارات ش.ذ.م.م			FAIZANALIG@HOTMAIL.COM
36873	AL TAYYAN REAL ESTATE	الطيان للعقارات			Arrab74@gmail.com
34551	AL THWAIF REAL ESTATE L.L.C	الطويف للعقارات ش.ذ.م.م			althwaifrealestate@gmail.com
29249	G G I REAL ESTATE	جي جي اي للعقارات			hamza@thegoldengate.co
37445	SEVENDALE PROPERTIES L.L.C	سيفينديل للعقارات ذ.م.م			Sujith@7Daleproperties.com
38658	ALPHARABIA REAL ESTATE BROKERAGE L.L.C	الفاربية للوساطة العقارية ش.ذ.م.م			salif@pramaholdings.com
39423	TWIN GOLF REAL ESTATE L.L.C	توين جولف للعقارات ذ.م.م			cristianbirlic81@gmail.com
30739	GOLDEN MAJESTY PROPERTIES L.L.C	جولدن ماجستي للعقارات ش.ذ.م.م		4331111	consultantcynthia83@gmail.com
36582	ESKIMO PROPERTIES L.L.C	اسكيمو للعقارات ش.ذ.م.م			eskimodxb@gmail.com
37876	V SEVEN PROPERTIES L.L.C	في سيفن للعقارات ش.ذ.م.م			VARDHANREDDY0077@GMAIL.COM
34009	RZA REALTY L.L.C	ار زد ايه للعقارات ش.ذ.م.م			riyaz.jaitapkar@gmail.com
34301	DARA HOMES PROPERTIES L.L.C	دارا هومز للعقارات ش.ذ.م.م			golfar@gmail.com
38023	AQARTECH REAL ESTATE BROKERS L.L.C	عقارتك للوساطة العقارية ش.ذ.م.م			accounts@aqartechdxb.com
33502	WHITE WINDOW REAL ESTATE L.L.C	وايت ويندو للعقارات ش.ذ.م.م			shraddha_barot11@yahoo.com
39601	E Q X REAL ESTATE L.L.C	إي كيو أكس للعقارات ش.ذ.م.م			sam@eqxmtg.com
38577	WISER & WHITE PROPERTIES L.L.C	وايسر & وايت للعقارات ش.ذ.م.م			mbalaybey@gmail.com
38107	EAGLES HOME REAL ESTATE L.L.C	ايجلز هوم للعقارات ش.ذ.م.م			rimeu@yahoo.fr
37980	LER PROPERTIES L.L.C	لير للعقارات ش.ذ.م.م			Burak@lerinvest.com
39458	ZENU PROPERTIES L.L.C	زينو للعقارات ذ.م.م			anvar@signative.ae
37377	HOME BASICS REAL ESTATE L.L.C	هوم باسيكس للعقارات ش.ذ.م.م			ummeummeumer@gmail.com
36302	SKYLINE KEYS REAL ESTATE L.L.C	سكاي لاين كيس للعقارات ش.ذ.م.م			SHAYAN@SKRE.AE
34848	ELITE EVOLUTION REAL ESTATE L.L.C	اليت ايفلوشن للعقارات ذ.م.م			legal@newevolution.design
37922	MORYA LUXURY LIVING REAL ESTATE L.L.C	موريا لكجري ليفنج للعقارات ش.ذ.م.م			dhir.jeswani@gmail.com
24304	DIAMOND HOMES REAL ESTATE BROKER L.L.C	دايموند هومز للوساطة العقارية ش.ذ.م.م			saeed.77661@gmail.com
32469	MYFUTURE PROPERTIES REAL ESTATE L.L.C	ماي فيوتشر للوساطة العقارية ش.ذ.م.م			Cevayt47@hotmail.com
37676	DP ESTATES PROPERTIES L.L.C	دي بيه استيتس للعقارات ش.ذ.م.م			Adrianzerbib.p@gmail.com
39670	BAYTECH FOR REAL ESTATE BUYING & SELLING BROKERAGE L.L.C	بايتك للوساطة في بيع العقارات وشرائها ش.ذ.م.م		971-4-3307713	suweidan@hotmail.com
26416	NAJM AL QAMAR REAL ESTATE BROKER	نجم القمر للوساطة العقارية		582396655	nqrbroker@gmail.com
38586	UMA PROPERTIES L.L.C	يو ام ايه للعقارات ذ.م.م			ammar@uma-properties.com
35915	SILVERLEAF REAL ESTATE L.L.C	سيلفر ليف للعقارات ش.ذ.م.م			mandzarora@gmail.com
38927	BERKELEY LIVING REAL ESTATE L.L.C	بيركيلي ليفينق للعقارات ش.ذ.م.م			umehmood001@gmail.com
30433	LEVELLY REAL ESTATE BROKERAGE	ليفلي للوساطة العقارية		971|566769999	ceo.levelly@gmail.com
36995	WINGS NINE REAL ESTATE BROKERS L.L.C	وينجز ناين للوساطة العقارية ش.ذ.م.م			raviaharisinghani@gmail.com
37266	CERTE PROPERTIES L.L.C	سيرتي للعقارات ذ.م.م			ascnt@protonmail.com
29643	EXIMIUS PROPERTY AGENT L.L.C	إكزيميوس للوساطة في تأجير العقارات ش.ذ.م.م		47181661	HALANIPRITI@GMAIL.COM
31559	NIRVANA REAL ESTATE	نيرفانا للوساطه العقاريه	www.nirvanare.ae		info@nirvanare.ae
32831	STANLEY INTERNATIONAL REAL ESTATE L.L.C	ستانلي انترناشونال للعقارات ش.ذ.م.م			younes.awad@stanleydubai.com
38800	NEBULA REAL ESTATE L.L.C	نيبولا للعقارات ش.ذ.م.م			yasadubai7@gmail.com
37659	ZAHA PROPERTIES L.L.C	زها للعقارات ش.ذ.م.م			halidashahmed@gmail.com
38158	SAVVY HOMES REAL ESTATE L.L.C	سافي هومز للعقارات ش.ذ.م.م			me.dcs2019@gmail.com
35046	AZGARD REAL ESTATE L.L.C	ازجارد للعقارات ش.ذ.م.م			omer@azgard.ae
39516	PIANO PROPERTIES L.L.C	بيانو للعقارات ش.ذ.م.م			ilancohen18@hotmail.fr
38965	AQUA PROPERTIES L.L.C (BRANCH)	اكوا العقارية ش.ذ.م.م (فرع)			martha@aquaproperties.com
39060	LEGENDARY PROPERTIES L.L.C	ليجندري للعقارات ش.ذ.م.م			Mike_olree@hotmail.com
29009	ALMHAD REAL ESTATE BROKERAGE	المهاد للوساطة العقارية			booffbdl@gmail.com
38096	SKY HILLS REAL ESTATE L.L.C	سكاي هيلز للعقارات ش.ذ.م.م			usamatravel@yahoo.com
33573	ART CAPITAL REAL ESTATE L.L.C	ارت كابيتال للعقارات ش.ذ.م.م			donskoi.art05@gmail.com
37826	S R B REAL ESTATE L.L.C	اس ار بي للعقارات ش.ذ.م.م			businessgate789@gmail.com
29939	PROPERTY LEGACY PREMIER REAL ESTATE	بروبرتي ليجاسي بريمير للعقارات			info@propertylegacy.com
38157	CAMBROO REAL ESTATE L.L.C	كامبرو للعقارات ذ.م.م			amit1981fbd@gmail.com
34997	BUY HIT REAL ESTATE BROKERAGE L.L.C	باي حيت للوساطة العقارية ش.ذ.م.م			hbagvip@gmail.com
38768	MUSTANG REAL ESTATE L.L.C	موستانغ للعقارات ش.ذ.م.م			sameerbardi@hotmail.com
39727	HORIZON CITY REAL ESTATE BROKER L.L.C	هورايزن سيتي للوساطة العقارية ذ.م.م			zabeelbuildcont@gmail.com
33680	MURPHY AND COMPANY REAL ESTATE L.L.C	مورفي اند كومبني للعقارات ش.ذ.م.م	https://murphycorealestate.com/		stephanie@murphycorealty.com
29238	FIRST OSCAR REAL ESTATE	فيرست اوسكار للعقارات			sameer@al-arabiyadubai.com
35367	ASTRA REAL ESTATE L.L.C	استرا للعقارات ذ.م.م			sa@astraveritas.com
39055	KING INTERNATIONAL PROPERTIES L.L.C	كينج انترناشيونال للعقارات ش.ذ.م.م			aminy.masoud@gmail.com
38659	Y D P REAL ESTATE BUYING & SELLING BROKERAGE L.L.C	واي دي بي للوساطة في بيع العقارات وشرائها ش.ذ.م.م			raydejong2023@gmail.com
35448	OAK TREE PROPERTIES L.L.C	أوك تري للعقارات ذ.م.م		45644063	saey.gregory@gmail.com
33290	REEMAZ ROSE REALSTATE L.L.C	ريماز روز للعقارات ذ.م.م			angela@reemazrose.com
39284	OAKHILL PROPERTIES L.L.C	أوكهيل للعقارات ش.ذ.م.م			ali@oakhillproperties.com
38539	SANDSCAPE REAL ESTATE	ساندسكيب للعقارات			zeeshan.pcd@gmail.com
32145	O X X O PROPERTIES L.L.C	او اكس اكس او للعقارات ذ.م.م			shafeeqkallangadi@gmail.com
39177	MICASSO REAL ESTATE L.L.C	ميكاسو للعقارات ش.ذ.م.م			Atta.onthemove@gmail.com
26408	SWAR REAL ESTATE BROKERS L.L.C	سوار للوساطة العقارية ش.ذ.م.م			info@swar.ae
33027	HIGH LIVING REAL ESTATE L.L.C	هاي ليفينج للعقارات ش.ذ.م.م		971-4-3300770	farid@proceed-ae.com
30629	MY HOME CLICK REAL ESTATE L.L.C	ماي هوم كليك للعقارات ذ.م.م			mikhail@myhomeclick.me
33390	POSITIVE PROPERTIES L.L.C (BRANCH)	بوزيتيف للعقارات ذ.م.م (فرع)			info@positiveproperties.ae
39437	PREMIER PETERSFIELD PROPERTIES L.L.C	بيريمير بيترسفيلد للعقارات ش.ذ.م.م	https://premierproperties.ae/	97145801655	fahadyaqoobmalik@gmail.com
26533	EVID PROPERTIES L.L.C	افيد للعقارات ذ.م.م		547944000	info@evidproperties.com
39388	ECHELON PROPERTIES L.L.C	إيكيلون للعقارات ذ.م.م			mshawkat76@gmail.com
30643	F N T HOMES REAL ESTATE	اف ان تي هومز للعقارات			talha.apre@gmail.com
30049	LA GRATTE REAL ESTATE L.L.C	لا قرايت للعقارات ش.ذ.م.م			malik.omarov@gmail.com
34704	LAMELA REAL ESTATE L.L.C	لاميلا للعقارات ش.ذ.م.م			lamela.realestate@gmail.com
36751	LUPOS REAL ESTATE L.L.C	لوبوس للعقارات ش.ذ.م.م			ahmed.ismail.dngs@gmail.com
35551	WELLCOME TO PARADISE REAL ESTATE BROKERS L.L.C	ولكم تو بردايس للوساطة العقارية ش.ذ.م.م			info@gerasimov.co.uk
38171	EURASIA REAL ESTATE BUYING & SELLING BROKERAGE L.L.C	يوراسيا للوساطة في بيع العقارات وشرائها ش.ذ.م.م			b.totayeva@gmail.com
32986	RICHELIEU REALTORS L.L.C	ريتشيليو ريلترز ش.ذ.م.م			deepanshu.choudhary@richelieufinancial.com
35303	AL BAIT AL MUTAKHASES REAL ESTATE L.L.C	البيت المتخصص للعقارات ش.ذ.م.م			MUSTAFAVOICE81982@GMAIL.COM
39566	SCHEIBE REAL ESTATE L.L.C	ستشيب للعقارات ش.ذ.م.م			sheedys61@gmail.com
36682	F A M REAL ESTATE BROKER L.L.C (BRANCH)	اف ايه ام للوساطة العقارية ش.ذ.م.م (فرع)			PA@FAMPROPERTIES.COM
39875	EAGLE VIEW REAL ESTATE	ايجل فيو للعقارات		42959316	sfservic@eim.ae
35310	GOLDEN GATE PROPERTIES L.L.C	جولدن جيت للعقارات ش.ذ.م.م			umid_talibov@hotmail.com
33372	PINATEL PROPERTIES L.L.C	بيناتيل للعقارات ش.ذ.م.م		586317001	Pinatel.properties@outlook.com
34999	EXCLUSIVE STYLE REAL ESTATE L.L.C	اكسكلوسيف ستايل للوساطة العقارية ش.ذ.م.م		555151373	ve5151373@gmail.com
37808	SIGNATURE DIAMOND REAL ESTATE L.L.C	سجنتشر دايموند للعقارات ش.ذ.م.م			Muhannadalmanadily@gmail.com
28105	COUNTRY HOME REAL ESTATE BROKER LLC (DMCC BRANCH)	كانتري هوم للوساطة العقارية ش ذ م م فرع م د م س		41111111	md@countryhome.ae
29693	SHAMS AL TABREZ REAL ESTATE	شمس التبريز للعقارات			najam.shamsi12@gmail.com
29764	W & S REAL ESTATE BROKERS	دبليو & اس للوسطاء العقاريين			wesam.shashaa@yahoo.com
23674	HB HOMES REAL ESTATE L.L.C	اتش بي هومز للعقارات ش.ذ.م.م	www.hbhomes.ae	971-4-5776543	Info@hbhomes.ae
33892	B 2 B REAL ESTATE L.L.C	بي تو بي للعقارات ش.ذ.م.م		971-04-3259550	tabish.b2b@gmail.com
32155	VIEW FIRST PROPERTY (Br of VIEW PROPERTY L.L.C )(Dubai Branch)	فيو فيرست العقارية ( فرع من فيو العقارية ذ.م.م )(فرع دبي)			ammarshashaa@gmail.com
30120	HOME FINDER REAL ESTATE	هوم فايندر للعقارات		43511551	nehaa.chomal@gmail.com
38105	GUARDIANS L U X REAL ESTATE L.L.C	قوارديانس ال ايه اكس للعقارات ش.ذ.م.م			omar.hegab14@gmail.com
28113	EQUITY POINT REAL ESTATE BROKERAGE L.L.C	اكويتي بوينت للوساطة العقارية ش.ذ.م.م			shuheb.2008@gmail.com
37104	M G M P REAL ESTATE L.L.C	ام جي ام بي للعقارات ش.ذ.م.م			garimachhabra@gmail.com
35643	ALQURSAN LEASING PROPERTY BROKERAGE AGENTS	القرصان للوساطة في تأجير العقارات			salahhamed479@gmail.com
36042	A A K PROPERTIES L.L.C	ايه ايه كيه للعقارات ش.ذ.م.م			Arman@aakproperties.ae
29868	INVEST CORE REAL ESTATE BROKER	انفست كور للوساطة العقارية			tmir1213777@gmail.com
39247	HOFA REAL ESTATE L.L.C	هوفا للعقارات ش.ذ.م.م			Hoozhan.saadi@gmail.com
27657	UAE 21 PROPERTY	يو أيه اي 21 للعقارات		4111111	UAE212018@GMAIL.COM
38441	ESTLEYS REAL ESTATE L.L.C	ايستلايت للعقارات ذ.م.م			mufaddalkg@gmail.com
33197	CLIFFORD & PARTNERS REAL ESTATE L.L.C	كليفورد أند بارتنرز للعقارات ذ.م.م			ursalovaanna2@gmail.com
35650	ELEVEN STREET REAL ESTATE L.L.C	ايلفن ستريت للعقارات ذ.م.م			robhovsep@gmail.com
39661	APPLAUSE REAL ESTATE BROKERS L.L.C	ابلوز للوساطة العقارية ش.ذ.م.م			johanna@applause.ae
35121	NGK PROPERTIES L.L.C	ان جي كي بروبرتز ش.ذ.م.م			jims.uae@gmail.com
35800	SEVEN CONTINENTS REAL ESTATE L.L.C	سيفن كونتينتس للعقارات ش.ذ.م.م			info@sevencontinentsuae.com
39573	BAIT ANSAR REAL ESTATE BUYING & SELLING BROKERAGE L.L.C	بيت انصار للوساطة في بيع العقارات وشرائها ذ.م.م			shahid.ali887@gmail.com
39073	NEXENE INTERNATIONAL PROPERTIES L.L.C	نكسين انترناشيونال للعقارات ش.ذ.م.م			neginshaah@gmail.com
31558	DAR AL MIZAN REAL ESTATE L.L.C	دار الميزان للعقارات ش.ذ.م.م		971-04-4280999	daralmizan.realestate@gmail.com
35263	MMS DREAM HOME PROPERTIES L.L.C	ام ام اس دريم هوم للعقارات ش.ذ.م.م			saadallah.rashid@outlook.com
37441	SMART HARMONY REAL ESTATE	سمارت هارموني للعقارات			info@al-arabiyadubai.com
38020	GLOBEAXIS REAL ESTATE BROKERAGE L.L.C	جلوبيكسس للوساطة العقارية ش.ذ.م.م			hdc.dubai@gmail.com
38759	INTERVEST REAL ESTATE L.L.C	انترفيست للعقارات ش.ذ.م.م			ZAINUL@RADIANTBIZ.COM
38962	GARANTI PROPERTY L.L.C	غرانتي للعقارات ش.ذ.م.م		97145030549	yaseerasleem@gmail.com
35070	EMPIRE & NUNN REAL ESTATE L.L.C	امبيراند نان للعقارات ش.ذ.م.م			charles_mpi@hotmail.co.uk
25848	J S D REAL ESTATE L.L.C	جي اس دي للعقارات ش.ذ.م.م			Ragsha2001@yahoo.com
37526	BIG CITY LIFE REAL ESTATE L.L.C	بيج سيتي لايف للعقارات ذ.م.م			jalal.omar2020@gmail.com
27968	ZAITOON REAL ESTATE	زيتون للعقارات			rehman.zia0209@gmail.com
28088	GRAVITY HOMES REAL ESTATE BUYING & SELLING BROKERAGE	جرافيتي هومز للوساطة في بيع العقارات وشرائها		44580325	info@gravityhomes.ae
36818	REDEYE REAL ESTATE L.L.C	ريداي للعقارات ش.ذ.م.م		971|585364499	Redeye.holdingfz@gmail.com
34452	ABDELILAH & FATIMA REAL ESTATE	عبدالاه & فطيمه للعقارات			attaf.abdelilah@gmail.com
36990	EMERALD CITY PROPERTIES L.L.C	اميرالد سيتي للعقارات ش.ذ.م.م			KERIMBEN2022@GMAIL.COM
35177	MARINA LUX REAL ESTATE L.L.C	مارينا لوكس للعقارات ش.ذ.م.م			mick@marinalux-realestate.com
36349	DESERT CITY REAL ESTATE L.L.C	ديزرت سيتي للعقارات ذ.م.م			desertcityrealestate@gmail.com
38106	ARTISAN PROPERTIES L.L.C	ارتيزان للعقارات ذ.م.م			admin@artisanproperties.net
34354	Z A L REAL ESTATE L.L.C	زد ايه ال للعقارات ذ.م.م			souada14@gmail.com
26397	RAKHAT PROPERTIES L.L.C	راخات للعقارات ش.ذ.م.م		971|585885790	aidyn.sautbekov@outlook.com
38552	KEY HOLDINGS REAL ESTATE BROKERAGE L.L.C	كي هولدينجز للوساطة العقارية ذ.م.م		504691731	Nikoleta.zdravic@gmail.com
34397	SADA AL MEEZAN PROPERTIES L.L.C	صدى الميزان للعقارات ش.ذ.م.م			saqib.ali.hashmi@gmail.com
38192	WU WEI REAL ESTATE	وو وي للعقارات			wuwei2028@gmail.com
35532	VEGAS PROPERTIES L.L.C	فيجاس للعقارات ش.ذ.م.م			anwar.hsbc@gmail.com
25405	VICTORY CITY REAL ESTATE	فيكتوري سيتي للوساطة العقارية		41111111	khaled.almarri.1993@gmail.com
25904	INTERGLOBAL LUXURY REAL ESTATE BROKERAGE L.L.C	انترجلوبال لكجري للوساطة العقارية ش.ذ.م.م		422222222	wazan2020dxb@gmail.com
39894	YOUSEF JALILI REAL ESTATE L.L.C	يوسف جليلي للعقارات ش.ذ.م.م		971-4-2957606	Realestate.Jalili@gmail.com
39457	AW LIVING REAL ESTATE L.L.C	ايه دبليو ليفينج للعقارات ش.ذ.م.م			awlivingdubai@gmail.com
37701	MAKLER PROPERTIES L.L.C	ماكلير للعقارات ش.ذ.م.م			rencinrafeek@gmail.com
39230	ZOYA HOME REAL ESTATE BROKERS L.L.C	زويا هوم للوساطة العقارية ش.ذ.م.م			Adrace01@gmail.com
31611	DENALI HOMES REAL ESTATE L.L.C	دينالي هومز للوساطة العقارية ذ.م.م			dubaiasset1@gmail.com
34416	YAS LIVING FOR REAL ESTATE BUYING & SELLING BROKERAGE L.L.C	ياس ليفينج للوساطة في بيع العقارات وشرائها ش.ذ.م.م			yaslivingtrust@gmail.com
27835	DVS REAL ESTATE BROKERS L.L.C	دي في اس للوساطة العقاريه ش.ذ.م.م		509852272	nasser_ahm@hotmail.com
39369	EDEN HAVEN REAL ESTATE L.L.C	ايدن هافن للعقارات ش.ذ.م.م			jose.jain14@gmail.com
36384	ARECA REAL ESTATE BROKERAGE L.L.C	اريكا للوساطة العقارية ذ.م.م			Lcsippy@aol.com
37633	BENZ PROPERTIES L.L.C	بنز للعقارات ش.ذ.م.م			benzpropertiesdxb@gmail.com
37477	B C P REAL ESTATE L.L.C	بي سي بي للعقارات ذ.م.م			hello@bettercallpierre.com
37886	H R S S REAL ESTATE L.L.C	اتش ار اس اس للعقارات ش.ذ.م.م			faxmaxjo@gmail.com
34900	GOLD MOUNT REAL ESTATE L.L.C	جولد ماونت للعقارات ش.ذ.م.م			melissawurealty@gmail.com
39674	DAROOB AL SHAMS REAL ESTATE L.L.C	دروب الشمس للعقارات ش.ذ.م.م		45852829	uroojimran39@yahoo.com
34907	SKY LIFE REAL ESTATE L.L.C	سكاي لايف للعقارات ذ.م.م			masoodzarin88@gmail.com
34109	KHASIYA SKY REAL ESTATE L.L.C	كاسيا سكاي للعقارات ذ.م.م			bosnedh99@hotmail.com
38953	TERRAVEX PROPERTIES L.L.C	ترافيكس للعقارات ش.ذ.م.م			Hussain_nur@hotmail.com
35943	ABILITY PROPERTIES L.L.C	ابيلتي للعقارات ش.ذ.م.م		543501438	umaisk@icloud.com
36006	TOP REALTOR INTERNATIONAL PROPERTIES	توب ريلتور انترناشونال بروبرتيز		971-04-5760322	shakunipiyankara@gmail.com
27816	QUARTIER DE LUXE REAL ESTATE	قارتير دلوكس للعقارات			vinita@qdl.ae
39416	ALASR ALDHAHBI REAL ESTATE	العصر الذهبي للعقارات			wisamgaseam68@gmail.com
38898	F G R PROPERTY MANAGEMENT L.L.C	إف جي آر لاشراف الإداري للعقارات ذ.م.م			florianhanke9012@icloud.com
38124	SKY PREMIER PROPERTIES L.L.C	سكاي بريمير للعقارات ش.ذ.م.م			Bnam.future@gmail.com
37189	CRYSTAL KEYS REAL ESTATE L.L.C	كريستال كيز للعقارات ذ.م.م			mansurzkv@gmail.com
34090	DEBATI GROUP REAL ESTATE	ديباتي جروب للعقارات			subrata_s111@yahoo.com
34815	SEEHAVEN REAL ESTATE BUYING & SELLING BROKERAGE L.L.C	سي هافين للوساطة في بيع العقارات وشرائها ش.ذ.م.م			m.ussain@mbgcorp.com
34637	PLANETPROP REAL ESTATE L.L.C	بلانيتبروب للعقارات ذ.م.م			shahnawaz.planetprop@gmail.com
34692	NEW HEIGHTS REAL ESTATE L.L.C	نيو هايتس للعقارات ش.ذ.م.م		4331111	vinayshah103@gmail.com
34819	NBP REAL ESTATE BROKER L.L.C	ان بي بي للوساطة العقارية ش.ذ.م.م			tor@newbuildproperties.com
36244	BEACON HOUSES REAL ESTATE	بيكون هاوسز للعقارات		43510077	beaconhousesre@gmail.com
31183	IDOL INTERNATIONAL REAL ESTATE L.L.C	ايدول إنترناشيونال للعقارات ش.ذ.م.م			bharat_c786@hotmail.com
35677	AVERS REAL ESTATE L.L.C	افيرس للعقارات ش.ذ.م.م			avers.realt@gmail.com
38095	ALPHABETS HUB PROPERTIES L.L.C	الفابيتس هاب للعقارات ذ.م.م			m.riaz@alphabets.ae
39269	O H A PROPERTIES (Br of O H ADVISORS PROPERTIES L L C )(Dubai Branch)	او اتش ايه للعقارات ( فرع من او اتش ادفايزر للعقارات ذ.م.م )(فرع دبي)			Ammar.yousef@oh-advisors.com
37227	EMPIRE ZONE PROPERTIES	إمباير زون للعقارات		523297786	nooralsafarealestate@gmail.com
33849	BRICKHOUSE PROPERTIES L.L.C	بريك هاوس للعقارات ش.ذ.م.م			pallavisingh2627@yahoo.com
23490	ROKEN AL AWADHI REAL ESTATE	ركن العوضي للعقارات			sroken@yahoo.com
36798	AP SQUARE PROPERTIES L.L.C	ايه بيه سكوير للعقارات ش.ذ.م.م			pablo@apsquare.ae
34597	HALLMARK REAL ESTATE L.L.C	هولمارك للعقارات ش.ذ.م.م			kh-othman@hotmail.com
31929	AL MAYAS REAL ESTATE BROKERS L.L.C	المياس للوساطة العقارية ش.ذ.م.م		505656669	arefabdullah8@gmail.com
39159	FAST WORK PROPERTIES L.L.C	فاست وورك للعقارات ش.ذ.م.م			fastworkproperties@gmail.com
37511	RADIANT SKY REAL ESTATE L.L.C	ريديانت سكاي للعقارات ش.ذ.م.م			moonvirk@yahoo.com
38092	SHEEO PROPERTIES L.L.C	شيو للعقارات ش.ذ.م.م			Collab@noraandkhalid.com
32350	RISING FALCON PROPERTIES L.L.C	ريسنغ فالكون العقارية ش.ذ.م.م			mai.trade111@gmail.com
39869	LUMINOUS SOURCE PROPERTY L.L.C	لومينوس سورس للعقارات ش.ذ.م.م			yuze.jiang@outlook.com
39617	THE 7 HORIZONS REAL ESTATE	ذا 7 هورايزنس للعقارات	www.t7h.ae		Binhammad.y@gmail.com
34875	MORITZ & MIKE REAL ESTATE L.L.C	موريت & مايك للعقارات ذ.م.م			moritz.schubert@hotmail.com
33980	SITES REAL ESTATE BROKERS	سايتس للوساطة العقارية			mh@sitesproperties.com
30336	MTG REAL ESTATE L.L.C	ام تي جي العقارية ذ.م.م		503278594	mariatarasovaagency@gmail.com
20244	CAPITAL REAL ESTATE	العاصمة للعقارات		555502133	info@capitalre.ae
39384	K B A ARCADIA REAL ESTATE L.L.C	كي بي ايه اركاديا للعقارات ش.ذ.م.م			khawerabbasi009@gmail.com
36534	DARVASH PROPERTIES	دارفاش للعقارات			darvash.hammad@gmail.com
39830	KALAANI REALTORS REAL ESTATE L.L.C	قلعاني ريلتورز للعقارات ش.ذ.م.م	www.kalaani.com	585998764	roland@kalaani.com
34514	NAVANI PROPERTIES L.L.C	نافاني للعقارات ش.ذ.م.م		43159946	murad@navaniproperties.com
38409	ALFARIS PROPERTIES	الفارس للعقارات			Nasserfallah86@gmail.com
31085	TAKE A CHANCE REAL ESTATE	تيك ايه تشانس للعقارات		43697711	e.albarmaky@gmail.com
38085	J B HOMES REALTY L.L.C	جي بي هومز للعقارات ش.ذ.م.م			jai.bahirwani@gmail.com
36830	ORANE PROPERTIES L.L.C	اوراني بروبرتيز ش.ذ.م.م			SHAHEER.AU@LIVE.COM
37486	THE TRICON PROPERTIES L.L.C	ذا تريكون للعقارات ش.ذ.م.م			ahmad.mehar858@gmail.com
39604	BUNAD REAL STATE L.L.C	بوناد للعقارات ذ.م.م			Nadiaomer89@gmail.com
39508	NEW CASA REAL ESTATE BROKER L.L.C	نيو كازا الوساط العقارية ذ.م.م		971-4-2258542	primefoodplanet.uk@gmail.com
32148	DEALS EXPERTS REAL ESTATE	ديلز اكسبرتس للعقارات			Salem.almeraikhi@hotmail.com
36195	REDAN REAL ESTATE BROKER L.L.C	ريدان للوساطة العقارية ش.ذ.م.م			property@sapguae.com
32286	VIBRANT KINGDOM PROPERTIES L.L.C	فيبرانت كينجدوم للعقارات ش.ذ.م.م			bikku009@gmail.com
33417	THE NOBLE CLUB REAL ESTATE	ذا نوبل كلوب للعقارات			loussine@rta-eastwest.be
35854	VICTORY STAAR REAL ESTATE L.L.C	فيكتوري ستار للعقارات ش.ذ.م.م		526779495	simminarang21@gmail.com
35508	SPLENDID HOMES REAL ESTATE L.L.C	سبلينديد هومز للعقارات ذ.م.م			splendid.homes23@gmail.com
37917	ANGEL HOME REAL ESTATE L.L.C	انجل هوم للعقارات ش.ذ.م.م			nakisamaleki@gmail.com
37456	DEMTCO REAL ESTATE L.L.C	دمتكو للعقارات ش.ذ.م.م		44356222	ceo@demtco.com
32433	SEVEN GOLDEN GATE REAL ESTATE L.L.C	سفن جولدن جيت للعقارات ش.ذ.م.م			info@goldengates.com
33748	MY SPACE REALTY FOR REAL ESTATE BUYING & SELLING BROKERAGE L.L.C	ماي سبيس رياليتي للوساطة في بيع العقارات و شرائها ش.ذ.م.م		569138133	d9300907928@gmail.com
38996	MEDUSA REAL ESTATE L.L.C	ميدوسا للعقارات ش.ذ.م.م			anarmadatli@gmail.com
34271	TIMES CAPITAL REAL ESTATE L.L.C	تايمز كابيتال للعقارات ش.ذ.م.م		431111111	ibrahim@startup-n-marketing.com
39499	SURE REAL ESTATE L.L.C	شوور للعقارات ش.ذ.م.م			renunama@gmail.com
24878	R S REALTY REAL ESTATE BROKERS L.L.C	ار اس رياليتي للوساطة العقارية ش.ذ.م.م		45805339	info@luxeriserealestate.ae
36380	DREAM CASTLE REAL ESTATE	دريم كاستل للعقارات			anoopthozhur@gmail.com
37464	K AND H REAL ESTATE L.L.C	كيه اند اتش للعقارات ذ.م.م			sultan@alzarooni.com
35237	VICTORIA HOME PROPERTIES L.L.C	فيكتوريا هوم للعقارات ش.ذ.م.م		971-04-3882999	3ugenetini@gmail.com
35078	GLOBAL OPPORTUNITIES REAL ESTATE L.L.C	جلوبال اوبرتيونتيز للعقارات ش.ذ.م.م			bestprodxb@gmail.com
39118	THE FINEST REAL ESTATE BROKERS L.L.C	ذا فاينست للوساطة العقارية ذ.م.م			khalil@thefinestbrokers.com
32024	D G O P S REAL ESTATE	دي جي او بيه اس للعقارات			nirbhayjit@gmail.com
35182	BIZON CAPITAL REAL ESTATE L.L.C	بيزون كابيتال للعقارات ش.ذ.م.م			ol.starykh@gmail.com
39719	PINNACLE PRESTIGE PROPERTIES L.L.C	بيناكل برستيج للعقارات ش.ذ.م.م			mansoorzamankhan@gmail.com
33093	SKYMAKERS REAL ESTATE L.L.C	سكاي ميكرز للعقارات ذ.م.م			Connect@skymakers.ae
32660	MINDSPACE INTERNATIONAL REAL ESTATE	مايند سبيس انترناشيونال للعقارات			samendraparashar.sp@gmail.com
39593	BALKAN REALESTATES	بلقان للعقارات		507528081	ajmseferovic@gmail.com
39227	CHEQUEMATE POINT REAL ESTATE L.L.C	تشيكومات بوينت للعقارات ذ.م.م			samirabdulla@hotmail.com
36081	WEAM ELNAGGAR REAL ESTATE	وئام النجار للعقارات		585577271	aqarybay@gmail.com
36951	LAND PARK PROPERTIES L.L.C	لاند بارك للعقارات ش.ذ.م.م			mujeebelite62@gmail.com
35370	TZR PROPERTIES L.L.C	تي زد ار للعقارات ش.ذ.م.م	www.tzrproperties.com	971-04-5298308	tayabzaheer500@gmail.com
34002	HAGLAN REAL ESTATE L.L.C	حجلان للعقارات ش.ذ.م.م			HAJLAN1983@GMAIL.COM
30258	TRUST FOREVER REAL ESTATE BROKER L.L.C	ترست فورايفر الوساطة العقارية ش.ذ.م.م			javadani2303@gmail.com
37877	CORNER STONE PROPERTIES	كورنر ستون للعقارات			davidsam947@gmail.com
34555	AG LUXURY PROPERTIES L.L.C	ايه جي لكجري للعقارات ش.ذ.م.م			mohsin.2576701@gmail.com
38533	SEVEN STATES REAL ESTATE L.L.C	سفن ستيتس للعقارات ش.ذ.م.م			Dareenlady@live.com
38358	RAMP REAL ESTATE L.L.C	رامب للعقارات ش.ذ.م.م			ramprealestate143@gmail.com
37884	AL AQSA REALTORS L.L.C	الاقصى للعقارات ش.ذ.م.م			fahadpatka@gmail.com
34933	SQUIRE FINDER REAL ESTATE BROKERAGE L.L.C	اسكوير فايندر للوساطة العقارية ش.ذ.م.م			anumrehan2019@gmail.com
39636	GFS REAL ESTATE L.L.C	جي اف اس للوساطة العقارية ش.ذ.م.م			mubeenahmed676@gmail.com
38357	TASAMI REAL ESTATE L.L.C	تسامي للعقارات ذ.م.م			ahmedmohmoud553@gmail.com
38141	R E D REAL ESTATE BROKERAGE L.L.C	ار اي دي للوساطة العقارية ش.ذ.م.م			hamed@primagold.ae
37825	ONE WAVE REAL ESTATE L.L.C	ون ويف للوساطة العقارية ش.ذ.م.م			belalalhalabi2@gmail.com
39664	RIVA MAISON REAL ESTATE BROKERAGE L.L.C	ريفا مايسون للوساطة العقارية ش.ذ.م.م			Rahid.salim@live.co.uk
35308	WISE MINDS REAL ESTATE L.L.C	ويس مايندس للعقارات ذ.م.م			Paritoshchaube@gmail.com
38966	GOGOLD REAL ESTATE L.L.C	غو غولد للعقارات ش.ذ.م.م			wael@gogold.realestate
36415	WINKMII REAL ESTATE	وينجمي للعقارات	http://www.winkmiirealestate.ae	48767803	marvanuae@icloud.com
38322	STAR AND MOON REAL ESTATE L.L.C	ستار اند مون للوساطة العقارية ش.ذ.م.م			cristy.garcia@greenchinaarab.com
39446	ROYAL INFINITY REAL ESTATE L.L.C	رويال انفينتي للعقارات ش.ذ.م.م			hcasakiuae@gmail.com
32363	DIAMOND SKY REAL ESTATE L.L.C	دايموند سكاي للعقارات ش.ذ.م.م			sirajalsana@gmail.com
33639	BROOKWYN REAL ESTATE BROKERAGE L.L.C	بروكوين للوساطة العقارية ذ.م.م			allwynluicien@outlook.com
34240	LOCK BROWN REAL ESTATE L.L.C	لوك براون للعقارات ذ.م.م			grahamlock76@icloud.com
37546	CIELO PROPERTIES L.L.C	سيلو للعقارات ش.ذ.م.م			Ag.elahi7@gmail.com
38933	LUXE NEST PROPERTIES L.L.C	لوكس نيست للعقارات ش.ذ.م.م			kishore.kapaganti@gmail.com
26306	CITY NIGHTS REAL ESTATE L.L.C	سيتي نايتس للعقارات ش.ذ.م.م			tmrazzak2@gmail.com
34733	RIDGE WAY REAL ESTATE L.L.C	ريدج واي العقارية ش.ذ.م.م			peter.zekrie@gmail.com
38509	RIVER BRIDGE REAL ESTATE L.L.C	ريفر بريدج للعقارات ذ.م.م			naeem@snpgroup.org
39564	TAKMEEL SIGNATURES REAL ESTATE L.L.C	تكميل سيجنيتشرز للعقارات ش.ذ.م.م			eaglewaytourism@gmail.com
38743	TOUBIA HOMES REAL ESTATE BROKERAGE L.L.C	طوبيا همس للوساطة العقارية ش.ذ.م.م			saf.toubia@gmail.com
39428	ETALON REAL ESTATE L.L.C	إتالون للعقارات ش.ذ.م.م			akguseinov@gmail.com
34042	PRIME PALACES REAL ESTATE L.L.C	برايم بالاسيس للعقارات ش.ذ.م.م		971|543614849	hc.murad@gmail.com
32790	FIRST TEAM REAL ESTATE L.L.C	فيرست تيم للعقارات ذ.م.م			Fp.mbarek@gmail.com
36851	ASSET PATHWAY REAL ESTATE L.L.C	اسيت باثواي للعقارات ذ.م.م			shivanshukanpur1996@gmail.com
38861	AIRO PROPERTIES L.L.C	ايرو للعقارات ذ.م.م		42369661	syed@airoproperties.com
38389	GALLERY REAL ESTATE BROKERAGE L.L.C	جالري للوساطة العقارية ش.ذ.م.م			jenna@luxeincorporations.com
30403	ZOLO REAL ESTATE L.L.C	زولو للعقارات ش.ذ.م.م			abshirissa@gmail.com
27802	ROSEMONT REAL ESTATE L.L.C	روزمونت للعقارات ش.ذ.م.م			jwbdubai@gmail.com
37936	POWER ELITE REAL ESTATE L.L.C	باور اليت للعقارات ذ.م.م			speakgurpreet02@gmail.com
29860	RELIANCE P M G REAL ESTATE BROKER	ريليانس بي ام جي للوساطة العقارية			RELIANCE.RE@RFMGLOBAL.COM
33108	DIWANYA REAL ESTATE	ديوانية للعقارات			barki1969@gmail.com
33900	I S K REAL ESTATE L.L.C	اي اس كيه للعقارات ذ.م.م			minamilano2017@icloud.com
37517	CITY TOWN REAL ESTATE L.L.C	سيتي تاون للعقارات ش.ذ.م.م			city@gmail.com
39862	DEVA LUXURY PROPERTIES L.L.C	ديفا لكشري للعقارات ش.ذ.م.م			jpimc2020@gmail.com
37955	URBAN CLASS PROPERTIES L.L.C	اربان كلاس للعقارات ش.ذ.م.م			reetikasoni97@gmail.com
32525	SAND & SEA PROPERTIES L.L.C	ساند & سي للعقارات ش.ذ.م.م			ahsanzaib470@gmail.com
35114	RUSH HOUR REAL ESTATE BROKERAGE	راش آور للوساطة العقارية			rushika_dima@mail.ru
37130	KEYLAND REAL ESTATE L.L.C	كيلاند للوساطة العقارية ش.ذ.م.م			info.keylandre@gmail.com
35042	ELITE EMPIRE REAL ESTATE L.L.C	ايليت امباير للعقارات ش.ذ.م.م			sevda.guven1209@gmail.com
30633	SRE REAL ESTATE BUYING & SELLING BROKERAGE L.L.C	اس ار ايه للوساطة في بيع العقارات وشرائها ش.ذ.م.م		971-50-6468792	akhubchandani@gmail.com
34383	SWEETCHOME REAL ESTATE L.L.C	سويتجوم للعقارات ش.ذ.م.م			nahedh.amani@gmail.com
39289	BERSTOUN REAL ESTATE L.L.C	بيرستون للعقارات ش.ذ.م.م		971582608646	rrahimov@berstoun.com
35286	AIN GLOBAL REAL ESTATE L.L.C	عين جلوبال للعقارات ش.ذ.م.م			Shaibis@gmail.com
22849	CITY GLOBAL REAL ESTATE BROKERS L.L.C	سيتي غلوبال للوساطة العقارية ش.ذ.م.م		40000000	Nai.chi.chan@cityglobal.ae
38710	SKYHIGH FOR REAL ESTATE BUYING & SELLING BROKERAGE L.L.C	سكي هاي للوساطة في بيع العقارات وشرائها ذ.م.م			office@skyhigh-dubai.com
38155	HARVD REAL ESTATE L.L.C	هارفد للعقارات ش.ذ.م.م		971-4-5729279	charefeddinedaghour@gmail.com
38453	HTCA REAL ESTATE L.L.C	اتش تي سي ايه للعقارات ش.ذ.م.م			info@htca.ae
29168	BURJ MAYFAIR REAL ESTATE BROKERS L.L.C	برج مايفير للوساطة العقارية ش.ذ.م.م			navas@business-setupdubai.com
32440	NEW AGE REAL ESTATE BROKER L.L.C (BRANCH)	العصر الجديد للوساطه العقارية ش.ذ.م.م (فرع)			office3@newageuae.com
38481	PEAK SOLIS REAL ESTATE L.L.C	بيك سوليس للعقارات ش.ذ.م.م			shaunoakes@sky.com
39419	KALE PRESTIGE PROPERTIES L.L.C	كيل بريستيج للعقارات ش.ذ.م.م			info@maximekadri.com
33215	ALMONA REAL ESTATE L.L.C	المنى للعقارات ش.ذ.م.م			mohamed.elgezary@outlook.com
34070	VILLAGGIO REAL ESTATE L.L.C	فيلاجيو للعقارات ش.ذ.م.م			elias.leb@hotmail.com
36296	DARMAL REAL ESTATE BROKER L.L.C	درمال للوساطة العقارية ش.ذ.م.م			malik@darmalrealestate.com
32572	SO LIVING PROPERTY MANAGEMENT L.L.C	سوليفينق لادارة العقارات ش.ذ.م.م			info@solivingproperties.com
37514	CHIP GLOBAL REAL ESTATE L.L.C	شيب جلوبال للعقارات ش.ذ.م.م			info@chip-realestate.com
28093	THIRLMERE DEACON REAL ESTATE BROKERAGE	ثيرلمير ديكون للوساطة العقارية		97143867444	support26@commitbiz.com
33242	TRIM EXECUTIVE REAL ESTATE L.L.C	تريم اكزكتيف للعقارات ش.ذ.م.م		585536770	info@trimestate.com
38512	LUXCASTLE PROPERTIES L.L.C	لوكس كاستل للعقارات ش.ذ.م.م			hamid.munir655@gmail.com
39961	MEKANLY PROPERTIES L.L.C	ميكانلي للعقارات ش.ذ.م.م			hakansamur@gmail.com
39030	KANGAROO PROPERTIES L.L.C	كانغرو للعقارات ش.ذ.م.م			mr.rje2020@gmail.com
39780	CITY BLOCK REAL ESTATE L.L.C	سيتي بلوك للعقارات ش.ذ.م.م			riyaz193@gmail.com
33734	YEMANE REAL ESTATE L.L.C	يماني للعقارات ش.ذ.م.م			yemanerealestate@gmail.com
39012	REGAL WAY REAL ESTATE L.L.C	ريجال واي للعقارات ش.ذ.م.م			mo-noureldin@hotmail.com
38524	CHINMAY PROPERTIES	شينماي للعقارات			avinashpal21@gmail.com
39200	BRUADARACH REAL ESTATE L.L.C	بروداراش للعقارات ش.ذ.م.م			wissam@bruadarachestates.com
35278	NURAZADA REAL ESTATE L.L.C	نورزادا للعقارات ش.ذ.م.م			nurzadarealestate@gmail.com
30569	INFRA GULF PROPERTIES L.L.C	انفرا غلف للعقارات ش.ذ.م.م			emailshaikh@gmail.com
34936	KVT REAL ESTATE L.L.C	كيه في تي للعقارات ش.ذ.م.م			j.debono@a-j-corp.com
39708	SAFA WAHARI REAL ESTATE L.L.C	سفا وهاري للعقارات ش.ذ.م.م			riyassal@gmail.com
35724	METICULOUS REAL ESTATE BROKERS L.L.C	ميتيكولوس للوساطة العقارية ش.ذ.م.م		4385658	meticulous.dubai@gmail.com
34099	MARASI REAL ESTATE L.L.C	مراسي للوساطة العقارية ش.ذ.م.م			khaled.mouazzen@gmail.com
29392	TAMALLY MAAK REAL ESTATE BROKERAGE	تملي معاك للوساطة العقارية		4331111	dayaramesh@yahoo.com
39685	ARIZ AND ANDREAS REAL ESTATE L.L.C	اريز واندرياس للوساطة في بيع العقارات وشرائها ذ.م.م			rizvi.ariz@gmail.com
39905	XAIM PROPERTIES	اكسيم العقارية			Abdullah.almulla498@gmail.com
39803	I D G PROPERTIES L.L.C	اي دي جي للعقارات ش.ذ.م.م			Dubaipro22@gmail.com
38121	MAQ REAL ESTATE BROKERS L.L.C	ام ايه كيو للوساطة العقارية ش.ذ.م.م		971|543626884	qamar@maqdubai.com
27925	COMMITTED REAL ESTATE L.L.C	كوميتد للعقارات ش.ذ.م.م		523934444	Bindahay@gmail.com
33625	ZEBRA REAL ESTATE	زيبرا للعقارات			Saharlid@protonmail.com
38952	MASA ALMOTATAWIRA REAL ESTATE L.L.C	ماسة المتطورة للعقارات ذ.م.م			info@masainternationalgroup.com
36103	ROYAL SELECT PROPERTIES L.L.C	رويال سلكت للعقارات ذ.م.م			sobhi_saleh@hotmail.com
39930	ELYSIAN ELITE REAL ESTATE L.L.C	ايليسين اليت للعقارات ش.ذ.م.م			info@elysianelitere.com
34167	PRD PRIME REAL ESTATE L.L.C	بي ار دي برايم للعقارات ش.ذ.م.م			abarbovitch@gmail.com
37739	AMBASSADOR REAL ESTATE	امباسادور للعقارات			talidxb1@gmail.com
37991	BROOK REAL ESTATE BROKER L.L.C	بروك للوساطة العقاريه ذ.م.م			broukrack72@gmail.com
31843	DELARUE PROPERTIES L.L.C	دولارو للعقارات ذ.م.م			bacharkallas@hotmail.com
31867	CITY EDGE REAL ESTATE BROKERAGE L.L.C	سيتى ايدج للوساطة العقارية ش.ذ.م.م			ahmed.dyaa110@gmail.com
30931	SPRING HOMES REAL ESTATE BROKERS	سبرينق هومز للوساطة العقارية			kasim4545@hotmail.com
33884	SAND STONE PROPERTIES	ساند ستون للعقارات			s3nd@hotmail.com
31900	MAHBOOB REAL ESTATE L.L.C	محبوب للعقارات ش.ذ.م.م		562009282	Khashayar@mahboobrealestate.com
38985	73 AVENUE REALTORS REAL ESTATE L.L.C	73 افينيو ريلتورس للعقارات ذ.م.م			akram@73avenuerealtors.com
27718	MEHAD REAL ESTATE L.L.C	مهاد للعقارات ش.ذ.م.م			bls_mhd@yahoo.com
38238	APTIN PROPERTIES	ابتين للعقارات			suhana.emston@gmail.com
32692	A N S PROPERTIES L.L.C	ايه ان اس للعقارات ش.ذ.م.م			aamirkhan21.89@gmail.com
30164	RAZAVI REAL ESTATE	رضوى للعقارات			Foaad9@gmail.com
33631	I C PREMIERE PROPERTIES L.L.C	آي سي بريمير العقارية ش.ذ.م.م			ZAGRI_FARES@YAHOO.COM
36086	AL REMAL LAND REAL ESTATE L.L.C	الرمال لاند للعقارات ش.ذ.م.م			rre.dxb2@gmail.com
31923	MYWAY REAL ESTATE	ماي واي للعقارات		971502795045	ahmed.bouchareb06250@gmail.com
38022	SALDI PROPERTY	سالدي للعقارات			Iuliia.manicheva@gmail.com
34836	EAGLE PROPERTY REAL ESTATE L.L.C	إيجل بروبيرتي للعقارات ش.ذ.م.م			eaglegroup1966@gmail.com
39070	ASIA BANKERS CLUB L.L.C	نادي المصرفيين الاسيويين ش.ذ.م.م			bahar@asiabankersclub.com
36666	GAFIA REAL ESTATE	غافية للعقارات			MUNEERBK@OUTLOOK.COM
31877	ALPHA PLATFORM REAL ESTATE BROKER L.L.C	الفا بلاتفورم للوساطة العقارية ش.ذ.م.م			a.khalil@dubaiplatform.com
39187	EMPIRE HILLS REAL ESTATE L.L.C	امباير هيلز للوساطة العقاريه ش.ذ.م.م			ahmed.taha.gh@gmail.com
39812	FLAMINGO STAR REAL ESTATE BUYING & SELLING BROKERAGE L.L.C	فلامينجو ستار لوساطة في بيع العقارات وشرائها ش.ذ.م.م			saifmeera@uahoo.com
37907	CARAVAN SILK WAY REALESTATE	كارفان سلك وي للعقارات		971042983469	gm@caravansw.ae
39141	GALA HOME REAL ESTATE L.L.C	جالا هوم للعقارات ش.ذ.م.م			kamal.khalfy@gmail.com
34097	DREAM SQUARE REAL ESTATE L.L.C	دريم سكوير للعقارات ش.ذ.م.م			ria-kumar@hotmail.com
31202	WRE GLOBAL REAL ESTATE L.L.C	دبليو ار اي جلوبال للعقارات ش.ذ.م.م			pro@3smiddleeast.com
36673	J S K HOMES REAL ESTATE	جيه أس كيه هومز للعقارات	www.jskhome.com		vipulmandaliya06@gmail.com
37429	SCORPION KING REAL ESTATE L.L.C	سكوربيون كينج للعقارات ش.ذ.م.م			asimhashmi02@gmail.com
30926	CODA REAL ESTATE L.L.C	كودا للعقارات ذ.م.م		585981210	contact@coda.realestate
39886	GOLDEN ZRIT REAL ESTATE L.L.C	جولدن زريت للعقارات ش.ذ.م.م		581842009	jehanzebmohdkhan@yahoo.com
36181	ASIA REAL ESTATE BROKERS	اسيا للوساطة العقارية		504252321	ranaaljaradat@asiarealestate.asia
39367	MELROSE REAL ESTATE BROKERAGE L.L.C	ميلروز للوساطة العقارية ش.ذ.م.م			dishantmalik@realsta.in
22876	N A R INTERNATIONAL REAL ESTATE BROKER	ان ايه ار انترناشيونال للوساطة العقارية			almoosa_sn@hotmail.com
37013	STUDIO BY SARA REAL ESTATE BROKER L.L.C	استوديو باي ساره للوساطة العقارية ش.ذ.م.م			sarabou900@gmail.com
29413	THE NINE LUXURY REAL ESTATE	ذا ناين لكشوري للعقارات			lindsay.marnell@icloud.com
35598	ROSA ART REAL ESTATE L.L.C	روزا آرت للعقارات ذ.م.م			zonayathossain79@gmail.com
35962	MIGHTHOUSE REALTY L.L.C	مايت هاوس للعقارات ذ.م.م		43358552	gsyaroslav@gmail.com
27997	I L I PROPERTIES	اي ال اي للعقارات		971503818283	dr.mulham_alkateeb@hotmail.com
34735	VIRTUOZ CIRCLE REAL ESTATE BROKER L.L.C	فيرتشوز سيركل للوساطة العقارية ش.ذ.م.م			SPRODUCTIONNEW@GMAIL.COM
33882	SONAVIA REAL ESTATE L.L.C	سونافيا للعقارات ش.ذ.م.م		431111111	david_stojanovic@hotmail.com
30789	CENSUS REAL ESTATE	سينساس للعقارات			iftekhar@probitycorporate.ae
37320	AWWAL REAL ESTATE BROKERAGE L.L.C	أول للوساطة في العقارات ش.ذ.م.م			aadil@armyco.net
38931	GOLDEN INFINITY PROPERTIES L.L.C	جولدين انفينيتي للعقارات ش.ذ.م.م			dubai@baltica-apartments.pl
39527	BABYLONIA PROPERTIES L.L.C	بابيلونيا للعقارات ش.ذ.م.م			rami.kharraz2000@gmail.com
28064	BAYT ALASALA REAL ESTATE BROKER	بيت الاصالة للوساطة العقارية			ecbarsha@gmail.com
36854	R E FOR YOU REAL ESTATE	ار اي فور يو للعقارات			spiga.mariatheresa@gmail.com
36952	MUHAMMAD ALI SAEED PROPERTIES L.L.C	محمد علي سعيد للعقارات ش.ذ.م.م			pro@shaikhsaeed.com
39502	A I A B REALTY L.L.C	ايه اي ايه بي العقارية ش.ذ.م.م			ahmadismatabubaker@hotmail.com
36731	METALUXE REAL ESTATE BROKERAGE L.L.C	متالوكس للوساطة العقارية ش.ذ.م.م			metaluxe.dld@gmail.com
38739	KANTUM FOR REAL ESTATE BUYING & SELLING BROKERAGE L.L.C	كانتوم للوساطة في بيع العقارات وشرائها ش.ذ.م.م			ckuntz001@gmail.com
30299	SKY PIONEERS REAL ESTATE	سكاي بايونير للعقارات			moh.mohey15@outlook.com
37272	SUMANA REAL ESTATE BROKER L.L.C	سومانا للوساطة العقارية ش.ذ.م.م			SUMANASAHIB@GMAIL.COM
30022	KENSINGTON WEST REAL ESTATE	كينسينجتون ويست للعقارات			IRSHAD1@ICLOUD.COM
35599	A L T PROPERTIES L.L.C	ايه ال تي للعقارات ش.ذ.م.م			shahad@altproperties.ae
38615	RECORP HOMES REAL ESTATE L.L.C	ريكورب هومز للعقارات ش.ذ.م.م			info@recorp.in
25139	ARCH GATE REAL ESTATE	أرتش جيت للعقارات			ahmed.albadi@arch-gate.com
39619	RED BERYL PROPERTIES L.L.C	ريد بريل للعقارات ش.ذ.م.م			hamzaaltaf245@gmail.com
38579	FUTUO PROPERTIES L.L.C	فوتيو للعقارات ش.ذ.م.م			khalidmohsin479@gmail.com
35024	OPTIMUM LUXURY PROPERTIES L.L.C	اوبتيموم لكجري للعقارات ش.ذ.م.م			Jasimuddinmd82@gmail.com
38562	LEVINSON PROPERTIES L.L.C	لفنس للعقارات ذ.م.م			kirilovd79@gmail.com
37824	MICHAEL ALPHA REAL ESTATE L.L.C	مايكل الفا للعقارات ش.ذ.م.م			Michael.Oshosanwo@gmail.com
39750	KARRAT REAL ESTATE L.L.C	كارات للعقارات ذ.م.م			admin@karratestatesl.ae
37715	ONEIRO PROPERTIES L.L.C	اونيرو للعقارات ش.ذ.م.م			teenadxb96@yahoo.com
38736	NEDHAL NASERI REAL ESTATE BROKER	نضال الناصري للوساطة العقارية			zubair-alsiddiq@hotmail.com
32068	VILA L.L.C-FZ	فيلا ش.ذ.م.م-منطقة حرة		505706356	aram@vila.ae
28922	A SQUARED REAL ESTATE	ايه سكويرد للعقارات			akarshrarora@gmail.com
32394	WELLTOWER REAL ESTATE L.L.C	ويل تاور للعقارات ش.ذ.م.م			Info@well-tower.com
35450	LUXERA REAL ESTATE L.L.C	لوكسيرا للعقارات ش.ذ.م.م			Dianaluxestate@gmail.com
31533	EQUITI PROPERTIES L.L.C	ايكويتي للعقارات ذ.م.م			mbilalfalak@gmail.com
38003	SEASIDE RESIDENCE REAL ESTATE L.L.C	سي سايد ريسيدينس للعقارات ذ.م.م			e.mathieu@seasidedubai.com
39220	M B A C PROPERTIES L.L.C	ام بي ايه سي للعقارات ش.ذ.م.م			tsediforward00000@gmail.com
36378	INTEGRITY DBA REALTY L.L.C	انتجرتي دي بي ايه للعقارات ش.ذ.م.م		44561548	luxurycitydubai@yahoo.com
37409	YOHO PROPERTIES L.L.C	يوهو للعقارات ش.ذ.م.م			info@grehapravesh.com
37878	F A A V A PROPERTIES L.L.C	اف ايه ايه في ايه للعقارات ش.ذ.م.م			sarvar1986_86@yahoo.com
37975	ANVIL PROPERTIES L.L.C	انفيل بروبرتيز ش.ذ.م.م			tilanak@gmail.com
32535	LOOR REAL ESTATE L.L.C	لور للعقارات ش.ذ.م.م			looragency03@gmail.com
36593	WAYN PROPERTIES L.L.C	واين للعقارات ش.ذ.م.م			haydaralm11@gmail.com
38110	SEKENE REAL ESTATE L.L.C	سيكيني للعقارات ش.ذ.م.م			sekeneproperties@gmail.com
38530	LUXXORE ESTATE PROPERTIES L.L.C	لوكسور استيت للعقارات ش.ذ.م.م			Ario.zv@gmail.com
39699	URBAN PROPERTIES REAL ESTATE CONSULTANCY L.L.C	اربان بروبرتيز للاستشارات العقارية ش.ذ.م.م		97145910000	islam@urbanproperties.ae
31138	KEYFACTOR PROPERTIES L.L.C	كيفاكتوري للعقارات ش.ذ.م.م			ashimalamba9@gmail.com
38715	SAFEST WAY PROPERTIES	سيفست وي بروبرتيز			aljabir3@msn.com
30770	M N A PROPERTIES BROKER (BRANCH)	إم إن إيه للوساطة العقارية (فرع)			hro@mnaproperties.ae
35833	ROYAL ALLIANCE HOMES REAL ESTATE BROKER L.L.C	رويال اللاينس هومز للوساطة العقارية ش.ذ.م.م			operations1@royalalliance.ae
35747	A E CAPITALS REAL ESTATE BROKER L.L.C	ايه اي كابيتال للوساطة العقارية ش.ذ.م.م			imran@onelinkestates.com
33394	CLIFTON HOMES REAL ESTATE L.L.C	كليفتون هومز للعقارات ش.ذ.م.م			gregory@air-dxb.com
26409	D A J REAL ESTATE	دي ايه جيه للعقارات			ajdbusinesscenterdubai@gmail.com
34507	FORTALEZA REAL ESTATE L.L.C	فورتاليزا للعقارات ش.ذ.م.م		528731508	Diegojaviercarranza@gmail.com
28327	LUX LAND REAL ESTATE	لوكس لاند للعقارات			ZITAGOMES2002@GMAIL.COM
38916	J N A PROPERTIES L.L.C	جيه ان ايه للوساطة العقارية ذ.م.م		444444444	jochen.schmid@jna-properties.com
28003	SEA GATE PROPERTIES	سي جيت للعقارات			Fox_tox@hotmail.com
38836	C A C REAL ESTATE BROKERAGE L.L.C	سي ايه سي للوساطة العقارية ش.ذ.م.م			Carlosandres007@hotmail.co.uk
35876	GREEN PARADISE HOMES REAL ESTATE L.L.C	جرين برادايس هومز للعقارات ش.ذ.م.م		509250032	leolikecandi@hotmail.com
38630	LUXCORE PROPERTIES L.L.C	لكس كور للعقارات ذ.م.م			iffi22@gmail.com
38832	MAYFIELD INTERNATIONAL REAL ESTATE L.L.C	مايفيلد انترناشونال للعقارات ذ.م.م			admin@pgbv.ae
35668	GOLDEN MARBELLA REAL ESTATE BROKERS L.L.C	جولدن ماربيلا للوساطة العقارية ذ.م.م			mesharialali@live.com
34797	CLIENT FIRST REAL ESTATE L.L.C	كلاينت فيرست للعقارات ش.ذ.م.م			maryamr3085@gmail.com
38984	ISAHAKYAN PROPERTIES L.L.C	اساهاكيان للعقارات ذ.م.م			anthonyisahakyan@gmail.com
34639	K P D REAL ESTATE BROKERAGE L.L.C	كيه بي دي للوساطة العقارية ش.ذ.م.م			BORIS@KOFMANPARTNERS.COM
38053	ERMAK CAPITAL REAL ESTATE L.L.C	إرماك كابيتال العقارية ش.ذ.م.م			amer.visa.services@gmail.com
25898	HORMUZ REAL ESTATE BROKERAGE	هرمز للوساطة العقارية			Alimerhi98@hotmail.com
38501	NIMANI REAL ESTATE L.L.C	نيماني للعقارات ذ.م.م			Nickdekruijk@nimani-realestate.com
24856	AVENUE ONE REAL ESTATE	افينيو وان للعقارات		971-04-8746611	Avenueone.realestate1@absaco.com
35804	AL MAQSAD REAL ESTATE BROKERS L.L.C	المقصد للواساطة العقارية ش.ذ.م.م			Louliawaz@gmail.com
33666	KEY STONE REAL ESTATE	كي ستون للعقارات		42525143	yaser_maklai@hotmail.com
35993	GUIDELINES REAL ESTATE L.L.C	جايدلاينز للعقارات ذ.م.م		971-04-5681173	ronnie.saied@guidelines.ae
32796	A S M REAL ESTATE	ايه اس ام للعقارات		526666712	ali.84.alnaqbi@gmail.com
38331	BLACK ROSE REAL ESTATE L.L.C	بلاك روز للعقارات ش.ذ.م.م			soheiloafs@gmail.com
28932	SKY HOMES REAL ESTATE	سكاي هومز للعقارات			kamal81782@gmail.com
26197	TRINITY REAL ESTATE L.L.C	ترينيتي للعقارات ش.ذ.م.م			trinityreal91@gmail.com
36699	BELA VISTA HOMES REAL ESTATE BROKERAGE L.L.C	بيلا فيستا هومز للوساطة العقارية ذ.م.م		971-04-2610307	gmramangt@gmail.com
31955	FELDMAN REAL ESTATE	فيلدمان للعقارات			victoriasnisarenko@gmail.com
37782	BEST QUEST REAL ESTATE L.L.C	بيست كويست للعقارات ش.ذ.م.م			veraciobanu9@gmail.com
38318	CARRERA REAL ESTATE L.L.C	كاريرا للعقارات ذ.م.م			arenda2016@yahoo.com
33530	OPEN HOME PROPERTIES L.L.C	اوبن هوم للعقارات ش.ذ.م.م			amraziz1976@gmail.com
29818	GRIT REAL ESTATE	جريت للعقارات			Navin@gritproperty.com.au
38025	P E R A REAL ESTATE L.L.C	بي اي ار ايه للعقارات ش.ذ.م.م			Petra.radu87@gmail.com
34061	PALMISCAPITAL REAL ESTATE BROKERAGE L.L.C	بالميسكابيتال للوساطة العقارية ش.ذ.م.م			Palmiscapital@gmail.com
36634	AYLESFORD INTERNATIONAL PROPERTIES L.L.C	ايليسفورد انترناشيونال للعقارات ذ.م.م		509718031	Muhammad.atif.chishti@gmail.com
39248	HENA DAREK REAL ESTATE L.L.C	هنا دارك للعقارات ش.ذ.م.م			Bed.alhammadi@gmail.com
38500	WEPICK HOMES REAL ESTATE L.L.C	ويبيك هومز للعقارات ش.ذ.م.م			mahnes15@gmail.com
36658	GET A LET REAL ESTATE BROKERAGE	جيت اليت للوساطة العقارية			riyasrsn001@gmail.com
37647	CHECKMATE REAL ESTATE L.L.C	جكميت للعقارات ش.ذ.م.م			abdulrahman.alhammadi95@gmail.com
35925	A N A WORLD REAL ESTATE L.L.C	اي ان ان ورلد للعقارات ش.ذ.م.م			arsen070689@gmail.com
31986	NCAP REAL ESTATE L.L.C	ان سي ايه بي للعقارات ش.ذ.م.م			crm@albusinesshouse.com
34896	VIXION CAPITAL REAL ESTATE L.L.C	فيكسون كابيتال للعقارات ذ.م.م			rsvltadom@yahoo.com
35578	CREDIBLE CHOICE PROPERTIES L.L.C	كريدبل جويس العقارية ذ.م.م			lithelrochentan1992@gmail.com
35395	THE BROKERS HOUSE REAL ESTATE L.L.C	ذا بروكرز هاوس للعقارات ش.ذ.م.م			shukla.anuj777@yahoo.com
38849	BULBUL LUXE LIVING REAL ESTATE L.L.C	بلبل لوكسي ليفنج للعقارات ش.ذ.م.م	https://bulbulluxerealestate.com/		mussaratjabeenafridi@yahoo.com
27798	SWISS VIEW REAL ESTATE BROKERS	سويس فيو للوساطة العقارية	http://www.swissview.net		Info@swissview.net
37755	PUNEET GUPTA REAL ESTATE L.L.C	بونيت جوبتا للعقارات ش.ذ.م.م			puneetgupta7191@icloud.com
31339	ERADAATI PROPERTIES L.L.C	ايراداتي للعقارات ش.ذ.م.م	www.eradaati.com	585690569	Kalaoui@gmail.com
36536	SHRI NEW VENTURES PROPERTIES L.L.C	شري نيو فانتشرز للعقارات ذ.م.م			neerav@snvpglobal.com
36441	BROOKFIELD PROLOGIS REAL ESTATE L.L.C	برووكفيلد برولوجيس للعقارات ش.ذ.م.م			dash@dashinspectorate.com
35414	DASH CITY SPACE REAL ESTATE L.L.C	داش سيتي سبيس للعقارات ش.ذ.م.م		555393243	infodashrealtydxb@gmail.com
36279	GOLDEN FORTUNE PROPERTIES L.L.C	جولدن فورتشن للعقارات ش.ذ.م.م			rafath@prostar.ae
37968	GEISS PROPERTY L.L.C	جيس للعقارات ذ.م.م			c.drumlic@gmx.at
33806	ZILA GREEN REAL ESTATE L.L.C	زيلا جرين للعقارات ش.ذ.م.م			bs@adglegal.com
39329	FAMILY HOMES REAL ESTATE L.L.C	فاملي هومز للعقارات ش.ذ.م.م			sc8ttmacfar@gmail.com
39539	KELT AND CO PROPERTIES L.L.C	كيلت اند كو للعقارات ش.ذ.م.م	https://keltandcorealty.com/		shireen@keltandcorealty.com
39175	SCHMIDT GRP REAL ESTATE BROKERAGE L.L.C	شميدت جي ار بي للوساطة العقارية ش.ذ.م.م			realestate@schmidtandpartner.com
39362	ZHM REAL ESTATE L.L.C	زد اتش ام للعقارات ش.ذ.م.م			theshahbazrasheed@gmail.com
32457	NIKOLIERS REAL ESTATE L.L.C	نيكولايرس للعقارات ش.ذ.م.م		555836058	Andrey.kosarev@nikoliers.com
27830	BEST LINK REALTY	بست لينك للعقارات		505055595	omar_almazmi@hotmail.com
39481	GOLWARD REAL ESTATE BROKER L.L.C	غولوارد للوساطه العقارية ش.ذ.م.م			golwardrealestatellc@gmail.com
35503	GOLDEN CONNECT DEALER REAL ESTATE BUYING & SELLING BROKERAGE L.L.C	جولدن كونكت ديلر للوساطة في بيع العقارات وشرائها ش.ذ.م.م			Abutair2005@gmail.com
33883	RUSH 2 HOMES REAL ESTATE L.L.C	راش 2 هومز للعقارات ش.ذ.م.م			sadaf19471982@gmail.com
34769	KHEMKA REAL ESTATE L.L.C	خمكا للعقارات ش.ذ.م.م			skhemka68@gmail.com
34908	WAHAT ALMOHTAREFON REAL ESTATE	واحة المحترفون للعقارات			fadiss2008@yahoo.com
35514	ABSOLUTE REALTY REAL ESTATE L.L.C	ابسولوت ريالتي للعقارات ش.ذ.م.م		564634375	AISHWARYANAIR2911@GMAIL.COM
28812	ZMS PROPERTY MANAGEMENT L.L.C-O.P.C - DUBAI BRANCH	زد ام اس لادارة العقارات ذ.م.م-ش.ش.و - فرع دبي			rabah.bashir@zms.ae
35653	M B C REAL ESTATE L.L.C	ام بي سي للعقارات ش.ذ.م.م			alisyed1915@gmail.com
39040	NEVARI CAPITAL PROPERTIES L.L.C	نيفاري كابيتال للعقارات ش.ذ.م.م	https://nevari-capital.com		stephan.bedoe@nevari-capital.com
34717	ALAHRAM REAL ESTATE	الاهرام للوساطة العقارية		43545950	ahram.uae@gmail.com
38560	FLAG 8 REAL ESTATE L.L.C	فلاج 8 للعقارات ش.ذ.م.م			lucas.dollfuss@flagest8.com
39563	BROWN WOOD REAL ESTATE L.L.C	براون وود للعقارات ش.ذ.م.م			ahmadfarooq110@icloud.com
34336	AGENTI APPARTAMENTI REALESTATE L.L.C	اجينتي ابارتمينتي للعقارات ش.ذ.م.م			psybiga@gmail.com
27903	PALLETCO FOR BUYING AND SELLING OF REAL ESTATE CO. L.L.C	بالتك لشراء وبيع العقارات شركة الشخص الواحد ذ.م.م			md@palletco.ae
39835	EASYROI REAL ESTATE L.L.C	ايزيروي للعقارات ش.ذ.م.م		509115773	DUBAI@EASYROI.COM
27058	GREEN HOME REAL ESTATE BROKER	جرين هوم للوساطة العقارية		506577775	kbayram1@yahoo.com
37791	SELECT HOUSE REAL ESTATE L.L.C	سليكت هاوس للعقارات ش.ذ.م.م			m44m78@gmail.com
30191	DOMANSKY REAL ESTATE	دومانسكاي للعقارات			mr.domanskiy@gmail.com
38608	CENTURY HOMES REAL ESTATE L.L.C	سنشري هومز للعقارات ذ.م.م			Mediamenadxb@gmail.com
34622	JSJ REAL ESTATE BUYING & SELLING BROKERAGE L.L.C	جي اس جي للوساطة في بيع العقارات وشرائها ذ.م.م			jonathan@dubai-habitat.com
38049	ODAI REAL ESTATE BROKERS L.L.C	اوداي للوساطة العقارية ش.ذ.م.م			nayeemnayeem791@gmail.com
37697	JALO REAL ESTATE	جالو للعقارات			smbakhsh@yahoo.com
35669	CRIIMSON CIRCLE REALTY	كريمسون سيركل للعقارات			hydershaik@uitco.com
37645	PRO PART REAL ESTATE L.L.C	برو بارت للعقارات ش.ذ.م.م			a2g.logachev@gmail.com
38912	A I Z N PROPERTIES L.L.C	ايه آي زد ان للعقارات ذ.م.م			trustpointre@gmail.com
38838	GLOBE REALTY PROPERTIES L.L.C	جلوب رياليتي للعقارات ش.ذ.م.م			Sunil@globegroup.ae
35744	APAL PROPERTIES L.L.C	ايه بي ايه ال للعقارات ش.ذ.م.م			info@ansaarproperties.com
33416	BAIT AL AMANA REAL ESTATE BROKER L.L.C	بيت الامانة للوساطة العقارية ش.ذ.م.م			Anvarvaliyakath1@gmail.com
35016	TUFAN AND TEKCE REAL ESTATE L.L.C	توفان اند تيكسي للعقارات ذ.م.م			Nihat@restproperty.com
32520	EIDAD PROPERTIES	إعداد العقارية			eidadproperties@gmail.com
30210	A P A L REAL ESTATE L.L.C	اي بي اي ال للعقارات ش.ذ.م.م	www.apal.ae		ceo@apal.ae
34312	BUSY BRICKS REAL ESTATE L.L.C	بيزي بريكس للعقارات ش.ذ.م.م			viral@busybricks.ae
32592	DEJA BLUE PROPERTY L.L.C	ديجا بلو للعقارات ش.ذ.م.م		971-4-2836288	SAHILOGULLARI07@GMAIL.COM
35345	BLUE DOOR REAL ESTATE L.L.C	بلو دور للوساطه العقارية ش.ذ.م.م			umbo@umbomito.com
35756	TERRARISE PROPERTIES L.L.C	تيرارايز للعقارات ذ.م.م			ipetruk11@gmail.com
37802	JAPSONS REALTY L.L.C	جابسونز للعقارات ذ.م.م			Renita@japsons.com
31049	NUCLEUS PROPERTIES L.L.C	نيوكليس بروبرتيز ش.ذ.م.م	www.nucleusproperties.ae		salluhee@gmail.com
39814	BURNS AND SW REALTY L.L.C	بورنز اند اس دبليو للعقارات ش.ذ.م.م		971|526960217	info@burnsandswrealty.com
38920	G N G CAPITAL REAL ESTATE L.L.C	جي ان جي كابيتال للعقارات ش.ذ.م.م			makennaelise444@gmail.com
38926	1011 REAL ESTATE L.L.C	1011 للعقارات ش.ذ.م.م			obiefuna1989@gmail.com
38616	WELL CHOSEN REAL ESTATE L.L.C	ويل تشوسون للعقارات ش.ذ.م.م			mh4475955@gmail.com
30584	ABDULLAH ZIAB REAL ESTATE	عبدالله ذياب للعقارات			abdosh12353@gmail.com
38889	BUY & BUY REAL ESTATE	باى اند باى للعقارات			abde.badr1995@gmail.com
28336	LEADING PROPERTIES	ليدنغ بروبرتيز			khanzaheer23@gmail.com
36831	ELHAM REALTY L.L.C	الهام للعقارات ش.ذ.م.م	www.elhamrealty.com	543703484	info@elhamrealty.com
34260	WHITE CARPET REAL ESTATE L.L.C	وايت كاربت للعقارات ش.ذ.م.م			samir@aaconsultancy.ae
34183	P A A R H K REAL ESTATE L.L.C	بي ايه ايه ار اتش كيه للعقارات ش.ذ.م.م		526211893	info@paarhk.com
39681	UNI X REAL ESTATE L.L.C	يوني اكس للعقارات ش.ذ.م.م			nanaxcareer@gmail.com
38036	FIRMATO REAL ESTATE L.L.C	فيرماتو للعقارات ش.ذ.م.م			m.gusev@firmato.ae
33527	VIRTUZONE REAL ESTATE L.L.C	فرتو زوون للعقارات ش.ذ.م.م		505025532	george.hojeige@vz.ae
26579	HOME BIZ REAL ESTATE L.L.C	هوم بيز للعقارات ش.ذ.م.م			msishaak@gmail.com
35634	WAJHAT NAZAR REAL ESTATE L.L.C	وجهة نظر للعقارات ش.ذ.م.م		97145570715	alisam424@yahoo.com
34677	3626 REALTY L.L.C	3626 للعقارات ش.ذ.م.م			savchenko@3626.ae
38187	PERKY PASSION PROPERTIES L.L.C	بركي باشن للعقارات ذ.م.م			Jegneshkreal@gmail.com
39434	SEA BREEZE RETREAT REAL ESTATE L.L.C	سي بريز ريتريت للعقارات ش.ذ.م.م		527721357	imads1@ymail.com
35861	ISEEK PROPERTIES L.L.C	ايسيك للعقارات ذ.م.م			rashidhossain@live.com
39638	DAR ALARQAM PROPERTIES L.L.C	دار الارقم للعقارات ش.ذ.م.م			M.L.A_90@HOTMAIL.COM
25474	LIBRA PROPERTIES L.L.C	لبرا للعقارات ش.ذ.م.م			info@libraproperties.me
38623	KEY VISION PROPERTIES	كي فيجن للعقارات			hesam_mohd@hotmail.com
39883	KOMBALARA REAL ESTATE L.L.C	كومبالارا للعقارات ش.ذ.م.م			c.mutlu@kombalara.com
38240	JAIDAD REAL ESTATE L.L.C	جيداد للعقارات ذ.م.م			ahsan.tauheed31@gmail.com
23277	CLEARVIEW PROPERTY MANAGEMENT	كلير فيو للإشراف الإداري للعقارات			clearview.pm@outlook.com
36023	LUX REALTY L.L.C	لوكس للعقارات ش.ذ.م.م			Sana@arrowcarhire.co.uk
34291	GOLDEN GRACE REAL ESTATE	جولدن جريس للعقارات			info@goldengrace.ae
29125	GOLDEN LIVING REAL ESTATE L.L.C	جولدن ليفينج للعقارات ش.ذ.م.م			khan-aamir@outlook.com
36694	ADVISOR CAPITAL PROPERTIES L.L.C	أدفايزر كابيتال للعقارات ذ.م.م			giamond14@gmail.com
32487	NAZAROV & CHURGANOV REAL ESTATE BROKERS L.L.C	نازاروف و تشورجانوف للوساطة العقارية ذ.م.م			dubai4ded@gmail.com
33651	F M H REAL ESTATE L.L.C	اف ام اتش للعقارات ش.ذ.م.م			Farah_mhd@icloud.com
37516	OPTIONS HOMES REAL ESTATE BROKERS L.L.C	اوبشنز هومز للوساطة العقارية ش.ذ.م.م		971-50-4434714	h.sabbagh8@gmail.com
39016	RISE AND SHINE REALTY L.L.C	رايز اند شاين للعقارات ش.ذ.م.م			fadinazzal1982@gmail.com
39155	ASIA PRIME PROPERTIES L.L.C	آسيا برايم للعقارات ش.ذ.م.م		506609628	Benguessa@gmail.com
12480	BULL & BEAR PROPERTIES OWNED BY ABDULAZIZ ABDULLA ALZAROONI ONE PERSON COMPANY L.L.C	بول اند بير للعقارات لمالكها عبدالعزيز عبدالله شركة الشخص الواحد ش.ذ.م.م	www.bullandbearproperties.com	971-4-3695593	bulldubai2011@gmail.com
37170	OPALZ PROPERTIES L.L.C	اوبلز للعقارات ذ.م.م			waris.ali565@gmail.com
37032	PROVIDENT CROWN FOR REAL ESTATE BUYING & SELLING BROKERAGE L.L.C	بروفيدينت كراون للوساطة في بيع العقارات وشرائها ش.ذ.م.م			mnoaman117@gmail.com
39492	ELITE MANSION REAL ESTATE L.L.C	ايليت مانشون للعقارات ش.ذ.م.م			laetitia.viel77@gmail.com
39578	G C L REAL ESTATE L.L.C	جي سي ال للعقارات ش.ذ.م.م			jkavo16@gmail.com
17047	TOUCH PLUS REAL ESTATE L.L.C	تاتش بلس للعقارات ذ.م.م		43277330	precious.gulfservices@gmail.com
38205	BLUE GATE REAL ESTATE L.L.C	بلو جيت للعقارات ش.ذ.م.م			ashrafkhan4529@gmail.com
30792	A J S CAPITAL REAL ESTATE L.L.C	ايه جيه اس كابيتال للعقارات ش.ذ.م.م		4331111	ajscapitals@gmail.com
22416	SAPPHIRE BLUE REAL ESTATE BROKERS L.L.C	سفاير بلو للوساطة العقارية ش.ذ.م.م		971-4-8831090	mansur@sbredxb.com
39583	369 VENTURE CAPITALISTS REAL ESTATE L.L.C	369 فينتشور كابيتاليستس للعقارات ش.ذ.م.م			admin@369capitalv.com
38312	CRYSTAL WORLD PROPERTIES L.L.C	كريستال وارلد للعقارات ش.ذ.م.م			zsombor.nagy@crystalworldproperties.com
36136	TIPS REAL ESTATE L.L.C	تبس للعقارات ش.ذ.م.م			ghyousef@tipsrealestatellc.com
38578	ROYAL PARAMOUNT PROPERTIES L.L.C	رويال بارمونت للعقارات ش.ذ.م.م			info@royalparamount.ae
29444	ISTEQRAR REAL ESTATE BROKERS L.L.C	استقرار للوساطة العقارية ش.ذ.م.م			muhammad.m.el.hadidy@gmail.com
34295	FORTUNE PRIME REAL ESTATE L.L.C	فورتشن برايم للعقارات ذ.م.م			keswanilavin@gmail.com
32733	A A B REAL ESTATE BROKER	ايه ايه بي للوساطة العقارية			aab-re.org@aab-re.org
33963	MNB REAL ESTATE L.L.C	ام ان بي للعقارات ش.ذ.م.م			bhojwanimanoj@hotmail.co.uk
38411	T M H REAL ESTATE	تي ام اتش للعقارات			tarek.elgeredly@yahoo.com
35287	GREAT WINNER REAL ESTATE	جريت وينر للعقارات			Asinc7787@gmail.com
36200	RAPID FINDER REAL ESTATE	ربيد فايندر للوساطة العقارية			Sarfarazarm@gmail.com
38374	SIRE AVANTAGE REAL ESTATE L.L.C	سير افانتاج للعقارات ش.ذ.م.م			ceo@sireavantage.com
37418	XSELL PRIME REAL ESTATE L.L.C	اكسسيل برايم للعقارات ش.ذ.م.م			info@xsellrealestate.ae
32412	TIBA BROKER REAL ESTATE L.L.C	طيبة للوساطة العقارية ش.ذ.م.م			Medhat.m@newmarina-travel.com
36418	NELSONPARK REAL ESTATE BROKERAGE L.L.C	نيلسون بارك للوساطه العقاريه ش.ذ.م.م			Jeffrey@nelsonparkproperty.com
39509	TECHVISTA UNIVERSAL PROPERTIES L.L.C	تيكفيستا يونيفرسال للعقارات ش.ذ.م.م			HHVAKIL@GMAIL.COM
33895	ARKADIA REAL ESTATE L.L.C	اركاديا للعقارات ش.ذ.م.م			RAOKHAN2001@YAHOO.COM
37423	WINVEST REAL ESTATE L.L.C	وينفيست للعقارات ش.ذ.م.م			karina.yerohin@gmail.com
34595	T A K VENTURES REAL ESTATE L.L.C	تي ايه كيه فنتشرزللعقارات ذ.م.م			takcapital2109@gmail.com
37286	DAIMA LUXE ESTATES PROPERTIES L.L.C	دايما لوكس استيتس للعقارات ذ.م.م			Adel.abdolahi10@yahoo.com
38816	VSERVE REAL ESTATE L.L.C	فسيرف للعقارات ش.ذ.م.م		971|501703672	contact@tusharkharbanda.com
38804	LIVE WELL REAL ESTATE L.L.C	لايف ويل للعقارات ش.ذ.م.م			Hannahpratap@gmail.com
38602	KISIR REAL ESTATE BROKERAGE L.L.C	كيسير للوساطة العقارية ش.ذ.م.م			kisirdavid@gmail.com
35006	TALENTO REAL ESTATE CO. L.L.C	شركة تالينتو للعقارات ذ.م.م			shahzadjjj@gmail.com
35810	JDS ELITE PROPERTIES L.L.C	جيه دي اس ايليت للعقارات ش.ذ.م.م		0	info@jdseliteproperties.ae
37674	LAND OF WEALTH REAL ESTATE L.L.C	لاند اوف ويلث للعقارات ش.ذ.م.م			webdesigner7866@yahoo.co.uk
29250	AHMED ALDHALEAEE REAL ESTATE	احمد الضالعي للعقارات			marwaan2020uae@gmail.com
29147	THOMAS ZIMMERMANN PROPERTIES L.L.C	توماس زيمرمان للعقارات ش.ذ.م.م			sam@sam-globalservices.ae
37533	FOR YOU REAL ESTATE L.L.C	فور يو للعقارات ذ.م.م			headmillionare@gmail.com
38159	HUNDRED HOMES BUYING AND SELLING OF REAL ESTATE L.L.C	هاندريد هومز لشراء الاراضي والعقارات وبيعها ش.ذ.م.م			skanheart619@gmail.com
26123	EYWA REAL ESTATE BROKERS L.L.C	ايوا للوساطة العقارية ذ.م.م		971-04-5236252	aminsulehri@gmail.com
30859	FLUENCE PROPERTIES L.L.C	فلوينس للعقارات ش.ذ.م.م			fluenceproperties@gmail.com
38665	BRICKS AND MANSION PROPERTIES L.L.C	بريكس اند مانشينز للعقارات ش.ذ.م.م			ashishsingh9523@gmail.com
37721	HESTIA HOMES REAL ESTATE	هيستيا هومز للعقارات			MOHAMMED_ali_121@hotmail.com
30638	ON TARGET REAL ESTATE L.L.C	اون تارجيت للعقارات ش.ذ.م.م			RANA_NAKHLEH@YAHOO.COM
32450	ALCHEMY PROPERTIES	الكيمي للعقارات			Rouchellenoronha@gmail.com
39219	BEIKE REAL ESTATE BROKERAGE L.L.C	بيكي للوساطة العقارية ش.ذ.م.م			cnwisepro@gmail.com
34847	Panorama Luxury Properties LLC	بانوراما للعقارات الفاخرة ذ.م.م		543307338	takhamirvo@gmail.com
29017	ASSET REALTY REAL ESTATE BROKERAGE	اسست ريالتي للوساطة العقارية			YOUCEF.BENAIACHE@OUTLOOK.COM
38559	PENINSULA GREEN REAL ESTATE L.L.C	بينينسولا جرين للعقارات ش.ذ.م.م			sunnicn@foxmail.com
37014	ARADIKOM REAL ESTATE L.L.C	أراضيكم للوساطة العقارية ش.ذ.م.م		42200099	Aradikom@gmail.com
39291	GAIN AND GROW REAL ESTATE L.L.C	جين اند جرو للعقارات ذ.م.م			khanfaizan1974@gmail.com
32444	SUNSET LUXURY REAL ESTATE L.L.C	سانست لاكجري للعقارات ش.ذ.م.م		555094168	yvellec@sunsetluxurydynasty.com
31961	OPALGREEN PROPERTIES	اوبال جرين للعقارات		42527533	info@opal-properties.com
37513	GO WEALTHY REAL ESTATE L.L.C	جو ويلثي للعقارات ش.ذ.م.م			gowealthyRE@gmail.com
39500	MARSA AL AMAN REAL ESTATE	مرسى الامان للعقارات		971-4-5916844	bassamfm@yahoo.com
32130	4X4 PROPERTIES	4X4 للعقارات			hassan.dwp@gmail.com
39707	OZONE FIVE REAL ESTATE L.L.C	اوزون فايف للعقارات ذ.م.م			RISHEE123@GMAIL.COM
39422	ZORI REAL ESTATE BROKERAGE L.L.C	زوري للوساطة في بيع العقارات وشرائها ذ.م.م			jurprosport@gmail.com
38994	DESTINOLOGY HOMES REAL ESTATE L.L.C	ديستينولوجي هومز للعقارات ش.ذ.م.م			Milad.obeido@hotmail.com
31772	HUSSAM ORFALI REAL ESTATE BROKERAGE L.L.C	حسام اورفلي للوساطة العقارية ش.ذ.م.م		589331100	hussamorfali11@gmail.com
39600	SAQF AL OULA REAL ESTATE L.L.C	سقف العلا للعقارات ش.ذ.م.م			manal.hashum.sales@gmail.com
39396	LUXUREVE REALTY L.L.C	لوكسوريف للعقارات ش.ذ.م.م			elarurifatimah@hotmail.com
31128	S A S A REAL ESTATE L.L.C	اس ايه اس ايه للعقارات ش.ذ.م.م			talat@middleeast.ae
37062	AHMED ALANYA REAL ESTATE L.L.C	احمد الانيا للعقارات ش.ذ.م.م			ahmed.estanbuly@gmail.com
39245	PREMIUM RISE PROPERTIES L.L.C	بريميوم رايز للعقارات ذ.م.م			info@premiumriseproperties.com
33706	ILLYRIAN PROPERTIES L.L.C	ايليريان للعقارات ش.ذ.م.م			d.mane@illyrian-properties.com
36291	LAKE HOUSE REAL ESTATE L.L.C	ليك هاوس للعقارات ش.ذ.م.م			ata@lakehouse.ae
38203	YBD REAL ESTATE BROKERS L.L.C	واي بي دي للوساطة العقارية ش.ذ.م.م			ybdrealestate@gmail.com
28833	BLUE BRIDGE CAPITAL REAL ESTATE L.L.C	بلو بريدج كابيتال للعقارات ش.ذ.م.م			Paolocozzolino@gmail.com
29166	URBAN KING PROPERTIES	اوربان كينج للعقارات			Zainsardardxb@gmail.com
36842	S K S REAL ESTATE L.L.C	اس كيه اس للعقارات ش.ذ.م.م			Nooralfajar735@gmail.com
36576	ROYAL CREST REAL ESTATE L.L.C	رويال كريست للعقارات ش.ذ.م.م			vivekof@gmail.com
38208	DOYEN INTERNATIONAL REAL ESTATE L.L.C	دوين انترناشيونال للعقارات ش.ذ.م.م		521791477	info@doyeninternational.com
38220	FIRST LUXURY REAL ESTATE L.L.C	فيرست لاكشرى للعقارات ذ.م.م		971-50-1868652	alaafarahat674@gmail.com
39543	VELUXE LIVING REAL ESTATE BROKERAGE L.L.C	فيلوكس ليفينج للوساطة العقارية ذ.م.م			dabeer.faisal69@gmail.com
28511	MARWA SAIDI REAL ESTATE BUYING & SELLING BROKERAGE	مروة السعيدي للوساطة في بيع العقارات وشرائها			dda02810@gmail.com
39506	KETA REAL ESTATE L.L.C	كيتا للعقارات ش.ذ.م.م			ardianhamiti@gmx.ch
37443	ELIXIR HOMES REAL ESTATE L.L.C	اليكسير هومز للعقارات ذ.م.م			prodxb02@gmail.com
39092	HUA DI REAL ESTATE L.L.C	هوا دي للعقارات ش.ذ.م.م			dubaihycx@gmail.com
38082	VERTEX REAL ESTATE L.L.C	فيرتكس للعقارات ش.ذ.م.م			Yasmine.j.jarrar@gmail.com
38535	D A J K REAL ESTATE	دي ايه جيه كيه للعقارات			Abbasi2041992@gmail.com
38304	TOMM LUXURY REAL ESTATE L.L.C	تي او ام ام لاكشري للعقارات ش.ذ.م.م		581677220	ceo@tomorrowluxuryproperty.com
37439	S N F REAL ESTATE BROKERAGE L.L.C	اس ان اف للوساطة العقارية ش.ذ.م.م		42347228	shehzeenfarooqui@gmail.com
33835	MADARIUS PROPERTIES L.L.C	ماداريوس للعقارات ش.ذ.م.م			cami.pretorius@gmail.com
39413	BEACH BREEZE REAL ESTATE L.L.C	بيتش بريز للعقارات ش.ذ.م.م		971521260163	Info@beachbreezerealestate.com
39309	A E Y PROPERTIES L.L.C	ايه اي واي للعقارات ذ.م.م			adeel@aey.ae
35361	D86 REAL ESTATE BROKERAGE L.L.C	دي 86 للوساطة العقارية ش.ذ.م.م			d86realestate@gmail.com
39967	FUNDAMENTUM PROPERTIES L.L.C	فندامنتوم للعقارت ش.ذ.م.م			irina.zakharova.dubai@gmail.com
37631	IRAJ TABNAK REAL ESTATE L.L.C	ايرج تابناك للعقارات ش.ذ.م.م		44486273	Tabnak.realestate@gmail.com
38078	NEST SEEKERS LUXURY REAL ESTATE L.L.C	نيست سيكرز لاكجري للعقارات ذ.م.م			djawadnawroz@hotmail.com
29708	NEW S U N PROPERTY	نيو اس يو ان للعقارات	www.nsp-dubai.ae	971-04-5644528	igor.kovrovtsev@yahoo.com
38166	D V M PROPERTYS L.L.C	دي في ام للعقارات ش.ذ.م.م		569516516	richard.huang@dgm-investment.com
38417	LIVE WAY REAL ESTATE L.L.C	لايف واي للعقارات ش.ذ.م.م		97143867444	turkialajmi98@gmail.com
39229	SWISS IMMO REAL ESTATE BROKERS L.L.C	سويس إيمو للوساطة في بيع العقارات وشرائها ش.ذ.م.م			ajibchehade11@gmail.com
37163	DHANANJAY REALTY	دنانجي للعقارات		971-52-4273031	priyamod345@gmail.com
39962	SEBASTIAN AND WOLF REAL ESTATE L.L.C	سباستيان اند وولف للعقارات ذ.م.م			lene.shalhoub@hotmail.com
36110	SKY LIMIT REAL ESTATE L.L.C	سكاي ليميت للعقارات ش.ذ.م.م			Aidashaghaghi2@gmail.com
35648	SMART CAPITAL REAL ESTATE	سمارت كابيتال للوساطة العقارية			slotsro@gmail.com
39189	SQUARE STONE PROPERTIES L.L.C	سكوير ستون للعقارات ذ.م.م			shroff89@gmail.com
32680	MAGIC PEOPLE REAL ESTATE L.L.C	ماجيك بيبول للعقارات ش.ذ.م.م			np@peoplestate.ru
38369	NAMA ALMOSTAKBL REAL ESTATE BROKER	نماء المستقبل للوساطة العقارية			mohammedelsheikh123@gmail.com
32166	A R B A REAL ESTATE L.L.C	ايه ار بي ايه للعقارات ذ.م.م			khalid80pk@yahoo.com
36131	OASIS LAND REAL ESTATE L.L.C	اوسيس لاند للعقارات ش.ذ.م.م		40000000	ceo@oasislandrealestate.com
26023	E AND T REAL ESTATE BROKER (LLC) (BRANCH)	اي اند تي للوساطة العقارية(ش.ذ.م.م) (فرع)			mt@edwardsandtowers.com
32353	KENAN ALKABBANI REAL ESTATE	كنان القبانى للعقارات			Kenanmyk@gmail.com
38241	S L S REALTY L.L.C	اس ال اس رياليتي ش.ذ.م.م			khrorrr@gmail.com
31835	YOU & HOUSE PROPERTIES	يو اند هاوس للعقارات		4	shoaibrahmani777@gmail.com
38622	NESTROV REAL ESTATE L.L.C	نيستروف للعقارات ذ.م.م			Amitkumarjha29@gmail.com
35649	INES REAL ESTATE L.L.C	ايناس للعقارات ش.ذ.م.م			saif_ri_ad@yahoo.com
39069	WANDA UNIVERSE PROPERTY L.L.C	وندى يونيفيرس للعقارات ش.ذ.م.م		524513668	wandarealestate136@gmail.com
26394	SELECT MAISON REAL ESTATE L.L.C	سيليكت ميزون للعقارات ش.ذ.م.م			smartlinkdxb1@gmail.com
28491	MASTER PLAN REAL STATE BROKERAGE	ماستر بلان للوساطة العقارية			aljeero86@gmail.com
28189	LUREGALERIE REAL ESTATE	لورجاليري للعقارات		45914955	Raniaalawam@gmail.com
36201	AL MASKAN AL FAKHER REAL ESTATE BROKERS L.L.C	المسكن الفاخر للوساطة العقارية ش.ذ.م.م			matt.fari@hotmail.com
35404	DVPI REAL ESTATE BROKERS L.L.C	دي في بيه اي للوساطة العقارية ش.ذ.م.م			simon.pitkin@dvpi-re.com
35638	TRESOR REAL ESTATE BROKERAGE L.L.C	تريزور للوساطة العقارية ش.ذ.م.م	tresorestate.com		Zinoudjag123@icloud.com
39597	NSH KEYS PROPERTIES L.L.C	ان اس اتش كيز للعقارات ش.ذ.م.م			nadia.elshenawy8989@gmail.com
35910	ZALEX REAL ESTATE BROKERAGE L.L.C	زيلكس للوساط العقاريه ذ.م.م			
38395	PRIMADOM REAL ESTATE L.L.C	برايمادوم للعقارات ش.ذ.م.م			admin@primadom.ae
33477	INOP REALTY L.L.C	اينوب للعقارات ذ.م.م			inoprealty@gmail.com
37432	P A D REAL ESTATE L.L.C	بي ايه دي للعقارات ش.ذ.م.م			thepad.global@gmail.com
30178	202403112053 FOR HERBS PACKAGING CO. L.L.C	٢٠٢٤٠٣١١٢٠٥٣ لتعبئة النباتات العشبية ذ.م.م			rangan.guha@ritesbpo.in
33971	D H M PROPERTIES L.L.C	دي اتش ام للعقارات ش.ذ.م.م			h.homefinance@gmail.com
35324	CAPITAL EXPERT REAL ESTATE L.L.C	كابيتال اكسبيرت للوساطة العقارية ش.ذ.م.م		588135455	ali.xiang915@gmail.com
35127	ALTIN INTERNATIONAL REAL ESTATE L.L.C	ألتين انترناشيونال للوساطة العقارية ذ.م.م			samir@aaconsultancy.ae
39747	BULLISH PROPERTIES L.L.C	بوليش للعقارات ش.ذ.م.م			Mohaelv@hotmail.com
35922	HUA SHENG PROPERTIES L.L.C	هيو شينج بروبرتيز ش.ذ.م.م			heruoyu2013@gmail.com
31060	MERCURE VALLEY REAL ESTATE L.L.C	ميركيور فالي للعقارات ش.ذ.م.م			noor.2014t@gmail.com
32857	ELEPHANT PROPERTIES L.L.C	ايلفينت للعقارات ذ.م.م			dxbjdxb@icloud.com
39895	EXCLUSIVE VISION REAL ESTATE L.L.C	اكسكلوسيف فيجن للعقارات ش.ذ.م.م			info@evrealestateuae.com
39836	LUXE PEARL REAL ESTATE L.L.C	لوكس بيرل للعقارات ذ.م.م			sudaifraza@gmail.com
39052	PALMA LUXURY REAL ESTATE L.L.C	بالما لاكشري للعقارات ش.ذ.م.م			amushtaq700@gmail.com
38964	LAVAL PROPERTIES L.L.C	لافال للعقارات ذ.م.م			khaled.j.alshami@gmail.com
35098	ACASA REAL ESTATE	اكاسا للوساطة العقارية		971-04-3984283	findus@acasa.ae
35312	ADVENTURE HOME REAL ESTATE L.L.C	ادفانتشر هوم للعقارات ذ.م.م			danishraja288@gmail.com
37652	B M G I N T REAL ESTATE BROKER L.L.C	بي ام جي اي ان تي للوساطه العقاريه ش.ذ.م.م			abdulrahman@bmgint.net
38640	VLAKAR REAL ESTATE L.L.C	فلاكار للعقارات ذ.م.م		97144558555	karim_abueicha@hotmail.com
31471	DEALS PROPERTIES L.L.C	ديلز للعقارات ش.ذ.م.م			ahmedismae5@gmail.com
36394	NASAMA PROPERTIES L.L.C	نسما للعقارات ش.ذ.م.م			abdulsalam@nasamaproperties.com
39444	ALKIRA REAL ESTATE L.L.C	الكيرا للعقارات ش.ذ.م.م			Karan@alkira.ae
38799	V V B REAL ESTATE L.L.C	في في بي للعقارات ش.ذ.م.م			verabik.ae@gmail.com
35104	WORLD CLASS PROPERTIES L.L.C	وورلد كلاس للعقارات ش.ذ.م.م			yamila.cabrera.segura@gmail.com
35175	MILLE STELLE REAL ESTATE L.L.C	ميلا ستيلا للعقارات ش.ذ.م.م			GHAZWANSHAMON@GMAIL.COM
33124	ACON PROPERTIES L.L.C	اكون بروبرتيز ش.ذ.م.م		529805613	Ceo@aconproperties.com
24584	AL DHAHYAH REAL ESTATE L.L.C	الضاحية للعقارات ش.ذ.م.م			alnoeimi1@hotmail.com
30542	E B M S REAL ESTATE BROKERS	اي بي ام اس للوساطة العقارية			INFO@EBMSBUSINESS.COM
36190	PROPERTIKIT REAL ESTATE L.L.C	بروبرتيكت للعقارات ذ.م.م		971-4-3557226	mansoor@propertikit.com
35378	HOME N US PROPERTIES L.L.C	هوم ان اص للعقارات ذ.م.م	www.home-n-us.com		ALIUAE115@GMAIL.COM
39483	C R 7 LIVING REAL ESTATE L.L.C	سي ار 7 ليفينج للعقارات ش.ذ.م.م			farahyousef.joy@gmail.com
37938	GIACONE REAL ESTATE L.L.C	جياكون للعقارات ش.ذ.م.م			c.giacone22@gmail.com
39800	N Y C REAL ESTATE BROKERAGE L.L.C	ان واي سي للوساطة العقارية ش.ذ.م.م			moustaphaissa3011@gmail.com
39031	SENETNAY REAL ESTATE L.L.C	سينيتناي للعقارات ذ.م.م			Ibharsamuel123@outlook.com
38007	ICONA PROPERTY L.L.C	ايكونا للعقارات ش.ذ.م.م	https://www.iconaproperty.ae/		info@iconaproperty.ae
32957	IMSRA REAL ESTATE L.L.C	امسرا للعقارات ش.ذ.م.م			irshadali20224@gmail.com
36274	KOKO BELLA REAL ESTATE L.L.C	كوكو بيلا للعقارات ش.ذ.م.م			b2nagpal@hotmail.com
39811	FIVE INTERNATIONAL REAL ESTATE BROKERS L.L.C	فايف انترناشيونال للوساطة العقارية ش.ذ.م.م		565712124	roshdy@fiveglobalholdings.com
31449	CLE DOR REAL ESTATE L.L.C	كلي دور للعقارات ش.ذ.م.م			dieuazef@gmail.com
37753	KASITA AND DUPLEX FOR REAL ESTATE BUYING & SELLING BROKERAGE L.L.C	كاسيتا و دوبلكس للوساطة في بيع العقارات وشرائها ش.ذ.م.م			danabassiony@gmail.com
39264	MONTE REAL ESTATE L.L.C	مونتي للعقارات ش.ذ.م.م			hamdyabdelhamid320@gmail.com
25961	A W G PROPERTIES L.L.C	ايه دبليو جي للعقارات ش.ذ.م.م		97145598029	asadwahid89@gmail.com
37378	BOZCA REAL ESTATE L.L.C	بوزكا للعقارات ش.ذ.م.م			timur@bozca.me
35196	WORK PROPERTIES L.L.C	ورك للعقارات ش.ذ.م.م			Alibabadxb57@gmail.com
33560	QAFILAT ALBARARI REAL ESTATE BUYING AND SELLING BROKERAGE L.L.C	قافلة البراري للوساطة في بيع العقارات وشرائها ش.ذ.م.م			Ranaim84@gmail.com
39210	AHMED MORAD PROPERTIES L.L.C	احمد مراد للعقارات ش.ذ.م.م			Investwithmorad@gmail.com
32926	PERPETUAL REAL ESTATE BROKERAGE	بيربيشوال للوساطة العقارية			rozavelt@yahoo.com
31729	JUST PRIME REAL ESTATE BROKERS	جست بريم للوسطاء العقاريين			ibrahim@startup-n-marketing.com
38727	ALAMERH REAL ESTATE L.L.C	العامرة للعقارات ش.ذ.م.م			ayasrehbasel@gmail.com
33063	DEVAM REAL ESTATE	ديفام للعقارات			Devamrealestatedxb@gmail.com
29035	GID REAL ESTATE	جي اي دي للعقارات		0	admin@guideimmodubai.com
38773	ELITE CRIBS REAL ESTATE L.L.C	إليت كريبس للعقارات ش.ذ.م.م			Mitwallym@gmail.com
34292	ORA PROPERTIES L.L.C	أورا للعقارات ش.ذ.م.م			zoabi.design@gmail.com
39776	TRIDENT LUXURY REAL ESTATE L.L.C	ترايدنت لاكجري للعقارات ش.ذ.م.م			Rahulzaveri1@outlook.com
39188	IDRAAK PROPERTIES L.L.C	ادراك للعقارات ذ.م.م			salmanbabar16@gmail.com
38932	LUXE HARMONY REAL ESTATE BROKERAGE L.L.C	لوكس هارموني للوساطة في بيع العقارات وشرائها ش.ذ.م.م			nourafr2000@outlook.com
39562	SKY HEIGHTS PROPERTIES L.L.C	سكاي هايتس بروبرتيز ش.ذ.م.م			Sa-kalash@hotmail.com
27974	KEY LINK REAL ESTATE BROKERAGE (BR OF ROSETTA INVESTMENTS L.L.C)	كي لينك للوساطة العقارية (فرع من روزيتا للاستثمار ش.ذ.م.م )			shaz_m@hotmail.com
29953	BOAT REAL ESTATE BROKER L.L.C	بوت للوساطة العقارية ش.ذ.م.م			ajeesh@greenhouse.ae
39879	FARAZ FARKHOUY REAL ESTATE BROKER L.L.C	فراز فرخوى للوساطة العقارية ش.ذ.م.م			faraz_farkhouy@yahoo.com
38515	INOVO REAL ESTATE BUYING & SELLING BROKERAGE L.L.C	اينوفو الوساطة في بيع العقارات وشرائها ش.ذ.م.م			antonsulcek@gmail.com
32749	CANTON REAL ESTATE	كانتون للوساطة العقارية			altenaiji-55@hotmail.com
37444	WATERFRONTS INTERNATIONAL REAL ESTATE L.L.C	واترفرونت انترناشونال للعقارات ش.ذ.م.م			WAHPUN.LEUNG@GMAIL.COM
35071	BELETSKIY REAL ESTATE	بيليتسكى للعقارات			uae212018@gmail.com
24264	SMART CHOICE REAL ESTATE BROKERAGE L.L.C	سمارت شويز للوساطة العقارية ش.ذ.م.م		971-04-2766349	Mboosy242@gmail.com
37902	MABEN REAL ESTATE L.L.C	مابن للعقارات ش.ذ.م.م			Info@mabenrealestate.com
26010	LA CASA LINE REAL ESTATE	لاكاسا لاين للعقارات			Samsarrea@gmail.com
38199	EDEN REALTY REAL ESTATE L.L.C	ايدين رييلتي للعقارات ذ.م.م			fabio_saltini@hotmail.com
31823	SKY TOWERS REAL ESTATE BROKERAGE L.L.C	سكاي تاورز للوساطة العقارية ش.ذ.م.م			oleg7373m@gmail.com
29000	T O L LUXURY REAL ESTATE	تي او ال لكجري للعقارات			bu-saif001@hotmail.com
33445	ALAYAM REAL ESTATE L.L.C	الايام للعقارات ش.ذ.م.م	www.alayamre.com		alayamre@gmail.com
37539	ONE BY ONE SIGNATURE REAL ESTATE L.L.C	ون باي ون سيجنيشر للعقارات ذ.م.م	www.onebyone.ae		teddy.bechara@onebyone.ae
39361	MANARA PROPERTIES L.L.C	منارة للعقارات ش.ذ.م.م			peter.toth@beaconuae.com
37770	HOUSE MASTERS REAL ESTATE L.L.C	هاوس ماسترز للعقارات ش.ذ.م.م			maksfinley@gmail.com
32153	EZLOORIN REAL ESTATE L.L.C	ازلورين للعقارات ش.ذ.م.م			sherif.basir@gmail.com
34910	HARMONY HOME PROPERTIES L.L.C	هارموني هوم للعقارات ش.ذ.م.م		585833058	Harmonyproperties.uae@gmail.com
30515	SEYAL REAL ESTATE	سيال للعقارات		44580835	ahmad.inbox@yahoo.com
26461	A U Z REAL ESTATE	أيه يو زد للعقارت			abdulmuniri@hotmail.com
35380	OCEAN SOUND REAL ESTATE L.L.C	اوشن ساوند للعقارات ش.ذ.م.م			info@oceansoundre.com
33848	THORNE GLOBAL REAL ESTATE L.L.C	ثورن جلوبال للعقارات ش.ذ.م.م			dra.vanina@icloud.com
39058	A B L E S REAL ESTATE L.L.C	ايه بي ال اي اس للعقارات ش.ذ.م.م			s.martinelli@ableslegal.com
33659	V R E REAL ESTATE L.L.C	في ار اي للعقارات ذ.م.م			Ahmed.tantawyy@live.com
38655	AESTAS EXSUS REAL ESTATE L.L.C	ايستاس ايكسسوس للعقارات ش.ذ.م.م			denis.abramov@exsusglobal.com
22992	PROSPERITY REAL ESTATE BROKERS	بروسببيريتي للوساطة العقارية			prosperityreb@gmail.com
39465	SCAN GLOBAL REALTY L.L.C	سكان جلوبال للعقارات ش.ذ.م.م			Wahaj.ahmed@scangroup.ca
35194	EMPORIUM SATE PROPERTIES	امبوريوم سايت للعقارات			sagintayevag@gmail.com
37860	MASAYA REAL ESTATE L.L.C	مسايا للعقارات ش.ذ.م.م			Ameerzaul965@gmail.com
36075	WEALTHCORP REAL ESTATE	ويلث كورب للعقارات			ritika@wealthcorp.ae
30460	RICH STARS REAL ESTATE	ريتش ستارز للعقارات			alyabanker@gmail.com
30421	G & G LA MAISON PROPERTIES	جي اند جي لا ميزون للعقارات			gasser.k@gglamaison.com
34407	AGORA REAL ESTATE BUYING & SELLING BROKERAGE	اقورا للوساطة في بيع العقارات وشرائها		40000000	kshahbaz293@gmail.com
34483	RIGHT VALUE REALESTATE L.L.C	رايت فاليو للعقارات ش.ذ.م.م			info@rightvaluerealestate.com
39191	STEP DREAM REAL ESTATE L.L.C	ستيب دريم للعقارات ش.ذ.م.م			stepdreamagency@gmail.com
35940	WEST URBAN HOME REAL ESTATE L.L.C	ويست ايربان هوم للعقارات ش.ذ.م.م			nuroenxhi@yahoo.com
31849	GIA PROPERTIES L.L.C	جيا بروبرتيز ش.ذ.م.م			mdoffice@espaindia.com
31618	PROPEX REALESTATE L.L.C	بروبيكس للعقارات ش.ذ.م.م		43960000	shakkeer@propex.ae
38644	LIGHTS VISION REAL ESTATE	لايتس فيجين للعقارات			ABDHALIMDJ1990@GMAIL.COM
22113	KHALAF BIN SAEED ALOTAIBA REAL ESTATE BROKERS CO. L.L.C	شركة خلف بن سعيد العتيبه للعقارات ذ.م.م			Bu7able@gmail.com
30648	PRAYAANS REAL ESTATE	برايانس للعقارات	www.prayaansrealestate.com		munmun@prayaansrealestate.com
25971	KAMANA REAL ESTATE BROKERAGE L.L.C	كمانا للوساطة العقارية ش.ذ.م.م			arjun@kamanarealestate.com
38472	THE EON LUXURY REAL ESTATE L.L.C	ذا اون لكجري للعقارات ش.ذ.م.م		502900786	sohailkhan22212@gmail.com
38081	GEM REAL ESTATE L.L.C	جي اي ام للعقارات ذ.م.م		503397130	cemsari1@hotmail.com
37786	AGM REALTY REAL ESTATE L.L.C	إيه جي ام ريالتي للعقارات ش.ذ.م.م			mario@manorcrest.com
36019	NOBEL VICTORY REAL ESTATE L.L.C	نوبيل فيكتوري للعقارات ش.ذ.م.م			vp1898_1898@icloud.com
32585	SUNSET CITY REAL ESTATE	سنسيت سيتي للعقارات			erichoney97@gmail.com
28201	TIERRA PROPERTIES	تييرا للعقارات			mohammed.amr@espadagroup.ae
28852	BIZMAKER REAL ESTATE	بيزماكر للعقارات			abu@profounduae.com
39297	EMERALD VIEWS REAL ESTATE L.L.C	إميرالد فيوز للعقارات ش.ذ.م.م			
39319	MANAJ PROPERTIES L.L.C	مناج للعقارات ش.ذ.م.م			talidxb1@gmail.com
24316	VIDABRICKS REAL ESTATE L.L.C	فيدابريكس للعقارات ش.ذ.م.م		45681188	nidheesh@vidabricks.com
33726	SKYLINE ONE REAL ESTATE BROKER L.L.C	سكاي لاين ون للوساطة العقارية ش.ذ.م.م			BAIGG@HOTMAIL.COM
38484	ELITE EQUITIES REAL ESTATE BROKER L.L.C	ايليت ايكويتيز للوساطة العقارية ش.ذ.م.م			Shady.b4b@gmail.com
38609	VICTORIA LUX REAL ESTATE L.L.C	فيكتوريا لوكس للعقارات ذ.م.م			jdbp1821@gmail.com
39165	D R T REAL ESTATE L.L.C	دي ار اتي للعقارات ش.ذ.م.م			taghi.hajiyev@gmail.com
37924	BRAVA REAL ESTATE L.L.C	برافا للعقارات ش.ذ.م.م			BRAVAUAE@GMAIL.COM
33103	VTRENDE REAL ESTATE BUYING & SELLING BROKERAGE L.L.C	فترند للوساطة في بيع العقارات و شرائها ش.ذ.م.م			estateuae22@gmail.com
28803	AL SHAMS PROPERTIES	الشمس للعقارات		0	amirjaved277@gmail.com
37204	HEADLINE REAL ESTATE L.L.C	هيدلاين للعقارات ذ.م.م		971-4-2222668	SHALANSULAIMAN1977@GMAIL.COM
27529	AL SADA PROPERTIES BROKERAGE L.L.C	الصدي للوساطة العقارية ش.ذ.م.م			pscdubai@gmail.com
33519	SILVERWOOD PROPERTIES L.L.C	سيلفر وود للعقارات ش.ذ.م.م			silverwood.dxb@gmail.com
34080	OSAMA JAF REAL ESTATE L.L.C	اسامه جاف للعقارات ش.ذ.م.م			ojaffer9@gmail.com
33230	AL BARQA REAL ESTATE BROKERS L.L.C	البارقة للوساطة العقارية ش.ذ.م.م		971-4-2955570	albargh.m20@gmail.com
30519	WEBSTER REAL ESTATE L.L.C	ويبستر للعقارات ش.ذ.م.م			rozanova@webstercompany.ru
37963	WYFY REAL ESTATE L.L.C	دبليو واي اف واي للعقارات ذ.م.م			AMIT.MATHUR@WYFY.VIP
39265	PALMIRA PRIME PROPERTIES L.L.C	بالميرا برايم للعقارات ش.ذ.م.م			a.kellner8881@gmail.com
38587	PREMIUM LINK REAL ESTATE BROKERS L.L.C	بريميوم لينك للوساطة العقارية ش.ذ.م.م			merwadrahmeh@outlook.com
34679	EASY LIFE PROPERTY L.L.C	ايزي لايف للعقارات ش.ذ.م.م			sdelka2010@gmail.com
37448	OPULENT LIVING REAL ESTATE L.L.C	اوبلينت ليفنج للعقارا ت ش.ذ.م.م			djajetovic44@gmail.com
28929	DAVID LUXURY PROPERTIES	ديفيد لاكجري للعقارات		971-04-3334351	sergey.k@david-partners.com
39124	MADAAN PROPERTIES L.L.C	معدان للعقارات ش.ذ.م.م			hamza.alvi962@gmail.com
33850	ULTIMATE REALITY PROPERTIES L.L.C	التيميت رياليتي للعقارات ش.ذ.م.م	https://ultimategroup.ae/		hmdmurtaza@yahoo.com
32248	KIZA REALTORS REAL ESTATE BROKERAGE L.L.C	كيزا ريلتورز للوساطة العقارية ش.ذ.م.م			josawaye@kiza.ae
35244	MIRI HOMES REAL ESTATE L.L.C	ميري هومز للعقارات ش.ذ.م.م			AJAZRNANDA@GMAIL.COM
39280	SHERAZ PROPERTIES L.L.C	شيراز للعقارات ش.ذ.م.م		43416151	umbersheraz@hotmail.com
32875	KEY FINDER REAL ESTATE L.L.C	كي فايندر للعقارات ش.ذ.م.م			a.safinaz@yahoo.com
28977	DREICO REAL ESTATE L.L.C	دريكو للعقارات ذ.م.م			dxb.csp@gmail.com
39086	WESTING HOUSE REAL ESTATE L.L.C	وستنق هاوس للعقارات ش.ذ.م.م			Jozephdonkersloot@hillsea.eu
34426	SHTODA REAL ESTATE L.L.C	شتودا للعقارات ش.ذ.م.م			SHTODA121212@GMAIL.COM
34873	HASSAN FOUAD REAL ESTATE L.L.C	حسن فؤاد للعقارات ش.ذ.م.م	www.hassan-homes.com		HassanFouadRealEstateLLC@gmail.com
27866	NEST HOMES REAL ESTATE	نست هومز للوساطه في بيع العقارات		551221065	nabeelahamedpa@gmail.com
37792	PRISTINE COLLECTION REAL ESTATE L.L.C	برستين كولكشن للعقارات ش.ذ.م.م			Hoss_sakr@hotmail.com
34675	KRIB REAL ESTATE	كريب للعقارات			mohammed@krib.ae
26424	OASIS HOMES REAL ESTATE BROKER L.L.C	اوسيس هومز للوساطة العقارية ش.ذ.م.م			mrdubai47@gmail.com
36308	FUTURE DAYS REAL ESTATE L.L.C	فيوتشر ديز للعقارات ذ.م.م		971-04-3796104	shahab.bastaki@gmail.com
39340	ORIGINAL TEAM REAL ESTATE L.L.C	اوريجنال تيم للعقارات ش.ذ.م.م			noraa_1_1985@hotmail.com
32050	S S H GLOBAL REAL ESTATE L.L.C	اس اس اتش جلوبال للعقارات ش.ذ.م.م			ssglobal113@gmail.com
38654	GALACTIC PROPERTIES L.L.C	قالاستيك بروبرتيز ش.ذ.م.م			knadjafova42@gmail.com
34392	OBSIDIAN PROPERTIES	اوبسديان للعقارات		556552277	yafi@obsidiandxb.com
37965	MANSIONZ MNZ REAL ESTATE L.L.C	مانشونز منز للعقارات ش.ذ.م.م			i529808643@gmail.com
36346	PRESTIGE EDITION REAL ESTATE BROKERS L.L.C	برستيج اديشن للوسطاء العقاريين ش.ذ.م.م		97143233212	kenzayam4@gmail.com
28127	EARTH LINK REAL ESTATE L.L.C	ايرث لينك للعقارات ش.ذ.م.م			zeeshannaqeebi78@gmail.com
35119	SPIRIDON REAL ESTATE L.L.C	سبيريدون للعقارات ش.ذ.م.م			spiridonrealestate@gmail.com
30485	STAT GLOBAL REAL ESTATE	ستات جلوبال للوساطة العقارية			info@statglobal.ae
39613	QAMAR AL MAKAN REAL ESTATE L.L.C	قمر المكان للعقارات ش.ذ.م.م			kumaraswamym81@gmail.com
23646	E P G PROPERTIES ONE PERSONE CO L.L.C	اي بي جي للعقارات شركة الشخص الواحد ش.ذ.م.م			h.janho@rholding.com
38801	DREAMS TO REALITY PROPERTIES L.L.C	دريم تو رياليتي للعقارات ش.ذ.م.م		45070876	dr.vijayrk@gmail.com
39127	ASSETWISE REAL ESTATE L.L.C	اسيتوايز للعقارات ش.ذ.م.م			jonathan.gardner@live.com
39913	M S CAPITAL REAL ESTATE BROKERAGE L.L.C	ام اس كابيتال لوساطة العقارية ذ.م.م			SUPPORT@MSCAPITAL.AE
37567	NOVA ASSETS REAL ESTATE L.L.C	نوفا أسيتس للعقارات ش.ذ.م.م			ali@amtsworld.com
34487	CAMELOT PROPERTIES L.L.C	كاميلوت للعقارات ش.ذ.م.م			shah.aditi@hotmail.com
37903	MIRA CASA PROPERTIES L.L.C	ميرا كازا للعقارات ذ.م.م		0	Jairaj.gorsia@gmail.com
33099	HMGP REAL ESTATE BUYING & SELLING BROKERAGE	اتش ام جي بي للوساطة في بيع العقارات وشرائها			gaellepalomares@gmail.com
36232	LUXURY HOMELAND REAL ESTATE L.L.C	لاكجري هوملاند للعقارات ش.ذ.م.م	www.luxuryhomeland.com	44564531	alexandrina71@hotmail.com
29539	SANDBOX REAL ESTATE BROKERS	ساندبكس للوسطاء العقاريين			Julia@sandboxedxb.com
34632	DE LUCA REAL ESTATE L.L.C	دي لوكا للعقارات ش.ذ.م.م		971-4-3957743	sebasti.deluca@gmail.com
36106	STADELMANN REAL ESTATE L.L.C	ستادل مان للعقارات ش.ذ.م.م			Info@misterimmo.tv
38712	DAP PROPERTIES L.L.C	دي ايه بي للعقارات ذ.م.م			info@dapproperty.com
38774	C H Q REAL ESTATE L.L.C	سي اتش كيو للعقارات ش.ذ.م.م			qadr.invest@gmail.com
25727	MARHABA REAL ESTATE L.L.C	مرحبا للعقارات ش.ذ.م.م			musthafa.usman188@gmail.com
39003	TOP ANGELS REAL ESTATE L.L.C	توب انجيلس للعقارات ذ.م.م			Top.Angels@outlook.com
36460	XPANSION REAL ESTATE L.L.C	اكسبنشن للعقارات ش.ذ.م.م			jaberahmad998@gmail.com
39380	MARRFA DISCOVERY REAL ESTATE L.L.C	مرفأ ديسكفري للعقارات ش.ذ.م.م			Jamil@Marrfa.com
33447	ALBAYT ALEATIQ REAL ESTATE BROKERAGE	البيت العتيق للوساطة العقارية			tareq_to@hotmail.com
34400	NOBROKER TECHNOLOGIES SOLUTIONS PRIVATE LIMITED - DUBAI BRANCH	نوبروكر تكنولوجيز سوليوشنز برايفت ليمتد - فرع دبى			abhyudya.garg@nobroker.in
37559	OLIGARCH REAL ESTATE L.L.C	اوليغارك للعقارات ذ.م.م			bakhti.0707@mail.ru
31520	NAJM AL LAIL REAL ESTATE BROKERAGE L.L.C	نجم الليل للوساطة العقارية ذ.م.م	najmallail.com		Madalina.bogdan23@gmail.com
34115	SKY CITY REAL ESTATE L.L.C	سكاي سيتي للعقارات ذ.م.م			rafat.dxb@gmail.com
37512	PROZONE PROPERTIES L.L.C	بروزون للعقارات ش.ذ.م.م			support@tashjiee.com
27945	ELEGANZA REAL ESTATE BROKER	اليجانزا للوساطة العقارية			mohamedamar4993@gmail.com
34969	ALEXA REAL ESTATE BROKER L.L.C	أليكسا للوساطة العقارية ش.ذ.م.م			rawan.alsaradih@gmail.com
39760	H Q R E REAL ESTATE L.L.C	اتش كيو ار اي للعقارات ش.ذ.م.م			nisarhaq123@gmail.com
34499	EIGHT MILE REAL ESTATE L.L.C	ايت مايل للعقارات ش.ذ.م.م		45708907	ines@eightmilere.com
39851	HORIZON VENTURES REAL ESTATE L.L.C	هوريزون فينجرز للعقارات ش.ذ.م.م			hsjuneja86@outlook.com
37302	ROYAL LUXE PROPERTIES L.L.C	رويال لوكس للعقارات ش.ذ.م.م			ls@royalluxeproperties.com
32974	PURPLE ROOF REAL ESTATE L.L.C	بيربل روف للعقارات ش.ذ.م.م			fawad.j.k@gmail.com
38919	BIZRAH REALTY L.L.C	بزره للعقارات ش.ذ.م.م			mabizrah@me.com
37982	PEACE HOMES REAL ESTATE (BRANCH)	بيس هومز للعقارات (فرع)		45539027	andrea@peachomes.ae
38236	D K S PROPERTIES L.L.C	دي كيه اس للعقارات ذ.م.م			dks.properties.2023@gmail.com
29234	THE PROPERTY CLUB REAL ESTATE	ذا بروبرتي كلوب للعقارات			nimesh@vishwamitra.ae
38075	MODERN HOMES PROPERTIES L.L.C	مودرن هومز للوساطة العقارية ش.ذ.م.م			salehalhuroob@gmail.com
23433	WAQAR HASAN REAL ESTATE L.L.C	وقار حسن للعقارات ش.ذ.م.م			waqar@itihad.co.ae
34737	ASJ INTERNATIONAL REALTY L.L.C	ايه اس جيه انترناشونال ريالتي ش.ذ.م.م		501859290	info@asjir.com
37836	SUNSHINE REAL ESTATE L.L.C	سونشين للعقارات ش.ذ.م.م			SUNSHINEREALESTATE2023@gmail.com
29387	DKH REAL ESTATE BROKERAGE L.L.C	دي كيه اتش للوساطة العقارية ش.ذ.م.م			kawa_95@hotmail.com
30558	HEIMS FOR REAL ESTATE BUYING & SELLING BROKERAGE	هايمز للوساطة في بيع العقارات وشرائها			sakhr@heimsrealestate.com
36097	READY HOME REAL ESTATE L.L.C	ريدي هوم للعقارات ش.ذ.م.م			readyhomedxb@gmail.com
37402	HOUSEZON REAL ESTATE L.L.C	هاوسزون للعقارات ذ.م.م			reem.chaouachi@gmail.com
37569	EMERALD ESTATES PROPERTIES L.L.C	اميرالد استيتس للعقارات ش.ذ.م.م			jiteshmk@gmail.com
38674	DUA PROPERTIES	دعاء للعقارات			MIRFAN321@OUTLOOK.COM
29551	LIVE LARGE REAL ESTATE BROKER L.L.C	ليف لارج للوساطة العقارية ذ.م.م	livelarge.ae	44581489	rk@livelarge.ae
39071	SAVVY INTERNATIONAL REALTORS L.L.C	سافي انترناشيونال للوساطة العقارية ش.ذ.م.م			asifshaikh055@yahoo.com
36372	P A I REAL ESTATE L.L.C	بيه ايه إي للعقارات ذ.م.م			ranime.skaff@prop-ai.com
39478	OBACO HOMES REAL ESTATE L.L.C	اوباكو هومز للعقارات ذ.م.م			obeidhajjar@hotmail.com
37720	BLUE SKYLINE REAL ESTATE L.L.C	بلو سكاي لاين للعقارات ش.ذ.م.م			KHALID@HAMAUDITING.AE
38144	ROYAL FAMILY REAL ESTATE L.L.C	رويال فاميلي للعقارات ش.ذ.م.م			realestate.Dubai.experts@gmail.com
32242	S V S PROPERTIES L.L.C	اس في اس للعقارات ش.ذ.م.م		97145755990	info@dubai-estate.pro
23393	DAARK REAL ESTATE BROKER L.L.C	دارك للوساطه العقاريه ش.ذ.م.م	https://www.daark.ae/	971-04-3276760	elonyaly@gmail.com
37544	ZAC AND SOP ZEECO REAL ESTATE L.L.C	زاك اند صو زيكو للعقارات ش.ذ.م.م			zeeali30@yahoo.co.uk
36741	ONE LUX COLLECTION FOR REAL ESTATE BUYING AND SELLING BROKERAGE L.L.C	ون لوكس كولكشن للوساطة في بيع وشراء العقارات ش.ذ.م.م			novabvv@gmail.com
33787	S I D REAL ESTATE BROKERS L.L.C	اس اي دي للوساطة العقارية ش.ذ.م.م			jun.yagi@starts-uae.com
35591	L S PROPERTY L.L.C	ال اس للعقارات ش.ذ.م.م			klimanova@kd-st.com
27235	LA VIE REAL ESTATE BUYING & SELLING BROKERAGE	لافي للوساطة في بيع العقارات وشرائها			lydo.sal@gmail.com
36617	LUXERA STAR REAL ESTATE L.L.C	لوكسيرا ستار للعقارات ش.ذ.م.م			obada-sha@live.com
34485	YOPEZ REAL ESTATE L.L.C	يوبز للعقارات ش.ذ.م.م			jeromethomast@hotmail.com
39143	DEMANIS REAL ESTATE L.L.C	ديمانيس للعقارات ذ.م.م			Info@demanis.com
33596	VAKNIN CAPITAL REAL ESTATE L.L.C	فاكنين كابيتال للعقارات ش.ذ.م.م		400000000	zainal2crock@gmail.com
34736	4 SQUARED REAL ESTATE L.L.C	4 سكويرد للعقارات ش.ذ.م.م			marklaurenharris@gmail.com
37354	E Z O PROPERTIES	ايه زد او للعقارات			lesia.liab@gmail.com
37083	REVISION REAL ESTATE BROKERAGE L.L.C	ريفيجن للوساطة العقارية ش.ذ.م.م			dxbhugo@gmail.com
39366	ES IMMO PROPERTIES L.L.C	ايه اس ايمو للعقارات ش.ذ.م.م			barbara@emiratessetup.ae
35979	DOORSTEPS REAL ESTATE BROKERS L.L.C	دورستيبس للوساطة العقارية ذ.م.م			haiderammar876@gmail.com
39290	PARRAMATTA REALESTATE L.L.C	باراماتا للعقارات ش.ذ.م.م			mohammed.dubaione@gmail.com
38589	LANDMARK TREE REAL ESTATE BROKER L.L.C	لاندمارك تري للوساطه العقارية ش.ذ.م.م			subhashininaruka@gmail.com
31518	REMARK REAL ESTATE	ريمارك للعقارات		40000000	anas@vousagency.com
38988	VINE AND FIG TREE REAL ESTATE L.L.C	فاين آند فيج تري للعقارات ذ.م.م			rvasquez321@gmail.com
38093	DOUBLER PROPERTY L.L.C	دوبلير للعقارات ش.ذ.م.م			vic.chernyshov@gmail.com
37228	ZARYA REAL ESTATE L.L.C	زاريا للعقارات ش.ذ.م.م		971|554500124	063lolly@gmail.com
34113	SKY BRICKS REAL ESTATE	سكاي بريكس للعقارات			Fiaz.minhas494@gmail.com
35525	PREMIUM HERITAGE PROPERTY	بريميم هيريتج بروبرتي			a7721440@gmail.com
36521	S MIRZA REAL ESTATE BROKERAGE	اس ميرزا للوساطة العقارية	https://samanmirza.com/		info@samanmirza.com
35197	DARE REAL ESTATE	دير للعقارات			DAREUAE@GMAIL.COM
38349	LEADWAY PROPERTIES L.L.C	ليد واي للعقارات ش.ذ.م.م			stephanie.okpala@outlook.com
39443	MAFCO REAL ESTATE L.L.C	مافكو للعقارات ش.ذ.م.م			fadavi@harmanme.com
33362	VINCENT REAL ESTATE BROKERS L.L.C	فينسينت للوساطة في العقارات ش.ذ.م.م			a.a.carlino@outlook.com
33841	TREASURE HOMES REAL ESTATE	ترياشر هومز للعقارات			treasurehomesuae1@gmail.com
33605	ALWAN ALSAIF PROPERTIES L.L.C	الوان الصيف للعقارات ش.ذ.م.م			Arefehmoradi@ymail.com
33442	LAFORET REAL ESTATE L.L.C	لا فوريت للعقارات ش.ذ.م.م		42356522	vipclearing2017@gmail.com
37298	CMC REALTY L.L.C	سي إم سي للعقارات ش.ذ.م.م			cmcrealtydubai@gmail.com
36466	AL SAHBA REAL ESTATE BROKERS L.L.C	الصحبه للوساطة العقارية ش.ذ.م.م		971-50-5353321	MAI.ELNAGGAR35@GMAIL.COM
37640	W I S PROPERTIES L.L.C	دبليو اي سي للعقارات ش.ذ.م.م			Fawzy@wis-properties.com
39845	R D D REAL ESTATE L.L.C	ار دي دي للعقارات ش.ذ.م.م			mbahida751@outlook.com
33912	BAIT MAYA PROPERTIES L.L.C	بيت مايا للعقارات ش.ذ.م.م			bekugeni@yahoo.com
39704	ZAM HOME PROPERTIES	زام هوم للعقارات			Zulfi_a@hotmail.com
34787	I R I PASH REAL ESTATE L.L.C	اي ار اي باش للعقارات ش.ذ.م.م		585813905	rahul.rustagi@agilitybsol.com
29518	LUXCO GLOBAL REAL ESTATE	لوكسو جلوبال للعقارات		44444444	ahmed.binamir@gmail.com
38099	SUNSET VIEW PROPERTIES L.L.C	صنست فيو للعقارات ش.ذ.م.م			esaber@sunsetrealestate.ca
35281	AG VIP REAL ESTATE L.L.C	ايه جي في اي بي للوساطة العقارية ش.ذ.م.م			aleksandrs.cikunovs@gmail.com
34599	ESIGNATURE REAL ESTATE BROKERAGE	ايسجنيشر للوساطة العقارية		971-04-5477378	Esignature2023@gmail.com
30969	H N J SQUARE REAL ESTATE BROKERAGE L.L.C	اتش ان جيه سكوير للوساطه العقارية ش.ذ.م.م			hiten_n@hotmail.com
34508	DRASI REAL ESTATE L.L.C	دراسي للعقارات ش.ذ.م.م			yaakovglida@gmail.com
28052	F T B REAL ESTATE BROKERS L.L.C	اف تي بي للوساطة العقارية ش.ذ.م.م			olusolatola2021@gmail.com
35699	MOKAN PROPERTIES L.L.C	موكان للعقارات ش.ذ.م.م		971|509119955	mkdossary70@hotmail.com
28781	JAVA HOMES PROPERTIES	جافا هومز بروبرتيز			Jamshidturabekoff@gmail.com
28492	CORTEX REAL ESTATE L.L.C	كورتكس للعقارات ش.ذ.م.م			soufiane@cortexproperties.com
38901	GULF LIFE REAL ESTATE L.L.C	جلف لايف للعقارات ش.ذ.م.م			SHOBHNA@SMARTZONESUAE.COM
36176	STAY OVERSEAS REAL ESTATE BROKERAGE L.L.C	استي اوفر سيز للوساطة العقارية ش.ذ.م.م			saleh.99210@gmail.com
35355	TANGELO REAL ESTATE L.L.C	تانجيلو للعقارات ش.ذ.م.م			rocsymarcu@gmail.com
35472	ORCHARD REALITY PROPERTY L.L.C	اورشارد رياليتي للعقارات ذ.م.م			hinesh321@gmail.com
32224	SKY LIGHT REAL ESTATE BROKER	سكاي لايت للوساطة العقارية		971-4-2970001	zayan115@gmail.com
33702	FLUFFYWHITE REAL ESTATE L.L.C	فلافلي وايت للعقارات ش.ذ.م.م		0	director@fluffywhite.ru
31864	LAND MARKETING REALESTATE L.L.C	لاند ماركيتنج للعقارات ش.ذ.م.م		521512194	landmarketingpvtltd.dubai@gmail.com
36745	NORDSTERN REAL ESTATE L.L.C	نوردسترن للعقارات ش.ذ.م.م			rko@nordstern.ae
36890	SQUARE EXPERTS REAL ESTATE L.L.C	اسكوير اكسبيرتس للعقارات ش.ذ.م.م			sergio.c@square-invests.com
30161	MOR HOMES REALESTATE	مور هومس للعقارات			mustafamajeed2010@hotmail.com
25773	THE LINE REAL ESTATE BROKER	ذا لاين للوساطة العقارية			ob55555@yahoo.com
30526	METROPLEX PROPERTIES	ميتروبليكس للعقارات			Kami_Ali79@yahoo.com
32490	ARIANA REAL ESTATE L.L.C	اريانا للعقارات ش.ذ.م.م		42249714	ARIANAREALESTATE.DUBAI@gmail.com
30283	SQUARE BAY REAL ESTATE	سكوير باي للعقارات			salmangreenstar143@gmail.com
38256	JARI PROPERTIES L.L.C	جاري العقارية ش.ذ.م.م		505090009	F.alsammarai@gmail.com
38281	BLUE POINT REAL ESTATE L.L.C	بلو بوينت للعقارات ش.ذ.م.م			_vakilifard@yahoo.com
39659	MNZ REAL ESTATE BUYING & SELLING L.L.C	أم أن زد لبيع وشراء العقارات ش.ذ.م.م			Zidanabdullahashir@gmail.com
32742	AL HESAN ALDHAHABE REAL STATE L.L.C	الحصان الذهبي للعقارات ش.ذ.م.م		502844427	ab5558575@gmail.com
24337	SPLENDID PROPERTIES L.L.C	سبلينديد للعقارات ش.ذ.م.م		971-4-2438663	areejrazzak@yahoo.com
30296	SKY LINE STAR REAL ESTATE L.L.C	سكاي لاين ستار للعقارات ش.ذ.م.م			Mamdoh.sh@hotmail.com
38153	YAN GLOBAL SERVICE REAL ESTATE L.L.C	يان جلوبل للعقارات ش.ذ.م.م			1366441518@qq.com
32817	SAIDI HOMES REAL ESTATE L.L.C	سعيدي هومز للعقارات ذ.م.م		521660617	abbassaidi8@gmail.com
27030	TAMM REAL ESTATE	تم للعقارات		506285858	ali11.salim11@gmail.com
37467	LWH PROPERTIES L.L.C	ال دبليو اتش للعقارات ش.ذ.م.م			uae212018@gmail.com
38380	N M E C PROPERTIES L.L.C	ان ام اي سي للعقارات ش.ذ.م.م			osama@nmecproperties.com
39033	DUCASA PROPERTIES L.L.C	دوكاسا للعقارات ش.ذ.م.م			andrey.arkhipov@gmail.com
30443	CORONET PRIME PROPERTIES	كورنت بريم للعقارات		971-04-2290300	admin@eno.ae
35309	MAZONAS REAL ESTATE	مازوناس للعقارات			matthias@mazonas.com
38410	MADELY REAL ESTATE BROKERAGE L.L.C	مدلي للوساطة العقارية ذ.م.م			madelyproperties@gmail.com
28437	HOME KEYS REAL ESTATE	هوم كيز للعقارات			taha_orbitpvt@yahoo.com
33977	NEROLI PROPERTIES L.L.C	نيرولي للعقارات ش.ذ.م.م			info@neroli.ae
36199	TOPG REAL ESTATE L.L.C	توبج للعقارات ش.ذ.م.م			michaelzdebadjusting@gmail.com
36005	WINSTON LANDS REAL ESTATE BROKERAGE	وينستون لاندس للوساطة العقارية			winstonlands51@gmail.com
36209	EDENS REAL ESTATE L.L.C	ايدينس للعقارات ش.ذ.م.م			v.sanad@edensrealtors.com
36454	V O T A REAL ESTATE BROKERAGE L.L.C	في او تي ايه للوساطة العقارية ش.ذ.م.م			daniil.uae@gmail.com
30324	DOMAINE PROPERTIES	دومين للعقارات			bassamk@alabaykanholding.com
39730	A TO A REAL ESTATE L.L.C	ايه تو ايه للعقارت ذ.م.م			afra_alfalasi77@yahoo.com
39532	DAKHEEM REAL ESTATE L.L.C	داكهيم للعقارات ش.ذ.م.م			kodiriy888@gmail.com
25912	ARDY REAL ESTATE BROKERAGE	أرضي للوساطة العقارية			priyank@ardyrealestate.com
29289	TAWKIL REAL ESTATE L.L.C	توكيل للوساطة العقارية ش.ذ.م.م			aymanjjj@gmail.com
34856	SILVER WIND ADVISORS REAL ESTATE BROKERAGE L.L.C	سيلفر ويند ادفايزرز للوساطة العقارية ش.ذ.م.م			silverwindbrokerage@gmail.com
29743	A B I ELITE REAL ESTATE (BR OF A B I INVESTMENT L.L.C)	ايه بي اي ايليت للعقارات (فرع من ايه بي اي للاستثمار ذ.م.م )			bader.a@gmail.com
32667	TOWN CROWN REAL ESTATE L.L.C	تاون كراون للعقارت ذ.م.م		971-4-3999469	ARIAS.ROHI@YAHOO.CO.UK
36228	SCHOFER PROPERTIES L.L.C	شوفر للعقارات ش.ذ.م.م			joerg@schofer.properties
34330	LIEB AND PARTNER REAL ESTATE L.L.C	ليب لند بارتنر للعقارات ذ.م.م			info@liebundpartner.com
39224	LENJAWI REAL ESTATE	لنجاوي للعقارات		44498466	Mdubai888@gmail.com
39017	QUINTESSENTIAL PROPERTIS L.L.C	كوينتيسينشل للعقارات ش.ذ.م.م			LABBEH1977@GMAIL.COMN
32387	CADA CASA REAL ESTATE L.L.C	كادا كاسا للعقارات ش.ذ.م.م			cadacasadxb@gmail.com
37698	BAYUT ALDAR REAL ESTATE L.L.C	بيوت الدار للعقارات ش.ذ.م.م			byoot.realestate11@gmail.com
28918	BARKLEY HOUSE REAL ESTATE	باركلي هاوس للعقارات			m.adil@consultant.com
35991	LA CHERIE REAL ESTATE L.L.C	لاشيري للوساطة العقارية ش.ذ.م.م		971-4-3414262	Arif14281.20@gmail.com
37216	RZR REAL ESTATE L.L.C	ار زد ار للعقارات ش.ذ.م.م			info@rzrrealty.com
38028	GREEN GATE REAL ESTATE L.L.C	جرين جيت للعقارات ش.ذ.م.م			sanijhawan@yahoo.com
39448	SAMIYAH AIZA MOHAMMED REAL ESTATE BROKERAGE L.L.C	ساميه ايزا محمد للوساطه العقارية ش.ذ.م.م			hisam.mujaheed@gmail.com
36777	NINE ESTATE PROPERTIES L.L.C	ناين ستيت للعقارات ش.ذ.م.م			Isaev-deni@list.ru
39923	AMM CAPITAL REAL ESTATE L.L.C	ايه ام ام كابيتال للعقارات ذ.م.م			aalimallekmm@yahoo.com
35862	DREAMERS REAL ESTATE BROKERS L.L.C	دريمرز للوساطة العقارية ش.ذ.م.م			Mohamabnabass@gmail.com
30360	RECOM REAL ESTATE	ريكوم للعقارات			office@asiadubai.com
39720	JRRP REAL ESTATE L.L.C	جيه ار ار بيه للعقارات ش.ذ.م.م			INFO@BEHINDTSCEN.COM
36226	SKELETON KEY PROPERTIES	سكيليتون كي للعقارات			NIMA.MAFEE@YAHOO.COM
38068	WINFORTH LUXURY REAL ESTATE BROKERAGE L.L.C	وينفورث لاكجري للوساطة العقارية ش.ذ.م.م			shelinadatoo@gmail.com
33915	ELEGANT ORYX REAL ESTATE L.L.C	ايليجنت اوركس للعقارات ش.ذ.م.م		45804883	eng.kareemmaged@gmail.com
32530	XCEED REAL ESTATE BROKERS L.L.C	اكسييد للوساطة العقاريه ش.ذ.م.م			Akram@xceeduae.com
36063	A R T REALTY REAL ESTATE L.L.C	ايه ار تي ريتلي للعقارات ش.ذ.م.م			maria@artrealty.ae
32782	ARANAX REAL ESTATE L.L.C	اراناكس للوساطة العقارية ش.ذ.م.م			Sheraz.ceoarana@gmail.com
39820	RUMISQUARE REAL ESTATE L.L.C	رومي سكوير للعقارات ش.ذ.م.م			manoj@politeoasists.com
34425	RUMAISA ASIF REAL ESTATE L.L.C	روميسه عاصف للعقارات ش.ذ.م.م			SAIFMAJEEDJR@GMAIL.COM
39357	DBA ADVISOR PROPERTIES L.L.C	دي بي ايه ادفايزر للعقارات ش.ذ.م.م			admin@dxbadvisor.com
25481	TASKEEN REAL ESTATE L.L.C	تسكين العقارية ش.ذ.م.م			ibrahim@bahmanigroup.com
37582	WILL AND RICH REALESTATE L.L.C	ويل اند ريج للوساطة ذ.م.م			wael.handous@willandrich.ae
37534	I N D GLOBAL REAL ESTATE L.L.C	اي ان دي جلوبال للعقارات ش.ذ.م.م			shahmeet286@gmail.com
38505	SKYLINE HOMES REAL ESTATE BROKER L.L.C	سكايلاين هومز للوساطة العقارية ش.ذ.م.م			aafaqaly18@gmail.com
39552	ELITE PRIVEE VACATION HOME RENTAL L.L.C	ايليت بريفي لتأجير بيوت العطلات ش.ذ.م.م			emiratesadvisors@gmail.com
38875	7EMIRATES REAL ESTATE BROKERS EST.	مؤسسة ٧إمريتس للوسطاء العقاريين		971-50-6074449	7emirates.reb@gmail.com
32883	PARKER & HILLS REAL ESTATE L.L.C	باركر اند هيلز للعقارات ش.ذ.م.م			dominik.horvath@parkerhills.ae
38497	NOOR ALSHUAA REAL ESTATE L.L.C	نور الشعاع للعقارات ش.ذ.م.م			ssyaseen5@gmail.com
36322	PENTA REALTY REAL ESTATE L.L.C	بينتا رياليتي للوساطة العقارية ش.ذ.م.م			rijukurian@hotmail.com
32200	HOME SELLER REAL ESTATE L.L.C	هوم سيلير للعقارات ش.ذ.م.م			Bkarabash@gmail.com
37124	BLUE VENTURES REAL ESTATE L.L.C	بلو فينتجرز للعقارات ش.ذ.م.م			hussain@blueventures.ae
34727	URBAN CITY REAL ESTATE	يوربان سيتي للعقارات			Abosultan3330@gmail.com
37011	FAB CONCEPT REAL ESTATE L.L.C	فاب كونسبت للعقارات ذ.م.م			sajeed.fabcre@gmail.com
37390	HORTON PROPERTIES L.L.C	هورتون للعقارات ذ.م.م			ceo@hortonproperties.ae
33635	VILLA ROSA REAL ESTATE BROKERAGE L.L.C	فيلا روزا للوساطة العقارية ذ.م.م			rabioo@hotmail.com
37952	AREEN ALASAD REAL ESTATE L.L.C	عرين الاسد للعقارت ش.ذ.م.م			zafi_shk@yahoo.com
30846	PRIME TOWN REAL ESTATE	برايم تاون للعقارات			ayoub@downtow-kw.com
35607	Z T F PROPERTIES L.L.C	زد تي اف للعقارات ش.ذ.م.م		45483614	mohsin_yusaf@yahoo.com
36169	SNS LUXURY PROPERTIES L.L.C	إس إن إس لكشري للعقارات ش.ذ.م.م			sarikashar@gmail.com
38511	AL NAHID PROPERTY SOLUTION L.L.C	الناهد للحلول العقارية ش.ذ.م.م			zafaryunus@gmail.com
37648	AYAX REAL ESTATE L.L.C	اياكس للعقارات ش.ذ.م.م		45575778	info@brightlinkconsulting.ae
38881	SEEDMAP REAL ESTATE BROKER L.L.C	سييدماب للوساطة العقارية ش.ذ.م.م			seedmaprealestate@gmail.com
38565	ROYAL VISIONARY HOME REAL ESTATE L.L.C	رويال فيجنري هوم للعقارات ش.ذ.م.م			homevisionary55@gmail.com
31304	E M A IMMOVABLES REAL ESTATE	اي ام ايه امموفابيل للعقارات			tatiana@decisivezone.ae
38908	G 1 REAL ESTATE BROKERS CO. L.L.C	جي ١ للوسطاء العقاريين شركة الشخص الواحد ذ.م.م		+971-506177757	contact@hamoodashalameri.com
34641	BHK PROPERTIES	بي اتش كيه بروبرتيز			ibo00@live.com
29175	HOME SOLUTIONS REALESTATE L.L.C	هوم سيليوشن للعقارات ش.ذ.م.م			muhib@writeme.com
37671	S K C REAL ESTATE L.L.C	اس كيه سي للعقارات ش.ذ.م.م			skcrealestatedubai@gmail.com
28682	LIFE HOUSE FOR REAL ESTATE BUYING & SELLING BROKERAGE	لايف هاوس للوساطة في بيع العقارات وشرائها			poulousalber.25@gmail.com
38162	EASY GO PROPERTIES L.L.C	ايزي جو للعقارات ش.ذ.م.م		971|521097601	mestico41@gmail.com
34393	S A V REAL ESTATE L.L.C	اس ايه في العقارية ش.ذ.م.م			stralevl87@gmail.com
32505	SMART ASSETS REAL ESTATE L.L.C	سمارت اسيتس للعقارات ش.ذ.م.م		400000000	haniadel73@hotmail.com
35060	GULF HOME REAL ESTATE L.L.C	جلف هوم للعقارات ش.ذ.م.م			gulfhomeinfo@gmail.com
27560	BAYT AL NASR REAL ESTATE	بيت النصر للعقارات			rajesh.ridlon@baytalnasr.ae
36371	BAIT AL SAHER PROPERTIES	بيت السحر للعقارات			Adnan.saeed7700@gmail.com
31814	GOLDSPOT PROPERTIES	جولد سبوت للعقارات			siddsal@yahoo.com
38014	SERRANO FOR REAL ESTATE BUYING & SELLING BROKERAGE L.L.C	سيرانو للوساطة في بيع العقارات وشرائها ش.ذ.م.م			Norhanbadr2273@gmail.com
32032	LAJ REAL ESTATE L.L.C	ال ايه جيه للعقارات ش.ذ.م.م			Barzanilawand10@gmail.com
35651	MOHAMED MIRZA REAL ESTATE L.L.C	محمد ميرزا للوساطة العقارية ش.ذ.م.م			
35377	RESCAPE PROPERTY L.L.C	ريسكيب بروبرتي ذ.م.م		558819476	pushpane@gmail.com
29391	VISION & MISSION REAL ESTATE	فيجن اند ميشن للعقارات			Shahrayar.alattar@hotmail.com
39503	DBROKER REAL ESTATE BROKERAGE L.L.C	دبركر للوساطة العقارية ش.ذ.م.م			harderw@gmx.de
31685	TAG REALTY REAL ESTATE BUYING & SELLING BROKERAGE L.L.C	تاق ريلتي للوساطة في بيع العقارات وشرائها ش.ذ.م.م			itt.hamid@gmail.com
37208	FUTURE DEAL REAL ESTATE L.L.C	فيوتشر ديل للعقارات ش.ذ.م.م			matoukmadjid16@yahoo.fr
39293	GOLD SEED REAL ESTATE L.L.C	جولد سيد للعقارات ذ.م.م			yovanni@gmail.com
33130	ASV REAL ESTATE L.L.C	ايه اس في للعقارات ش.ذ.م.م			artsushko1204@gmail.com
30387	ASENAT REAL SATATE BROKER	اسينات للوساطه العقارية			sellamihajer000@gmail.com
32094	MASID & MASID PROPERTIES	ماسيد & ماسيد للعقارات			fa8533@gmail.com
35555	FULL CUP REAL ESTATE L.L.C	فل كب للعقارات ش.ذ.م.م			natalin903@gmail.com
34369	NIKA REAL ESTATE BROKERS L.L.C	نيكا للوساطة العقارية ش.ذ.م.م			kalugadom1@GMAIL.COM
39039	ROYAL ZONE PROPERTIES	رويال زون للعقارات		43461919	raed@land-mark.ae
34389	IBTIKAR REAL ESTATE	ابتكار للعقارات			sami.lease@gmail.com
30004	ASASAT REAL ESTATE L.L.C	أساسات للعقارات ذ.م.م		505057379	mazenshb@hotmail.com
39021	OPTIMITY REAL ESTATE L.L.C	اوبتيميتي للعقارات ش.ذ.م.م		44579499	vishnu.khushalani@gmail.com
25235	MIHRAB INTERNATIONAL PROPERTIES L.L.C	محراب انترناشيونال للعقارات ش.ذ.م.م	www.mihrabproperties.com		Info@mihrabproperties.com
32594	CIARLA PROPERTIES - DUBAI BRANCH	شيارلا للعقارات - فرع دبي			mciarla@ciarlaproperties.com
34699	OTWO REAL ESTATE BROKER L.L.C	اوتوه للوساطة العقارية ش.ذ.م.م		43433309	asifzaidi07@gmail.com
39649	EVANTIS REALTY PROPERTIES L.L.C	يفانتيس ريالتي للعقارات ش.ذ.م.م			lalitarora1402@gmail.com
34702	DEJA VU REVE PROPERTIES L.L.C	ديجا فو ريفي للعقارات ش.ذ.م.م			RVSMSHDC@GMAIL.COM
33192	SQUAREA GULF REAL ESTATE L.L.C	سكويريا غلف للعقارات ذ.م.م		551033479	hr.dubai@squarea.io
35792	SKYBUILD REAL ESTATE L.L.C	سكاي بيلد للعقارات ش.ذ.م.م		971-04-3391929	pro@speedexgroup.ae
34057	YARO BEST REAL ESTATE L.L.C	يارو بست للعقارات ش.ذ.م.م		971-4-4096923	yarobestrealestatellc@gmail.com
36317	REGALIS REAL ESTATE BROKERAGE	ريغاليس للوساطة العقارية			aartigrover6@gmail.com
39225	AL FURQAN REAL ESTATE	الفرقان للعقارات			ALFURQANPROPERTY@GMAIL.COM
38506	FUTURE PLANET REAL ESTATE BUYING & SELLING BROKERAGE L.L.C	فيوتشر بلانيت للوساطة في بيع العقارات و شرائها ش.ذ.م.م			Akabd2295@gmail.com
31803	MUNIQ REAL ESTATE L.L.C	مونيك للعقارات ش.ذ.م.م			huseintayyoun@gmail.com
39339	G W T FOR REAL ESTATE BROKERAGE L.L.C	جي دبلو تي للوساطة العقارية ذ.م.م			Walid.eltair@gmail.com
39672	HEAVEN LIGHTS PROPERTIES L.L.C	هيفين لايتس بروبرتيز ذ.م.م			heavenlightsproperties@gmail.com
33991	1001 REAL ESTATE L.L.C	1001 للعقارات ش.ذ.م.م			DESERTFOXTYPING@GMAIL.COM
35247	K D K REAL ESTATE L.L.C	كيه دي كيه للعقارات ذ.م.م			kddxb1983@gmail.com
35941	ONYX IMMO REAL ESTATES	اونيكس ايمو للعقارات			affan.malik@outlook.fr
31096	NOOR ALAMAL REAL ESTATE L.L.C	نور الامل للعقارات ش.ذ.م.م			nooralamalrealestate@gmail.com
39941	WAEL MADI REAL ESTATE BROKERAGE L.L.C	وائل ماضي للوساطة العقارية ش.ذ.م.م		43940829	wlmadi@yahoo.com
39050	MOONVALE REAL ESTATE L.L.C	مونفيل للعقارات ذ.م.م			tony@moonvale.ae
39628	LANDWELL PROPERTIES	لاندويل للعقارات			info@landwell.ae
23258	BIN FARES REAL ESTATE	بن فارس للعقارات			rowadaljazera@hotmail.com
34008	ADAMCO REAL ESTATE BROKERS	ادامكو للوساطة العقاريه			Shinetamila@yahoo.com
32420	GOLDEN BRAND REAL ESTATE L.L.C	جولدن براند للعقارات ش.ذ.م.م		524741395	sathish@goldenbrandrealestate.com
33047	PV INTERNATIONAL REAL ESTATE L.L.C	بي في انترناشونال للعقارات ش.ذ.م.م			ricky.ingram@pvgroupinternational.com
35386	AIMROW REALTY L.L.C	ايمرو للعقارات ذ.م.م			shikarimshikari@gmail.Com
33193	MKAN PROPERTIES L.L.C	مكان للعقارات ش.ذ.م.م			mohammad.khalifa76@gmail.com
32263	REVI INFINITE HOME REAL ESTATE BROKER L.L.C	ريفي انفينيتي هوم للوساطة العقارية ش.ذ.م.م		971-04-4278014	mustansar.ahmed@revirealestatedevelopment.com
28111	ELITE HOMES REAL ESTATE BUYING & SELLING BROKERAGE	اليت هومز للوساطة في بيع العقارات وشرائها			taher.dola@yahoo.com
39841	LLV REAL ESTATE BROKERAGE L.L.C	ال ال في للعقارات ش.ذ.م.م		585880140	avishalom85@gmail.com
26860	T A Q GLOBAL PROPERTIES L.L.C	تي اي كيو جلوبال للعقارات ش.ذ.م.م	www.taqproperties.ae		taimur.acma@gmail.com
24229	T S H REAL ESTATE	تي اس اتش للعقارات			pro@shireengulf.ae
28461	ALMASA REAL ESTATE BROKER	الماسا للوساطة العقارية			abdsmid@gmail.com
37515	PRIME LAND REAL ESTATE L.L.C	برايم لاند للعقارات ش.ذ.م.م			mohabf@primeland.biz
38193	LICORNE REAL ESTATE L.L.C	ليكورن للعقارات ش.ذ.م.م			LICORNEREALESTATE@GMAIL.COM
39644	REALTORS SQUARE REAL ESTATE L.L.C	ريلتورز سكوير للعقارات ش.ذ.م.م			adnan.naadeem@gmail.com
38642	GREY CIRCLES PROPERTIES L.L.C	قري سيركلز للعقارات ش.ذ.م.م			SALMAN.KHAN.GAAD@GMAIL.COM
37564	A D S REAL ESTATE L.L.C	ايه دي اس للعقارات ش.ذ.م.م			Datta.sathe830@gmail.com
37926	ENGAGE ESTATES PROPERTY BROKERAGE L.L.C	انقيج استيتس للوساطة العقارية ش.ذ.م.م			taher@misar.ae
38893	PARKFIELDS REAL ESTATE L.L.C	بارك فيلدز للعقارات ش.ذ.م.م			kamran@precedeme.com
37859	STRUINS REAL ESTATE BUYING AND SELLING BROKERAGE	ستروينز للوساطة في بيع العقارات وشرائها			pleasewritealex@gmail.com
39977	WOLT PROPERTIES L.L.C	وولت للعقارات ش.ذ.م.م	https://woltproperties.com/		rijad123@gmail.com
36853	DELTA GLOBAL PROPERTIES L.L.C	ديلتا جلوبال للعقارات ش.ذ.م.م			nias.ahamad@gmail.com
37948	AL MISAK REAL ESTATE L.L.C	الميساك للعقارات ذ.م.م			admin@almisak.com
38967	ANGEL STAR LAND PROPERTIES	أنجل ستار لاند للعقارات			shaikhimran4490@gmail.com
37845	PRITZKER REAL ESTATE L.L.C	برايزكر للعقارات ش.ذ.م.م			jenny_li@pangulfintl.com
35950	BETTERWAY MORTGAGE BROKER EST.	مؤسسة وسيط رهن عقاري بتروي		971-52-4594915	wardacapadia@gmail.com
30965	BAB AL HIDAYA PROPERTIES	باب الهدايا للعقارات			babalhidayaproperties@gmail.com
35437	LUCKY LAND REAL ESTATE L.L.C	لاكي لاند للعقارات ش.ذ.م.م			Jessieyang825@gmail.com
37651	SUMEERA HOMES REAL ESTATE BROKERS L.L.C	سميرة همس للوسطاء العقاريين ذ.م.م			sumeerahomes@gmail.com
36500	APOELEZZ REAL ESTATE L.L.C	ابوليز للعقارات ش.ذ.م.م			karim.apoelezz@gmail.com
33050	KAZOYE REAL ESTATE L.L.C	كازوي للعقارات ش.ذ.م.م			Ghazala_kazmi@yahoo.com
37941	AVALON CAPITAL REAL ESTATE BROKERAGE	افالون كابيتال للوساطة العقارية			yura.dolotov@gmail.com
38946	WESTFORT REALTORS REAL ESTATE L.L.C	ويستفورت ريلترس للعقارات ش.ذ.م.م			knjiju@gmail.com
39629	DAL REAL ESTATE L.L.C	دال للعقارات ذ.م.م		42688750	mahmood.omari.uae@gmail.com
39368	THE NOBLE KEY REAL ESTATE L.L.C	ذا نوبل كي للعقارات ش.ذ.م.م			kaleemk681@gmail.com
39019	WEALTHCRAFT REAL ESTATE L.L.C	ويلذكرافت للعقارات ش.ذ.م.م			akramahmedwealth@gmail.com
39373	EUPHORIA PROPERTIES L.L.C	يوفوريا للعقارات ش.ذ.م.م			sahilk1@hotmail.com
37139	TAKAFUL REAL ESTATE	تكافل العقارية			f9nasser@yahoo.com
39933	GOLDEN LEVELUP PROPERTIES L.L.C	جولدن ليفيل اب للعقارات ش.ذ.م.م			HANIEH.RASHVAND@GMAIL.COM
39808	FORTUVOX REALESTATE L.L.C	فورتوفوكس للعقارات ش.ذ.م.م			Monicka.mandannaa@gmail.com
38762	WIDE OCEAN PROPERTIES L.L.C	وايد أوشن للعقارات ش.ذ.م.م			falmansa@almansa.pro
31724	BRICKBARN REAL ESTATE	بريكبارن للوساطه العقاريه			Danieldino800@outlook.com
39447	HABITAT HOMES REAL ESTATE L.L.C	هابيتات هومز للعقارات ش.ذ.م.م	www.habitathomes.ae		info@habitathomes.ae
34186	RAWAD ALKHALEEJ REAL ESTATE	رواد الخليج للعقارات			rawadalkhaleej@gmail.com
32794	QUALITY LIVING REAL ESTATE L.L.C	كواليتي ليفنج للعقارات ش.ذ.م.م			nassim.b@qualitylivingre.com
34781	TWENTY THREE REAL ESTATE L.L.C	تونتي ثري للعقارات ذ.م.م			infoturuk@gmail.com
34193	ACTIVE WORLD PROPERTIES L.L.C	اكتيف وورلد للعقارات ش.ذ.م.م			activeworldproperties@gmail.com
39307	DOVER HOMES REAL ESTATE L.L.C	دوفر هومز للعقارات ش.ذ.م.م			uzman@doverhomes.ae
28724	CIRCLE POINT REAL ESTATE	سيركل بوينت للعقارات			Maqsood.circlepoint@gmail.com
38342	R D BROS PROPERTIES L.L.C	ار دي بروز للعقارات ش.ذ.م.م			rj@rdbrothers.com
33634	H M A PROPERTIES	اتش ام ايه للعقارات			hmaproperties01@gmail.com
38373	A S J AVENUE REAL ESTATE L.L.C	اس ايه جيه افينيو للعقارات ذ.م.م			astrid0892@gmail.com
39957	EKM REAL ESTATE	اي كيه ام العقارية		43235832	aljohara.brokers@gmail.com
32534	VERITAS REAL ESTATE L.L.C	فريتاس للعقارات ش.ذ.م.م			Mousakurd3@gmail.com
34957	SMART STAR PROPERTY L.L.C	سمارت ستار للعقارات ش.ذ.م.م			ehssan@scpm.ae
37003	LUXURIOUS LIFE PROPERTIES L.L.C	لكجيريس لايف للعقارات ش.ذ.م.م		971-4-4486263	rjrizz888@gmail.com
38470	DIA PROPERTIES L.L.C	دي اي أيه العقارية ش.ذ.م.م			yerebatan2023@gmail.com
30300	BARON AND BARON REAL ESTATE	بارون اند بارون للعقارات			shakeel.akhtar01@googlemail.com
35346	REALTY HOMIST REAL ESTATE BROKER L.L.C	ريلتي هوميست للوساطة العقارية ش.ذ.م.م			contact@homist.ae
34902	DREAM COAST REAL ESTATE L.L.C	دريم كوست للعقارات ش.ذ.م.م		971507280744	edconti@hotmail.com
33128	GEG SRL REAL ESTATE L.L.C	جي اي جي اس ار ال للعقارات ش.ذ.م.م			andrea@the-d.it
39682	ECOLIVING REAL ESTATE L.L.C	ايكو ليفينج للعقارات ذ.م.م			mdkaium2010@gmail.com
35657	JAYAL HOMES REAL ESTATE L.L.C	جايال هومز للعقارات ش.ذ.م.م			jayalhome@gmail.com
34755	ROYAL HERITAGE REALTY L.L.C	رويال هيريتج للعقارات ذ.م.م			sanjumk@gmail.com
38487	THE BUYERS CIRCLE REAL ESTATE L.L.C	ذا بايرز سيركل للعقارات ذ.م.م			ymohamdi@gmail.com
27213	AL NUKHBA AL MALAKYAH REAL ESTATE	النخبة الملكية للعقارات			eng.hussain.s.aledany@gmail.com
32725	MASAKEN LUXURY REAL ESTATE MANAGEMENT L.L.C	مساكن لاكجري لإدارة العقارات ش.ذ.م.م			creativelinkservice@gmail.com
34224	MOHAMED & ALI ELKHOULY REAL ESTATE L.L.C	محمد و علي الخولي للوساطة العقارية ش.ذ.م.م			ali3272727@gmail.com
39956	A Z L REAL ESTSTE L.L.C	ايه زد ال للعقارات ش.ذ.م.م			duniaalreesh68@gmail.com
39394	FORTRESS REAL ESTATE BROKERAGE L.L.C	فورتريس للوساطة العقارية ش.ذ.م.م			salmanbinwaris@gmail.com
35238	LUXE NAUTILUS REALTY L.L.C	لاكس نوتليس للعقارات ش.ذ.م.م			mayaadh.vme@gmail.com
35307	DISTRICT CAPITAL PROPERTIES L.L.C	ديستركت كابيتال للعقارات ش.ذ.م.م			87rashadali@gmail.com
37353	LASE PROPERTIES L.L.C	ليس للعقارات ش.ذ.م.م			gm@laseproperties.com
35880	HARVEN REALTORS L.L.C	هارفين للعقارات ش.ذ.م.م			seema.theta@gmail.com
34903	V G T REAL ESTATE L.L.C	في جي تي للعقارات ش.ذ.م.م		48731001	info@vgtproperties.com
33359	SYED REALTY REAL ESTATE L.L.C	سيد ريلتي للعقارات ش.ذ.م.م			syedmohammedrahman@gmail.com
29205	RESSAN REAL ESTATE L.L.C	ريسان للعقارات ذ.م.م		43999927	RessanRealEstate@gmail.com
30141	AL WASIQ REAL ESTATE BROKER L.L.C	الواثق للوساطة العقارية ش.ذ.م.م		565901228	Ahm.tawfik89@gmail.com
36636	AL RAKHA REAL ESTATE L.L.C	الرخاء العقارية ش.ذ.م.م			Naseeralaby@yahoo.co.uk
35727	ACRES AND SQUARE REAL ESTATE L.L.C	اكريس اند سكوير للعقارات ش.ذ.م.م			info@conceptechnologies.com
34154	E V A L REAL ESTATE L.L.C	اي في ايه ال للعقارات ش.ذ.م.م			info@evalrealestate.ae
38180	ALJAWHARA REAL ESTATE BROKERAGE L.L.C	الجوهرة للوساطة العقارية ش.ذ.م.م			a.najjaar800@gmail.com
39545	SAMIEH PROPERTIES L.L.C	ساميه العقارية ذ.م.م			firoozisamieh@gmail.com
37242	ASKCO REAL ESTATE L.L.C	اسكو للعقارات ش.ذ.م.م		971-50-8787245	aamiraskco@gmail.com
38827	AL AZM REAL ESTATE	العزم للعقارات			e_black@outlook.com
37673	SIDO PROPERTIES L.L.C	سيدو للعقارات ش.ذ.م.م			maabed@sido.ae
37661	BAY AVENUE REAL ESTATE L.L.C	باي افينيو للعقارات ش.ذ.م.م			PINDENT@GMAIL.COM
35803	SANTORINI REAL ESTATE L.L.C	سانتوريني للعقارات ذ.م.م			santoroni.re@gmail.com
32401	IQ SMART REALTY REAL ESTATE L.L.C	اي كيو سمارت رياليتي للعقارات ش.ذ.م.م			iqrealtydubai@gmail.com
38949	Etemad real state	اعتماد للعقارات		565907446	Aishaalhasjimi2016@gmail.com
39468	SEVEN SANDS REAL ESTATE BROKERS L.L.C	سفن سندس للوسطاء العقاريين ش.ذ.م.م		585637277	sevensandsre@gmail.com
38384	ROYAL HIGH REAL ESTATE L.L.C	رويال هاي للعقارات ش.ذ.م.م		525617860	dua.bhat99@gmail.com
37563	VISEL PROPERTIES L.L.C	فيسزل للعقارات ش.ذ.م.م			srshaihadad@gmail.com
38860	KAMANI LIVING REAL ESTATE L.L.C	كاماني ليفينج للعقارات ش.ذ.م.م			mohit@umarkamani.net
32981	UNIQUE CHOICE REAL ESTATE BROKERAGE	يونيك شويس للوساطة العقارية			ilona-pavlovskaya@mail.ru
37690	AVIN PLUS REAL ESTATE L.L.C	افين بلاس للعقارات ذ.م.م			negar.basirat@icloud.com
37521	ROOTS LINE REAL ESTATE BROKERAGE L.L.C	روتس لاين للوساطة العقارية ش.ذ.م.م			abd.faouri65@gmail.com
38810	T M E REAL ESTATE L.L.C	تي ام ايه للعقارات ذ.م.م			nicole@tme-services.com
39131	AMCA PROPERTIES L.L.C	ايه ام سي ايه للعقارات ش.ذ.م.م			sadiquenadeem92@gmail.com
37007	FUTURE OUTLINE REAL ESTATE L.L.C	فيوتشر آوتلاين للعقارات ش.ذ.م.م			mohmedsyr85@hotmail.com
38362	ENARA PROPERTIES	إناره بروبرتيز			nidhi.tomar@yahoo.co.uk
35959	LA CAPITALE DOWN TOWN REAL ESTATE BROKER L.L.C	لا كابيتالي داون تاون للوساطة العقارية ش.ذ.م.م			pankaj@lcdubai.com
33857	H N H REAL ESTATE BROKERAGE L.L.C	اتش ان اتش للوساطة العقارية ش.ذ.م.م			hichemhamza05@gmail.com
23096	LUXURY DREAM HOMES REAL ESTATE L.L.C	لكسوري دريم هومز للعقارات ش.ذ.م.م			Umarguluae@gmail.com
33691	THARMDA REAL ESTATE	ثرمداء العقارية		567552722	alaalolo389@hotmail.com
38027	REHOLT REAL ESTATE L.L.C	ريهولت للعقارات ش.ذ.م.م			shahidnadeem9540@gmail.com
36187	HOPERTY REAL ESTATE L.L.C	هوبرتي للعقارات ذ.م.م			Hassan.shah@hoperty.ae
38324	ANVA PROPERTIES L.L.C	ايه ان في ايه بروبرتيز ش.ذ.م.م	www.anva-group.com		realestate@anva-group.com
39714	ALZAWIA PROPERTIES L.L.C	الزاوية للعقارات ش.ذ.م.م			kabirmajid@yahoo.com
37695	Y O H REAL ESTATE BUYING AND SELLING BROKERAGE L.L.C	واي او اتش للوساطة في بيع العقارات وشرائها ش.ذ.م.م			eng.mito55@gmail.com
36414	A S W A PROPERTIES L.L.C	ايه اس دبليو ايه للعقارات ش.ذ.م.م			walidelhi786@gmail.com
33852	LEPAX REAL ESTATE L.L.C	ليباكس للعقارات ش.ذ.م.م			MOSTAFAELWAKEL325@GMAIL.COM
28150	STRIVE REAL ESTATE L.L.C	سترايف للعقارات ش.ذ.م.م	www.strive-properties.com		ali@strive-properties.com
38173	AYOUB ELITE ESTATES L.L.C	ايوب ايليت العقارية ش.ذ.م.م		971|503103106	CONTRACTS@AYOUBANDCO.COM
33313	GALAXY SHINE REAL ESTATE MANAGEMENT L.L.C	جالكسي شاين لخدمات الإشراف الإداري للعقارات ذ.م.م			kartik.katit23@gmail.com
37167	EARLY BIRD REAL ESTATE L.L.C	ايرلي بيرد للعقارات ش.ذ.م.م			Zohaibsaleem53@gmail.com
35018	NEST HUNTERS REAL ESTATE L.L.C	نيست هانترز للعقارات ش.ذ.م.م			nhgulf@gmail.com
39592	JABAL SANNINE REAL ESTATE L.L.C	جبل صنين للعقارات ش.ذ.م.م			m128c@hotmail.com
34715	HOMETRACK REAL ESTATE L.L.C	هوم تراك للعقارات ش.ذ.م.م			info@hometrack.ae
34658	S K A I PROPERTIES L.L.C	اس كيه ايه آي للعقارات ش.ذ.م.م			shawnkhu@gmail.com
39125	WORLDWISE REAL ESTATE L.L.C	وورلد وايز للوساطة العقارية ذ.م.م			info@worldwise.pro
34830	IMPERIAL STAR REAL ESTATE L.L.C	امبيريال ستار للعقارات ش.ذ.م.م			AARIF.PANJWANI@GMAIL.COM
37552	JULFAR REAL ESTATE L.L.C	جلفار للعقارات ش.ذ.م.م			rahim@julfarre.com
39575	IMPERIAL HOUSE PROPERTIES L.L.C	امبريال هاوس للعقارات ذ.م.م			marianalutsivmariana@gmail.com
37470	MONDUS PROPERTIES L.L.C	موندوس بروبرتيز ش.ذ.م.م			khatridiksha6@gmail.com
34502	SFS INTERNATIONAL REAL ESTATE L.L.C	اس اف اس انترناشونال للعقارات ش.ذ.م.م			sfsintrealestate@gmail.com
38713	A AND S REAL ESTATE L.L.C	اية اند اس للعقارات ذ.م.م			bacha.sara@gmail.com
38815	REKAZ AL DAR PROPERTIES L.L.C	ركاز الدار للعقارات ذ.م.م			Dubai_m90@hotmail.com
30035	TRILLIONAIRES PROPERTIES	تريليونيرز للعقارات			ayman_jbara@live.com
35100	ARMIZONOVA REAL ESTATE L.L.C	أرميزونوفا للعقارات ش.ذ.م.م			armizonova.real@gmail.com
37611	ELITE LINE REAL ESTATE L.L.C	اليت لاين للعقارات ش.ذ.م.م			fetouh_yousef@yahoo.com
32776	JUNE PROPERTY	جون للعقارات			Adubai64@hotmail.com
36948	D I Y I REAL ESTATE L.L.C	دي اي واي اي للعقارات ش.ذ.م.م			penggao2002@gmail.com
33523	PROACTIVE REALTY	برواكتيف للعقارات			rehan293@gmail.com
39594	EASY MOVE REAL ESTATE L.L.C	ايزي موف للعقارات ش.ذ.م.م			ABED.KURDIEH@OUTLOOK.COM
39272	AMAZING HOMES REAL ESTATE L.L.C	اميزينغ هومز للعقارات ش.ذ.م.م			suhaib@amazinghomesdubai.com
31838	NAIMAT REAL ESTATE	نعمت للعقارات			ammar@bizgatebss.com
33839	EDEN HOMES REAL ESTATE BROKERS	ايدن هومز للوساطة العقارية			agents@edenhomes.ae
37749	AP 2 REAL ESTATE L.L.C	ايه بي 2 للعقارات ذ.م.م			ag@grachev.info
35483	ZONE 24 PROPERTIES L.L.C	زون 24 للعقارات ش.ذ.م.م			deepika@zone24.ae
25271	AL GHUBAIBA REAL ESTATE BROKERS	الغبيبة للوساطة العقارية			mo_alreyashi@hotmail.com
39046	IMPERIAL WAY REAL ESTATE	امبريال واي للعقارات		44495391	dar_imperial_trading@yahoo.com
38945	ANVI 777 REAL ESTATE L.L.C	انفيا 777 للعقارات ذ.م.م			anvi777realestate@gmail.com
39249	STELLAR M A REAL ESTATE L.L.C	استيلر ام ايه للعقارات ش.ذ.م.م			abir.moussalb@gmail.com
35082	DOWNTOWN REALITY REAL ESTATE BROKERAGE L.L.C	داون تاون ريلتي للوساطة العقارية ش.ذ.م.م			abdullah@teleworld.ae
34005	R M A REAL ESTATE L.L.C	ار ام ايه للعقارات ش.ذ.م.م			emah0012@gmail.com
34799	BONUM REALTY L.L.C	بونوم للعقارات ش.ذ.م.م			bonum.realty@gmail.com
37912	AL BENAA AL FAKHR REAL ESTATE BROKER L.L.C	البناء الفاخر للوساطة العقارية ش.ذ.م.م			Albenaaalfakhrrealestate@gmail.com
31109	ROYAL MAJESTIC REAL ESTATE L.L.C	رويال ماجيستيك للعقارات ذ.م.م	www.royalmajestic.ae	971-04-4494200	hadizadeh@royalmajestic.ae
37927	ALBURJ PROPERTIES CO. L.L.C (BRANCH)	شركة البرج العقارية ذ.م.م (فرع)			Jabbar@alburj.ae
39866	S A B REAL ESTATE L.L.C	اس اي بي للعقارات ذ.م.م			Bassel.gounaid@gmail.com
38892	Q M Q REAL ESTATE L.L.C	كيو ام كيو للعقارات ش.ذ.م.م			qaiser@gmail.com
37914	THE ARK REAL ESTATE BROKERAGE L.L.C	ذا ارك للوساطة العقاريه ذ.م.م		55252673	Abraham.oadegbola@gmail.com
27817	GUIDE ME PROPERTIES	جايد مي للعقارات			fazmin.jumeirah@gmail.com
38787	KIKI HOMES REAL ESTATE	كيكي هومز للعقارات			okikiolaadebowale@kikihomes.biz
35108	ARADA REAL ESTATE L.L.C	عراده للعقارات ش.ذ.م.م		42406167	zakaria.balouch@yahoo.com
39624	BOOMING REAL ESTATE L.L.C	بومينغ للعقارات ش.ذ.م.م			info@boomingrealestates.com
39550	DELIGHTFUL HOMES REAL ESTATE BROKERAGE L.L.C	ديلايتفل هومز للوساطة العقارية ش.ذ.م.م			yasirkh80@gmail.com
39608	CANTERRA PROPERTIES L.L.C	كانتيرا للعقارات ش.ذ.م.م			tulipway@gmail.com
33323	CLOUD CONTINENTAL REAL ESTATE	كلاود كونتيننتال للعقارات			aneeta.vitus@gmail.com
39696	VISION HEIGHTS PROPERTIES L.L.C	فيجن هايتس للعقارات ذ.م.م			visionheightsprop@gmail.com
38765	PROXIMITY ESTATES L.L.C	بروكسيمتي للعقارات ش.ذ.م.م			ceo@proximityestates.com
33528	1188 STATE REALTYS L.L.C	1188 للعقارات ش.ذ.م.م			1188state@mailinator.com
35787	SIENNA REAL ESTATE L.L.C	سيينا للعقارات ش.ذ.م.م			raymondbayssari@protonmail.com
35776	MOORE LAW FIRM REAL ESTATE L.L.C	مور لاو فيرم للعقارات ش.ذ.م.م	www.mooremichel.com		melina@mooremichel.com
35128	DOO ME PROPERTY BROKER L.L.C	دوو مي للوساطة العقارية ش.ذ.م.م		45878393	wenbouae@gmail.com
38574	B I A REAL ESTATE L.L.C	بي اي ايه للعقارات ش.ذ.م.م			bia.uae23@gmail.com
39510	AGHA ONE REAL ESTATE BROKERAGE L.L.C	أغا وان للوساطة العقارية ش.ذ.م.م			mareekhalila22@gmail.com
39379	YOUJIA REAL ESTATE BROKER L.L.C	يوجيا للوساطة العقارية ش.ذ.م.م			dxl18642523533@gmail.com
36411	M U B A S A REAL ESTATE L.L.C	ام يو بي ايه اس ايه للعقارات ش.ذ.م.م			mohd_315@hotmail.com
39615	MOHAMED AMMAR REAL ESTATE BROKERS	محمد عمار للوساطه العقارية		545003044	ceonewbuild@gmail.com
34929	TRIPLEM REAL ESTATE BROKERAGE L.L.C	تريبل ام للوساطة العقارية ش.ذ.م.م			musadiq_mhoma@yahoo.com
37777	GOLDMARK AVENUE REAL ESTATE L.L.C	جولد مارك أفينيو للعقارات ذ.م.م			onlyakshatgupta@gmail.com
38882	ILAVIRA PRESTIGE REAL ESTATE BROKERAGE L.L.C	الفير برستيج للوساطة العقارية ش.ذ.م.م			ilyademidov7975@gmail.com
27809	AQUA PROPERTIES L.L.C (BRANCH)	اكوا العقارية ش.ذ.م.م (فرع)			info@aquaproperties.com
33956	Z E N REAL ESTATE L.L.C	زد اي ان للعقارات ش.ذ.م.م			msarbisheh@hotmail.com
28856	SHUKRAN REAL ESTATE	شكرا للوساطة العقارية			imranaftab943@gmail.com
37594	BOND JS PROPERTIES L.L.C	بوند جيه اس للعقارات ش.ذ.م.م			jtruffaut@free.fr
31613	NEU REAL ESTATE L.L.C	نيوو للعقارات ش.ذ.م.م			muhammad.y@tgholding.com
37854	AUTOGRAPH BY DEJA VU REAL ESTATE BROKER L.L.C	اوتوجراف ديجا فو للوساطة العقارية ش.ذ.م.م			sa@dejavuproperties.com
36651	BLITS PROPERTIES	بليتز للعقارات	https://www.blitsproperties.com	504666907	agent@blitsproperties.com
30909	FINBUDDYS REAL ESTATE L.L.C	فينبيديز للعقارات ش.ذ.م.م		971-04-5594600	manoj@finbuddys.com
39643	FEDERAL FOR REAL ESTATE BUYING & SELLING BROKERAGE CO. L.L.C	الاتحاديه للوساطة في بيع العقارات وشرائها شركة الشخص الواحد ذ.م.م			mayeed@live.com
27794	SOOR REAL ESTATE BROKERS L.L.C	سور للوساطة العقارية ش.ذ.م.م			info@soor.ae
36003	DELIEVA REAL ESTATE L.L.C	ديليفا للعقارات ش.ذ.م.م			aminatdelieva2016@gmail.com
26195	ROYAL OAK PROPERTIES L.L.C	رويال اوك للعقارات ش.ذ.م.م			atherhashmi1963@gmail.com
39171	T R E A REAL ESTATE L.L.C	تي ار اي ايه للعقارات ذ.م.م			samadean12@gmail.com
39688	888 REAL ESTATE L.L.C	888 للعقارات ش.ذ.م.م			Info@888realestate.ae
39694	ZAHID KENT PROPERTIES L.L.C	زاهد كينت للعقارات ش.ذ.م.م			zahidomerkent@hotmail.com
38831	OYO LIVING REAL ESTATE L.L.C	او واي او ليفنج للعقارات ذ.م.م			niyas.saifudheen@oyorooms.com
39958	H O P PROPERTIES	اتش او بي للعقارات			havenproperties.ae@gmail.com
39668	NEVSKY REALTY REAL ESTATE BROKER L.L.C	نيفسكاي للوساطة العقارية ش.ذ.م.م			nevskydubai@gmail.com
35167	R V N PROPERTIES	ار في ان العقارية			info@rvnproperties.com
39773	CAMDEN PROPERTIES L.L.C	كامدن للعقارات ذ.م.م			Safsalsm1@gmail.com
35538	MARINA PEARL REAL ESTATE MANAGEMENT L.L.C	مارينا بيرل لادارة العقارات ش.ذ.م.م			marina@satcorp.ae
37920	PREMIEREX REAL ESTATE L.L.C	بريميريكس للعقارات ش.ذ.م.م			firosabu@outlook.com
38471	LOCKE LIFESTYLE PROPERTIES L.L.C	لوك لايف استايل للعقارات ش.ذ.م.م			info@lockelifestyle.com
39190	INDEX BERRY REAL ESTATE L.L.C	إندكس بيري للعقارات ذ.م.م			accounts@indexemirates.com
32092	A H ALRUSTAMANI REAL ESTATE	ايه اتش الرستماني للعقارات			rustmani@eim.ae
39330	NAWAFEZ REAL ESTATE L.L.C	نوافذ العقارية ش.ذ.م.م			info@nawafezrealestate.com
37923	META LAND REAL ESTATE L.L.C	ميتا لاند للعقارات ش.ذ.م.م			Lana.diditska.re@gmail.com
34886	GOLDEN PRIME PROPERTY L.L.C	جولدن برايم للعقارات ش.ذ.م.م			goldenprime170@gmail.com
35267	ESSAY GLOBAL PROPERTIES L.L.C	ايساي غلوبال للعقارات ذ.م.م			syedakbar0905@gmail.com
37827	ELORA PROPERTIES L.L.C	إلورا للعقارات ش.ذ.م.م			kahmed3906@gmail.com
38635	AG ONE REALTY L.L.C	ايه جي ون رياليتي ش.ذ.م.م			jmkhayyat@gmail.com
28539	CABANA REAL ESTATE BROKER	كابانا للوساطة العقاريه			abhik1611@gmail.com
39764	FNM PROPERTIES L.L.C	اف ان ام بروبرتيز ش.ذ.م.م			Moh.kurdi@outlook.com
35335	PLM LIVING REAL ESTATE BROKERAGE L.L.C	بيه ال ام ليفينج للوساطة العقارية ش.ذ.م.م		585255290	info@maisonnumber3.com
37614	INFRATECH REALTY L.L.C	إنفراتيك للعقارات ش.ذ.م.م			Ashi1727@gmail.com
37520	THIMAR ALMADINA REAL ESTATE L.L.C	ثمار المدينة للعقارات ذ.م.م			adil@aeia.ae
36047	AL HOOT AL ABYAD REAL ESTATE L.L.C	الحوت الابيض للعقارات ذ.م.م			yaman@aftalgroup.com
37599	LUCE CHE REAL ESTATE	لوسي شي للعقارات		561624093	luce@luce-che.com
35187	SKY HAVEN REAL ESTATE L.L.C	سكاي هافن للعقارات ش.ذ.م.م		42384112	operations@maleyatproperties.com
32494	INTERMARK REAL ESTATE L.L.C	انترمارك للعقارات ش.ذ.م.م			irina.m@intermark.global
35439	SANDRIN PROPERTIES LLC	ساندرين للعقارات ش.ذ.م.م			shaha15s@yahoo.com
28888	MIVA REAL ESTATE	ميفا للعقارات		557860987	sumit@startanybusiness.ae
34838	FIN INVEST BUYING AND SELLING REAL ESTATE BROKERAGE L.L.C	فين انفيست للوساطة في بيع وتأجير العقارات ش.ذ.م.م		509455797	ppersoon@dubaiplatinum.com
26550	THE BRIDGE REAL ESTATE	ذا بريدج للعقارات		971|589989290	Jalalabod@hotmail.com
27750	PROTEK REAL ESTATE LLC	بروتيك للعقارات ش ذ م م		42202772	N.AHMED61@OUTLOOK.COM
38878	ALJADA ALASHRA REAL EASTATE L.L.C	الجادة العاشرة للعقارات ش.ذ.م.م			mazen129755@hotmail.com
32351	BEACH & SAND PROPERTIES L.L.C	بيتش & ساند للعقارات ذ.م.م			sachinbadlani6@gmail.com
37408	ALAA OMAR REAL ESTATE	علاء عمر للعقارات			alisaher445566@gmail.com
36094	SHERIDAMA REAL ESTATE L.L.C	شيريداما للعقارات ش.ذ.م.م			hello@sheridama.com
25280	ABDULAZIZ ALTAMIMI REAL ESTATE	عبدالعزيز التميمي للعقارات		4000000	Ehlali.nada@gmail.com
38219	RAEL DEAL FOR REAL ESTATE BUYING & SELLING BROKERAGE EST.	مؤسسة ريلديل للوساطة في بيع العقارات وشرائها		971507575105	info@realdeal.ae
38553	MY BRO REAL ESTATE	ماي برو للعقارات			Ranjhanaveed07@gmail.com
35338	NASTYA DOCS FOR REAL ESTATE BUYING & SELLING BROKERAGE L.L.C	ناستيا دكس للوساطة في بيع العقارات وشرائها ش.ذ.م.م			inbox@nastyadocs.ae
35980	GLORY HOMES REAL ESTATE L.L.C	جلوري هومز للعقارات ذ.م.م			quayyum@itsbd.org
39453	TURESTA INTERNATIONAL REALTY L.L.C	توريستا انترناشونال للعقارات ش.ذ.م.م			support@radiantbiz.com
34040	MRLAND PROPERTIES L.L.C	مرلاند للعقارات ش.ذ.م.م		0	Mrlandmarkromanov@gmail.com
35192	BUYOWN HOUSE PROPERTIES L.L.C	باي اون هاوس للعقارات ش.ذ.م.م			dm@buyown.house
27082	NORD 25 REAL ESTATE	نورد 25 للعقارات		555535714	akshay@nord25.com
38698	MAC MILLAN TRUST REAL ESTATE L.L.C	ماك ميلان تراست للعقارات ش.ذ.م.م			mehrdad.hessabi@icloud.com
30574	BAB AL WARQA PROPERTIES	باب الورقاء للعقارات			md@babalwasalgroup.com
30590	GRAND AVENUE REAL ESTATE	جراند افنيو للعقارات			grand.avenuerealestate@hotmail.com
39105	LER REAL ESTATE L.L.C	ال اي ار للعقارات ش.ذ.م.م			sales@lerestate.com
39626	S S R PROPERTIES L.L.C	اس اس ار للعقارات ش.ذ.م.م			Ssyed8909@gmail.com
36946	THORNBERRY REAL ESTATE L.L.C	ثورنبيري للعقارات ش.ذ.م.م			welcome@efirst.ae
38677	PRIME STAR REAL ESTATE L.L.C	برايم ستار للعقارات ش.ذ.م.م			info@primestar-realestate.com
33476	JAWAHER ALDAR REAL ESTATE L.L.C	جواهر الدار للعقارات ذ.م.م			hadeeba.abbass93@gmail.com
37528	FIVE DUNES ESTATE REAL ESTATE BROKER L.L.C	فايف دينس للوساطة العقارية ش.ذ.م.م			Shaklein.dv@mail.ru
34094	REALTY ADVICE REAL ESTATE BROKERAGE L.L.C	ريالتي ادفايس ببوساطة العقارية ش.ذ.م.م			frolsotskov@gmail.com
30953	AUXILIUM REAL ESTATE	أكسيليوم للعقارات			ankitjainca2006@gmail.com
38239	LUXE LIVING REALTY L.L.C	لوكس ليفينق للعقارات ش.ذ.م.م			vp@luxeliving.ae
34752	ICONIC CORE REAL ESTATE BROKERAGE L.L.C	ايكونك كور للوساطة العقارية ذ.م.م			alin17780@gmail.com
39068	S F HOMES REAL ESTATE L.L.C	اس اف هومز للعقارات ش.ذ.م.م			Shamy43210@gmail.com
38058	PLATA REAL ESTATE L.L.C	بلاتا للعقارات ش.ذ.م.م			platarealestate@gmail.com
31941	TOMORROW LAND REAL ESTATE L.L.C	تومورو لاند للعقارات ش.ذ.م.م			lucme3@yahoo.com
37485	REVER GRAND PROPERTIES L.L.C	ريفير قراند للعقارات ش.ذ.م.م			s.simrann@outlook.com
29517	UMER AL SAHAB PROPERTIES	عمر الصحاب للعقارات			umerabbasi786@gmail.com
33308	MOVEMENT UP REAL ESTATE	موفمينت اب للعقارات			ANNIKOLPA@GMAIL.COM
35468	NO LIMITS REAL ESTATE BROKERAGE L.L.C	نو ليمتس للوساطة العقارية ش.ذ.م.م			Ammarbaddour96@hotmail.com
25816	T R D L REAL ESTATE	تي ار دي ال للعقارات		508071853	abofal7e@gmail.com
36277	LUXO REAL ESTATE L.L.C	لوكسو للعقارات ذ.م.م			aihamsafieh@gmail.com
30612	H V M PROPERTIES L.L.C	اتش في ام للعقارات ش.ذ.م.م			fb@hvm.ltd
36697	PROWAY REAL ESTATE BROKERS L.L.C	برووي للوساطة العقارية ش.ذ.م.م			lopatin@wayrealestate.ae
34757	FUTURE THRIVE PROPERTIES L.L.C	فيوتشر ثرايف بروبرتيز ذ.م.م			m.pureghbali@gmail.com
38330	CARTAGENA REAL ESTATE L.L.C	قرطاجنة للعقارات ش.ذ.م.م			oueslatisaoussen@outlook.com
34326	DLVB REAL ESTATE BROKERAGE L.L.C	دي ال في بي للوساطة العقارية ش.ذ.م.م			d_litsov@mail.ru
38842	M C HOMES REAL ESTATE L.L.C	ام سي هومز للعقارات ش.ذ.م.م			mchomes106@gmail.com
36828	BAIT AL HAYAT PROPERTIES L.L.C	بيت الحياة للعقارات ش.ذ.م.م		971-04-4458413	Sultansikander1968@hotmail.com
37623	ANAEM REAL ESTATE BUYING & SELLING BROKERAGE L.L.C	انعام للوساطة في بيع العقارات وشرائها ش.ذ.م.م			nassoh6@hotmail.fr
38550	SUN INTERNATIONAL REAL ESTATE BROKERS L.L.C	سن انترناشيونال للوساطة العقارية ش.ذ.م.م			snigdha@sundubai.net
36852	LAGOM REALTY L.L.C	لاجوم للعقارات ش.ذ.م.م			purnimaskp@gmail.com
37447	TRUNEST REAL ESTATE BROKER L.L.C	ترنست للوساطة العقارية ش.ذ.م.م			trunestuae@gmail.com
31710	SERENA OASIS REAL ESTATE	سرينا اوسيس للعقارات	www.serenaoasis.com		aaliyahh@serenaoasis.com
39205	SIROYA REALTY L.L.C	سيرويا ريالتي ش.ذ.م.م			farrahhajee@gmail.com
33916	HARBOR REAL ESTATE BROKER L.L.C (BRANCH)	هاربور للوساطة العقارية ش.ذ.م.م (فرع)			mohanad@harbordubai.com
39420	CITRINE PROPERTIES L.L.C	سيترين للعقارات ش.ذ.م.م		0	info@citrineprop.com
39724	LUXURY LIVING HOMES REAL ESTATE L.L.C	لاكشري ليفينج هومز للعقارات ش.ذ.م.م			yassine199076@gmsil.com
32405	NOOKS FOR REAL ESTATE BUYING & SELLING BROKERAGE L.L.C	نوكز للوساطة في بيع العقارات وشرائها ش.ذ.م.م			loay.h.gad@gmail.com
35430	SIDR PROPERTIES L.L.C	سدر للعقارات ذ.م.م			HR@ALGAITHCONSTRUCTION.AE
33067	FLASH ROYAL REAL ESTATE L.L.C	فلاش رويال للعقارات ش.ذ.م.م	www.dubaiflashroyal.com		flashroyalllc@gmail.com
31826	LOFT AND KEYS PROPERTIES L.L.C	لوفت اند كيز للعقارات ذ.م.م			augustineugochukwu@gmail.com
38278	ELITIST REAL ESTATE	ايليتست للعقارات			uwais@elitist-realestate.com
38108	ASVE PROPERTIES L.L.C	ايه اس في اي للعقارات ش.ذ.م.م		48248745	reyaz.buch1@gmail.com
37811	LUSTER REAL ESTATE L.L.C	لوستر للعقارات ذ.م.م			Mohammad.abhari@gmail.com
34052	REACH REAL ESTATE L.L.C	ريتش للعقارات ذ.م.م			hani.eldalgamoni@reachimmigration.com
39584	CONFIDENT STAR REAL ESTATE	كونفيدنت ستار للعقارات			SAJIDVALLIYATH@GMAIL.COM
37506	FABULARIS REAL ESTATE L.L.C	فابولاريس للعقارات ش.ذ.م.م			marivicbernarte@gmail.com
38431	ROYAL AREA REAL ESTATE L.L.C	رويال ايريا للعقارات ش.ذ.م.م			belal.elmahdy@gmail.com
38416	JOYA PROPERTIES L.L.C	جويا للعقارات ش.ذ.م.م			mrtm.property@gmail.com
32714	F A M REAL ESTATE BROKER L.L.C (BRANCH)	اف ايه ام للوساطة العقارية ش.ذ.م.م (فرع)			PA@FAMPROPERTIES.COM
39759	A H R REAL ESTATE BROKERAGE L.L.C	ايه اتش ار للوساطة العقارية ش.ذ.م.م			Tyla.Phillips@ahrprivatewealth.com
37910	XATA REALTY L.L.C	اكس ايه تي ايه للعقارات ش.ذ.م.م			lobanovskiymaxim@gmail.com
34201	BAYTIFY REAL ESTATE L.L.C	باي تي فاي للعقارات ش.ذ.م.م		971-04-4334723	sofiiametawea@gmail.com
39410	BELCO REAL ESTATE L.L.C	بلكو للعقارات ش.ذ.م.م			pro@fabhospitality.ae
35795	TATHASTU GLOBAL REAL ESTATE L.L.C	تاثاستو العالمية للعقارات ش.ذ.م.م			arnav.dixit@tathastuglobal.com
36432	IHOME REAL ESTATE BROKERAGE L.L.C	ايهوم للوساطة العقارية ش.ذ.م.م			info@ihome.ae
39684	KAAF REAL ESTATE	كاف للعقارات			ramiroid7@gmail.com
38432	360 SPACE PROPERTIES L.L.C	360 سبيس للعقارات ذ.م.م			360bca@gmail.com
38449	KEY MASTER REAL ESTATE BROKERAGE L.L.C	كي ماستر للوساطة العقارية ش.ذ.م.م			vincentkasiano@yahoo.com.au
37024	MAKYEE REAL ESTATE BROKERAGE L.L.C	ماكيي للوساطة العقارية ش.ذ.م.م		971-04-4519163	amin.makhloufua@icloud.com
29670	TENX PROPERTIES L.L.C	تنكس للعقارات ش.ذ.م.م			sukesh@10xproperties.ae
32739	LOCK 88 REAL ESTATE L.L.C	لوك 88 للعقارت ش.ذ.م.م			Ahmad_raqi@yahoo.com
27773	CASAMOUNT REAL ESTATE	كاسامونت للعقارات			shaktigupta1631@gmail.com
33116	AFM PROPERTIES L.L.C	ايه اف ام العقارية ش.ذ.م.م			maqsood@afmproperties.ae
33737	HILLTOP REAL ESTATE L.L.C	هيلتوب للعقارات ش.ذ.م.م	hilltopre.com	563700453	hajhassanif@gmail.com
38493	FOCUS DREAMZ REAL ESTATE L.L.C	فوكس دريمز للعقارات ش.ذ.م.م			Sunil@sdevnani.com
38648	S I A REALTY L.L.C	اس اي ايه للعقارات ش.ذ.م.م		971-4-5793777	Md@siare.co
33951	FELICITY PROPERTIES L.L.C	فيليسيتي للعقارات ش.ذ.م.م			mouhannad_almasri@hotmail.com
28040	SMART S A C R REAL ESTATE BROKERS	سمارت اس ايه سي ار للوساطة العقارية		48321901	miladsamir2015@gmail.com
31897	MADINAT ALPETRA REAL ESTATE L.L.C	مدينة البتراء للعقارات ذ.م.م			Khaled820000@gmail.com
25955	NATSU PROPERTIES	ناتسو للعقارات	www.natsuproperties.com		sales@natsuproperties.com
37764	ALSOUM REAL ESTATE L.L.C	السوم للعقارات ش.ذ.م.م			sofiansa@hotmail.com
35733	B3 REAL ESTATE	بي3 للعقارات			bu.rashed007700@gmail.com
38406	CNK REAL ESTATE	سي ان كيه للوساطة العقارية			inesniava@gmail.com
22563	BAYT AL HASHMI REAL ESTATE	بيت الهاشمي للعقارات		971-4-5576477	info@baytalhashmi.com
39382	168 REAL ESTATE L.L.C	168 للعقارات ذ.م.م			168realestatellc@gmail.com
37530	CROSS OVERSEAS REAL ESTATE L.L.C	كروس اوفرسيز للعقارات ذ.م.م			labanjerem@gmail.com
34690	INSIGHT CITY REAL ESTATE L.L.C	انسايت سيتي للعقارات ش.ذ.م.م			insightcityllc@gmail.com
37339	EASTERN HOUSING SOCIETY REAL ESTATE L.L.C	ايسترن هاوسنج سوسايتي للعقارات ش.ذ.م.م			info@easternhousing.ae
39115	TRIFECTA REAL ESTATE L.L.C	تريفيكتا للعقارات ذ.م.م			jiedianemdavid@gmail.com
32913	B M M I PROPERTY	بي ام ام اي للوساطة العقاريه		971-04-2358877	bmmiproperty@gmail.com
39185	LUXURY 360 PROPERTIES L.L.C	لكجري 360 للعقارات ش.ذ.م.م			Luxury360properties@gmail.com
38337	SEVENTH KEY REAL ESTATE L.L.C	سيفينث كي للعقارات ش.ذ.م.م			saadmujaddadi@gmail.com
33830	ALPHA ART REAL ESTATE L.L.C	الفا ارت للعقارات ذ.م.م			alphaartrealestatellc@gmail.com
39778	C R S REAL ESTATE L.L.C	سي آر اس للعقارات ش.ذ.م.م			Abcd.samra@gmail.com
33244	BEKKO PROPERTIES L.L.C	بيكو للعقارات ش.ذ.م.م		43253695	admin@bekkoproperties.com
34429	T A N PROPERTIES	تي اي ان للعقارات			chtanveer917@gmail.com
38197	MG & PARTNERS REAL ESTATE L.L.C	ام جي اند بارتنرز للعقارات ش.ذ.م.م		43688080	matthieu@mgpartners.ae
37681	H M L HOMES REAL ESTATE BROKER L.L.C	اتش ام ال هومز للوساطة العقارية ش.ذ.م.م		502464394	hichem@hmlhomes.ae
38529	ASTRAL HEAVEN REAL ESTATE L.L.C	استرال هيفن للعقارات ش.ذ.م.م			taha.amin1988@gmail.com
32265	WEALTH GATE REAL ESTATE BROKERAGE	ويلث جيت للوساطة العقارية			SITRA.AE@GMAIL.COM
34421	AL EMAD REAL ESTATE L.L.C	العماد للعقارات ش.ذ.م.م			admin@rsfzc.com
30610	ROOTS HOME REAL ESTATE	روتس هوم للعقارات			Adeel@Rootsofhomess.com
33797	HERMES EXCLUSIVE REAL ESTATE L.L.C	هيرمز اكسكلوسيف للعقارات ش.ذ.م.م		551026826	bekhtenevaolga@gmail.com
39270	JAGUAR MAX REAL ESTATE L.L.C	جاكوارماكس للعقارات ش.ذ.م.م			aasannah@hotmail.com
39966	SEO REAL ESTATE L.L.C	س إي أو للعقارات ش.ذ.م.م			qamatalryadah@gmail.com
37060	TERRA NOBILIS REAL ESTATE BROKERS L.L.C	تيرا نوبيليس للوساطة العقارية ش.ذ.م.م			tatiana.dolcevita@gmail.com
38728	MOXY REALTY L.L.C	موكسي للعقارات ذ.م.م		97143867444	dung@moxydubai.com
38930	ROYAL TIARA REAL ESTATE BROKERS L.L.C	رويال تيارا للوسطاء العقاريين ش.ذ.م.م			Svitlanakulova@gmail.com
34244	BELFORT REAL ESTATE BROKERS	بالفرة للوسطاء العقاريين			be@belfort-estate.ru
34252	THE ELIAS REAL ESTATE	ذا الياس للعقارات			Linaelisova@gmail.com
34535	DREAM LUXURY REAL ESTATE L.L.C	دريم لاكجري للعقارات ش.ذ.م.م			info@luxuryprl.com
37218	VEILUE PROPERTY REAL ESTATE L.L.C	فيليوي بروبرتي للوساطة العقارية ش.ذ.م.م			mungeol.jang@gmail.com
31740	FAIR OPPORTUNITY REAL ESTATE	فير اوبرتيونيتي للعقارات			mohamedsalahrashwan1982@gmail.com
35809	CASA VISTA REAL ESTATE L.L.C	كاسا فيستا للعقارات ذ.م.م			admin@casavistaproperties.com
39948	TRUST DEALS REAL ESTATE L.L.C	تراست ديلز للعقارات ذ.م.م		505261221	trustdeals2805@gmail.com
34914	AL HUSAN AL ASWAD REAL ESTATE BROKERAGE L.L.C	الحصان الاسود للوساطة العقارية ش.ذ.م.م			ankitapatel.1191.ap@gmail.com
29478	GOLDEN WHITE REAL ESTATE MANAGEMENT	جولدن وايت لإدارة العقارات			goldenwhiterealestate@gmail.com
39160	DREAM FIRST REAL ESTATE L.L.C	دريم فيرست للعقارات ش.ذ.م.م			bashir77883@gmail.com
36262	PACIFIC STAR REAL ESTATE L.L.C	بيسيفيك ستار للعقارات ش.ذ.م.م			ha.prateek@gmail.com
38474	SOBHAN PROPERTIES L.L.C	سوبهان للعقارات ش.ذ.م.م			Khoneyad@gmail.com
28985	SO SALES HOMES REAL ESTATE	سو سيلز هومز للعقارات			samad@sosales.ae
38940	ORCHESTRA REAL ESTATE L.L.C	أوركسترا للعقارات ش.ذ.م.م			Michel.h@outlook.com
35084	E M R REAL ESTATE	اي ام ار للعقارات			suhaibe86@gmail.com
34806	CAPITAL WESTERN REAL ESTATE L.L.C (BRANCH)	كابيتال وسترن للعقارات ذ.م.م (فرع)			info@capitalwestern.ae
37497	CARTINA INTERNATIONAL REAL ESTATE L.L.C	كارتينا انترناشيونال للعقارات ش.ذ.م.م		581885610	Imen.zahi29@yahoo.com
37883	KINGDOM CAPITAL REAL ESTATES L.L.C	كينج دوم كابيتال للعقارات ش.ذ.م.م			Hfman2010@hotmail.com
38896	L AND F REAL ESTATE	ال اند اف للعقارات			7moowd84@gmail.com
35297	B D C REAL ESTATE	بي دي سي للعقارات			carlos@bdcrealestate.com
38429	REHMACS INTERNATIONAL PROPERTIES L.L.C	ريهماكس انترناشيونال للعقارات ذ.م.م			isaac.111only@gmail.com
34475	ALI YOUSUF ALAWADHI FOR REAL ESTATE L.L.C	علي يوسف العوضي للعقارات ش.ذ.م.م			ali.y.alawadhi@gmail.com
39088	EMVEE REAL ESTATE BROKERAGE L.L.C	إيمفي للوساطة العقارية ش.ذ.م.م			vidhig16@gmail.com
35703	AUGUST YASIN REAL ESTATE L.L.C	اوغست ياسين للعقارات ش.ذ.م.م			THELEO22@HOTMAIL.COM
36782	EXOTIC HOME REAL ESTATE L.L.C	اكزوتيك هوم للعقارات ش.ذ.م.م			Bobbylalwani74@gmail.com
38300	MONEYMAX REAL ESTATE L.L.C	منيماكس للعقارات ش.ذ.م.م			SHATHAAKBEK@GMAIL.COM
38264	GLOBAL HOME VENTURES REAL ESTATE L.L.C	جلوبال هوم فينتشورز للعقارات ذ.م.م		554535083	igafatullin@gmail.com
31322	SAMEER ALSAYEGH REAL ESTATE L.L.C	سمير الصايغ للعقارات ش.ذ.م.م			sameeralsayeghrealestate@gmail.com
31919	AL BASIRAH REAL ESTATE L.L.C	البصيرة للعقارات ش.ذ.م.م		971-04-8819915	albasirahrealestate@gmail.com
35933	SALWAN REAL ESTATE L.L.C	سلوان للعقارات ش.ذ.م.م		971-4-4470533	admin@ig-intergroup.com
33228	LONDON EYE REAL ESTATES L.L.C	لندن اي للعقارات ش.ذ.م.م		4331111	professional_pal@hotmail.com
34946	ZEST PROPERTIES REAL ESTATE BROKER L.L.C	زيست بروبرتيز للوساطة العقارية ش.ذ.م.م			eng.ihsantech@yahoo.com
36780	M R ONE PROPERTIES L.L.C	ام ار ون للعقارات ذ.م.م		581298525	Muhammadraja99@gmail.com
39482	PROPGLOCAL REALESTATE L.L.C	بروبجلوكال للعقارات ش.ذ.م.م			VIDISHADEBSAKAR@GMAIL.COM
35487	GREEN ACRES REAL ESTATE L.L.C	جرين اكريس للعقارات ش.ذ.م.م			masudurrahman79@gmail.com
39590	YELLOW DOOR REAL ESTATE BROKERS L.L.C	يلو دور للوساطة العقارية ش.ذ.م.م			Richit.ummat@gmail.com
36178	REDOURR REAL ESTATE BROKERAGE	ريدور للوساطة العقارية		971-4-5722614	Humaam@redourr.com
34191	ANAWEEN REALITY REAL ESTATE L.L.C	عناوين رياليتي للعقارات ش.ذ.م.م		561174736	ZAINAL2CROCK@GMAIL.COM
34976	SAFE HOUSE REAL ESTATE BROKERAGE L.L.C	سيف هاوس للوساطة العقارية ش.ذ.م.م			sara.malonni@icloud.com
38048	PREMIUM POINT REAL ESTATE L.L.C	بريميوم بوينت للعقارات ش.ذ.م.م			Sabah_driham@hotmail.com
39633	ROYAL QUEEN REAL ESTATE L.L.C	رويال كوين للعقارات ذ.م.م			dr_mohamed20032003@yahoo.com
34092	BANNANI PROPERTIES L.L.C	بناني للعقارات ش.ذ.م.م			firas.albannani@gmail.com
38286	ARCHWAY REAL ESTATE L.L.C	ارشواي للعقارات ذ.م.م		97143867444	Simon@holbornassets.com
38769	1961REAL ESTATE CO. L.L.C	1961 للعقارات شركة الشخص الواحد ذ.م.م		+971-506662133	memari.uae007@gmail.com
37767	SANI PROPERTIES L.L.C	سيني للعقارات ش.ذ.م.م			nipunmishra@gmail.com
33885	UBOC REAL ESTATE L.L.C	يو بي او سي للعقارات ش.ذ.م.م		971-04-3865004	Hafizhussain15@gmail.com
31935	RAWLINS PROPERTIES L.L.C	رولينز للعقارات ش.ذ.م.م		455807374	swajidabbas@gmail.com
26146	ZHONGHE REAL ESTATE BROKERS L.L.C	زهونغهي للوساطة العقارية ش.ذ.م.م		42502666	layilawang@gmail.com
37818	LEEDS REAL ESTATE L.L.C	ليدز للعقارات ش.ذ.م.م		43441604	tkhayat@takamulna.com
30185	STONEINVEST REAL ESTATE L.L.C	ستونفست للعقارات ش.ذ.م.م			Prjaafar@gmail.com
30505	O B S PROPERTIES L.L.C	او بي اس للعقارات ش.ذ.م.م			elza.artiaga@obsgroup.com
35435	LUNA EXCLUSIVE REAL ESTATE L.L.C	لونا إكسكلوسف للعقارات ش.ذ.م.م			lunaexclusivedxbllc@gmail.com
38451	KNOX MIDDLE EAST PROPERTIES L.L.C	كنوكس ميدل ايست للعقارات ذ.م.م			ansfarooq@knoxpv.com
33594	A K N A PROPERTIES	ايه كيه ان ايه للعقارات		556113056	yjalalg@gmail.com
32459	FCHOI PROPERTY REAL ESTATE	فجووي للوساطة العقارية		526993155	FCHOIPROPERTY@GMAIL.COM
35596	F & C PROPERTIES L.L.C (BRANCH)	اف & سي للعقارات ش.ذ.م.م (فرع)			info@fcproperties.ae
37158	E N G NANNY REAL ESTATE L.L.C	اي ان جي ناني للعقارات ش.ذ.م.م			vgrogol@gmail.com
2414	BUY SELL LET REAL ESTATE	باي سيل ليت للعقارات		971-4-2778016	sfhaid@gmail.com
32604	ZENSO REAL ESTATE	زينسو للعقارات			shraddha25agrawal@gmail.com
37663	COZY STAR PROPERTIES L.L.C	كوزي ستار للعقارات ش.ذ.م.م		0	n.phutkaradze86@gmail.com
38008	HAVEN AND HILL PROPERTIES L.L.C	هافن اند هيل للعقارات ش.ذ.م.م			schetansingh@gmail.com
31499	GOOGEE GLOBAL REAL ESTATE L.L.C	جوجي غلوبال للعقارات ش.ذ.م.م			azhar.pasha@googeeglobal.com
35318	GULF SEA REAL ESTATE L.L.C	جلف سي للعقارات ش.ذ.م.م			gulfestatesdxb@gmail.com
38592	SOLACE HOMES REAL ESTATE	سولاك للعقارات			Olga.elhajjkhalil@gmail.com
36119	RAFI REAL ESTATE BROKERS L.L.C	رافي للوساطة العقارية ش.ذ.م.م			Aida38@yahoo.com
28839	ROYAL JUBILANT REAL ESTATE	رويال جوبيلانت للعقارات	https://royaljubilant.ae	43278401	royaljubilantrealestate@gmail.com
38680	DREAMSCAPE HOMES PROPERTY L.L.C	دريمسكيب هوم للعقارات ذ.م.م			Amal91.yassin@gmail.com
32959	NEOM REAL ESTATE L.L.C	نيوم للعقارات ش.ذ.م.م			binrashid@gmail.com
25854	FIGURE PROPERTIES	فيغر للعقارات			info@figure-properties.com
35663	AMR REAL ESTATE L.L.C	ايه ام ار للعقارات ذ.م.م	www.amrdubai.com		merhi.nazih@gmail.com
39301	AMAKEN AL MOSTAKBAL REAL ESTATE BROKERS L.L.C	اماكن المستقبل للوساطة العقارية ش.ذ.م.م			mostafa.yosry@live.com
35890	SERENE LIVING REAL ESTATE BROKERS L.L.C	سيرين ليفينج للوساطة العقارية ش.ذ.م.م			ylatif@procleanofatl.com
29332	AYTAC PROPERTIES	ايتاك للعقارات			kpcbabu@hotmail.com
33638	ASTRADA PROPERTIES L.L.C	استرادا للعقارات ش.ذ.م.م			a_shatlaz@hotmail.com
39094	SKOVER REAL ESTATE L.L.C	سكوفر للعقارات ش.ذ.م.م			sanders@skover.estate
39104	FABZ REAL ESTATE BROKERS L.L.C	فابز للوسطاء العقاريين ش.ذ.م.م		43429883	info@fabz.realestate
35570	HAPPY AND LUCKY REAL ESTATE L.L.C	هابي اند لاكي للعقارات ش.ذ.م.م			dorislidubai@gmail.com
35609	D B Z REAL ESTATE L.L.C	دي بي زد للعقارات ذ.م.م			deinbarreiro@gmail.com
32205	BELAMI HOMES REAL ESTATE L.L.C	بيلامي هومز للعقارات ش.ذ.م.م	https://www.belami-immobilier.com		hello@belamihomes.com
34219	SAVIS PROPERTIES L.L.C	سافيس للعقارات ذ.م.م			info@savisrealty.com
35564	ZENVEST REAL ESTATE	زينفيست للعقارات			info@zenvestuae.com
31454	SKYZ & STARZ REAL ESTATE L.L.C	سكايز و استارز للعقارات ش.ذ.م.م			smruts26@gmail.com
37612	GEOLT REAL ESTATE L.L.C	جولت للعقارات ش.ذ.م.م			zensquaree@gmail.com
37988	NSH REAL ESTATE BROKER L.L.C	ان اس اتش للوساطة العقارية ذ.م.م			Naseha@nshrealestate.com
30338	WHITE ROCK PROPERTIES L.L.C	وايت روك للعقارات ذ.م.م		971-04-2594796	nandini@whiterockae.com
36369	ELITE WAYSTAR PROPERTIES L.L.C	اليت وايستار للعقارات ش.ذ.م.م			chakaak@googlemail.com
38115	THE DAY DREAM REAL ESTATE BROKER L.L.C	ذا داي دريم للوساطة العقارية ش.ذ.م.م		971|043132875	marselkurmayev@thedaydream.ae
37481	GHADERI REALTY L.L.C	قادري للعقارات ش.ذ.م.م			michael.p.ghaderi@gmail.com
37440	UPTURN REAL ESTATE L.L.C	ابتيرن للعقارات ش.ذ.م.م			sharan_sehgal@icloud.com
35826	HERE PROPERTIES L.L.C	هيير للعقارات ش.ذ.م.م		503145926	malbataineh@gmail.com
33537	COUTURE REAL ESTATE BROKERAGE BUYING AND SELLING L.L.C	كوتور للوساطة في بيع العقارات وشرائها ش.ذ.م.م			marius.p.bogdan@gmail.com
35948	OSS REAL ESTATE BROKER L.L.C	اوه اس اس للوساطة العقارية ش.ذ.م.م		971-04-2877444	administration@aras-group.ae
37964	CATCHING SMART PROPERTY L.L.C	كاتشينق سمارت بروبرتيز ش.ذ.م.م			smartpropertyeg@gmail.com
31948	BLUE EMPIRE REAL ESTATE	بلو امباير للعقارات			SamiraLkchem@yahoo.com
32917	GOLDEN LEADER REAL ESTATE L.L.C	جولدن ليدر للعقارات ذ.م.م			tanya_sq@mail.ru
30522	TOWN SHIP REAL ESTATE BROKERS	تاون شيب للوساطة العقارية		42985456	info@townshipre.com
31975	LEAP VENTURES REAL ESTATE L.L.C	ليب فينتشرز للعقارات ذ.م.م			Jarziom@gmail.com
34372	AFDIL TEAM ALLIANCE REALESTATE L.L.C	افضل تيم اليانس للعقارات ذ.م.م	https://afdilrealestate.com/	43961552	info@afdilrealestate.com
38154	STALWART PROPERTIES L.L.C	ستالورت للعقارات ش.ذ.م.م			naveedmurad@outlook.com
24797	AVADARE CAPITAL PROPERTIES	افادار كابيتال للعقارات			GHALIA@AVADARE.COM
32492	WEM REAL ESTATE BROKERAGE L.L.C	دبليو اي ام للوساطة العقارية ش.ذ.م.م			nathaliesalomon31@gmail.com
32607	EJARAK REAL ESTATE MANAGEMENT SUPERVISION SERVICES CO. L.L.C	إيجارك لخدمات الإشراف الإداري للعقارات شركة الشخص الواحد ذ.م.م			marva_96@yahoo.com
37939	MY STAY REALITY REAL ESTATE	ماي ستاي رياليتي للعقارات		45531546	amitksharma88@gmail.com
38123	DCOSTA PROPERTIES	دكوستا للعقارات			mikedcosta19@gmail.com
31680	REALTY VISION REAL ESTATE L.L.C	ريالتي فيجين للوساطه العقارية ذ.م.م			realty.vision2022@gmail.com
37206	HELIOS PROPERTIES L.L.C	هيليوس بروبرتيز ذ.م.م			VARORA19@GMAIL.COM
34985	DREAMEX REAL ESTATE BROKERAGE L.L.C	دريمكس للوساطة العقارية ش.ذ.م.م			a.majed@buildexm.com
33005	ABOBAKR ABUZAID REAL ESTATE	ابوبكر ابوزيد للعقارات			bakri76b@yahoo.com
38276	DAGAEV REAL ESTATE L.L.C	داجيف للعقارات ش.ذ.م.م			nellikotoshyan1999@icloud.com
33318	LIVEMORE REAL ESTATE BROKERAGE L.L.C	ليف مور للوساطة العقارية ش.ذ.م.م			Sanjay@livemore.ae
33066	V P V REAL ESTATE BUYING & SELLING BROKERAGE L.L.C	في بي في للوساطة ف بيع العقارات وشرائها ش.ذ.م.م			Wasiliki.dalalaki@icloud.com
33842	MAXLEVEL REAL ESTATE L.L.C	ماكسليفل للعقارات ش.ذ.م.م			SAID.NASR@HOTMAIL.COM
39169	FAMOUS. REAL ESTATE BROKERAGE EST.	مؤسسة فموس. للوساطة العقارية	https://famous-realestate.com	42545444	famousrealesate2023@gmail.com
33517	BLUE WORLD CITY REAL ESTATE L.L.C	بلو وورلد سيتي للعقارات ش.ذ.م.م			denisemartalo@gmail.com
38886	ELEVATE GLOBAL PROPERTIES L.L.C	اليفيت جلوبال للعقارات ش.ذ.م.م			info@elevateauditing.com
34098	PROVIDENT REAL ESTATE BROKER L.L.C (BRANCH)	برودينت للوساطة العقارية ش.ذ.م.م (فرع)		43233609	info@providentestate.com
32517	SHARIF STAR REAL ESTATE BROKER L.L.C	شريف ستار للوساطه العقاريه ش.ذ.م.م			yadgharl62@yahoo.com
35085	VIDESH REAL ESTATE L.L.C	فيديش للعقارات ش.ذ.م.م			savio8dsouza@gmail.com
39161	BLUEBIRD REAL ESTATE L.L.C	بلوبيرد للعقارات ش.ذ.م.م		971569111328	bluebirdrealestate@outlook.com
38439	SCOPE SANDS REAL ESTATE L.L.C	سكوب ساندس للعقارات ش.ذ.م.م			connytanzer33914@gmail.com
34971	MAXIMUM PROPERTY L.L.C	ماكسيموم للعقارات ش.ذ.م.م			mashhadyy@gmail.com
38569	BEL RIVE REAL ESTATE L.L.C	بل ريف للعقارات ش.ذ.م.م			thomas@belrive.co
28417	SKYLINE REALTY REAL ESTATE BROKERS	سكايلاين ريالتي للوساطة العقارية	https://skylinerealty.ae/		Sathishs0318@gmail.com
37545	SELENA HOMES REAL ESTATE BROKERAGE L.L.C	سيلينا هومز للوساطة العقارية ذ.م.م			sirineach2211@gmail.com
33302	G G V REAL ESTATE L.L.C	جي جي في للعقارات ش.ذ.م.م			grigoryan.skr@gmail.com
38795	MIDORI REAL ESTATE L.L.C	ميدوري للعقارات ذ.م.م			ktopacio@forestsinv.ae
32678	IMTILAK GLOBAL REAL ESTATE L.L.C	امتلاك جلوبال للعقارات ذ.م.م		44474853	mgmt.global.ae@imtilakglobal.ae
39558	KANGSHENG REAL ESTATE BROKERS L.L.C	كانغشينغ للوساطة العقارية ش.ذ.م.م			kangshengproperties@gmail.com
35504	THE GOOD HOME TEAM REAL ESTATE L.L.C	ذا جود هوم تيم للعقارات ش.ذ.م.م			vsunderdxb@gmail.com
39400	TEMBUSU REAL ESTATE L.L.C	تيمبوسو للعقارات ش.ذ.م.م			ali@tembusurealty.com
39591	MATTEI REAL ESTATE L.L.C	ماتي للعقارات ش.ذ.م.م			graziella-mattei@orange.fr
37828	THE DOME REAL ESTATE BROKERAGE L.L.C	ذا دووم للوساطة العقارية ش.ذ.م.م			Ragimov-n@mail.ru
37310	LUXOTIC HOMES REALTORS L.L.C	لكزوتيك هومز ريلتورز ش.ذ.م.م			Shehazad@luxoticglobal.com
38412	SIWA REAL ESTATE BROKERS L.L.C	سيوة للوسطاء العقاريين ش.ذ.م.م		42557778	dr.mohammed@ymail.com
37692	A W M REAL ESTATE	ايه دبليو ام للعقارات			ahmed@AWM-realestate.com
34991	CBB PROPERTIES L.L.C	سي بي بي للعقارات ذ.م.م			PRO@DRIVENPROPERTIES.COM
36261	PALLADIUM ALPHA REAL ESTATE L.L.C	بلاديوم الفا للعقارات ش.ذ.م.م			sushma@palladiumalphahomes.com
38672	TONNA BENETO REAL ESTATE L.L.C	تونا بينيتو للعقارات ش.ذ.م.م			gbeata09@gmail.com
33790	THE VIP FOR REAL ESTATE BUYING & SELLING BROKERAGE L.L.C	ذا في اي بي للوساطة في بيع العقارات وشرائها ش.ذ.م.م		566661399	dana@thevipreaestate.com
36680	ELEVEIGHT REAL ESTATE BROKERAGE L.L.C	اليفايت للوساطة العقارية ش.ذ.م.م			noureldandachli@gmail.com
38150	ANS TOP REAL ESTATE	ايه ان اس توب للوساطة العقاريه			saqlainmoshin@gmail.com
31676	INTER BANCA REAL ESTATE	انتر بانكا للعقارات			sameer@al-arabiyadubai.com
38403	P A C L REAL ESTATE L.L.C	بي ايه اس ال للعقارات ذ.م.م			jaison.joy@paclrealestate.com
31881	CLOVER VIBES REAL ESTATE BROKERS L.L.C	كلوفر فايبس للوسطاء العقاريين ش.ذ.م.م			veenamuddap@gmail.com
38523	IDEAL ESTATES PROPERTY L.L.C	ايديال إستيتس للعقارات ش.ذ.م.م			yassirm777@gmail.com
39596	NEXT LUXURY HOMES REAL ESTATE L.L.C	نكست لكشري هومز للعقارات ذ.م.م			Ali71.Salman@gmail.com
36197	MANJU GLOBAL REAL ESTATES L.L.C	مانجو جلوبال للعقارات ش.ذ.م.م		971-4-2900248	qamatalryadah@gmail.com
38442	ROYAL CHOICE REAL ESTATE L.L.C	رويال تشويز للعقارات ش.ذ.م.م			makeit128@gmail.com
33266	V M M REAL ESTATE L.L.C	في ام ام للعقارات ش.ذ.م.م			jamesavdeev@gmail.com
34025	ROLODEX REAL ESTATE L.L.C	رولودكس للعقارات ش.ذ.م.م			ecdcdubai@gmail.com
39176	ZONE IMMO REAL ESTATE BUYING & SELLING BROKERAGE L.L.C	زون ايمو للوساطة في بيع العقارات وشرائها ش.ذ.م.م		561605605	mohammedalkerdany@gmail.com
39114	GHONAIM INTERNATIONAL PROPERTIES L.L.C	غنيم انترناشونال للعقارات ش.ذ.م.م			Omar_elngomy_9090@hotmail.com
27992	Emkan properties	امكان للعقارات		504571023	Reemzaher@hotmail.com
37319	REDBROK REAL ESTATE L.L.C	ريد بروك للعقارات ش.ذ.م.م		45763238	denis.newhouse@gmail.com
37774	RICHMOND PROPERTIES L.L.C	ريتشموند بروبرتيز ش.ذ.م.م	https://www.richmondproperties.ae		info@richmondproperties.ae
30413	SQUARE FEETS REAL ESTATE BROKERAGE	سكوير فيتس للوساطة العقارية			akramkhan.amity@gmail.com
38794	RED BERRY PROPERTIES L.L.C	ريد بيري بروبرتيز ش.ذ.م.م		43851002	yuliyaryzhenko@redberry.ae
29473	DREAMS PROPERTIES	دريمز للعقارات			SUHAIL@DREAMS-PROPERTIES.COM
38662	KARIMI REAL ESTATE L.L.C	كريمى للعقارات ش.ذ.م.م			saddamkarimi@gmail.com
33902	GLADIO UNO REAL ESTATE L.L.C	جلاديو اونو للعقارات ش.ذ.م.م			inad@fragrancia.co
39294	STANZ PROPERTIES L.L.C	ستانز للعقارات ذ.م.م			zishaan.khan@ymail.com
35601	ELEVENTH HOUR REAL ESTATE L.L.C	اليفنث اور للعقارات ش.ذ.م.م			GHOSH754@ICLOUD.COM
39320	NUOM PROPERTIES L.L.C	نووم للعقارات ش.ذ.م.م		48814100	mithun.vora@gulfworldwide.net
20673	SIMPLE REAL ESTATE	البسيط للعقارات	www.simplerealestatedubai.com	971-4-2736001	simple-r@outlock.com
1552	SOLAIMANI REAL ESTATE	سليماني للعقارات		551976666	solaimanirealestate@gmail.com
33468	JUDGE PROPERTIES FOR REAL ESTATE BUYING & SELLING BROKERAGE L.L.C	جدج بروبرتيز للوساطة في بيع العقارات وشرائها ش.ذ.م.م		971566523337	Info@judgemanagement.com
845	S B K REAL ESTATE L.L.C	اس بي كيه للعقارات ذ.م.م		971-4-3374499	krishnakumar.p@sbkrealestate.com
11639	AL HAFIZ PROPERTIES	الحافظ بروبرتيس		44517621	alhafiz.properties@gmail.com
31752	INNOV STARS REAL ESTATE BROKERAGE CO. L.L.C	اينوف ستارز للوساطة العقارية شركة الشخص الواحد ذ.م.م		971-50-6232575	sanghvi.tejas@gmail.com
237	AL QUDS REAL ESTATE	القدس للعقارات		971-4-2627620	falconrekh@gmail.com
21537	UNIQUE ASSET EXPERTS REAL ESTATE ONE PERSON COMPANY L.L.C	يونيك اسيت اكسبيرتس للوساطة العقارية شركة الشخص الواحد ش.ذ.م.م			shawlzahid@gmail.com
16793	YOUR CHOICE REAL ESTATE BROKER L.L.C	يور جويس للوساطة العقارية ذ.م.م			11mansoor82@gmail.com
29990	202406071033 PORTAL CO. L.L.C	مجمع للتعامل الإلكتروني ٢٠٢٤٠٦٠٧١٠٣٣ شركة الشخص الواحد ذ.م.م			ASHRAFKHAN4529@GMAIL.COM
26500	TRUSTY HOMES FOR REAL ESTATE BUYING & SELLING BROKERAGE	ترستي هومز للوساطة في بيع العقارات وشرائها			hr@trustyhomes.ae
21808	H Y M PROPERTIES L.L.C	اتش واي ام للعقارات ش.ذ.م.م	WWW.YAMSM.AE		info@hym.ae
33022	VIVALUX REAL ESTATE BROKERS L.L.C	فيفالكس للوساطة العقارية ش.ذ.م.م			ahmedelsayad18@gmail.com
23444	A F S REAL ESTATE L.L.C	ايه اف اس للعقارات ش.ذ.م.م		971-4-6766603	ali.afsrealestate@gmail.com
27552	BG VENTURE PROPERTIES	بي جي فنتشر للعقارات		971-4-5809629	slgjdubai2018@gmail.com
35949	COPPERSTONES REAL ESTATE L.L.C	كوبرستنونز للعقارات ش.ذ.م.م			sajid@bashir.eu
22415	OWN FIRST REAL ESTATE L.L.C	اون فيرست للعقارات ش.ذ.م.م			yasser.etreby@gmail.com
28425	GENESIS REAL ESTATE BROKERAGE	جينيسيس للوساطة العقارية		501234567	nadia@genesis-realestate.com
30961	NOOR ISHRAQ REAL ESTATE	نور الاشراق للعقارات			manojithangaraj92@gmail.com
29903	YAGHMOUR REALESTATE L.L.C	يغمور للعقارات ذ.م.م		42432099	ay.yaghmour@gmail.com
36769	L N H PROPERTIES	ال ان اتش للعقارات			lnhrealestateagency@gmail.com
27533	CLOUD BERRY PROPERTIES	كلاود بيري للعقارات			abdullah@sstoman.com
22278	DIGITAL HOMES REAL ESTATE BROKER L.L.C	ديجيتال هومز للوساطة العقارية ش.ذ.م.م			ali_almehairi@hotmail.com
32835	LOOK UP LEVEL UP PROPERTIES BROKERAGE L.L.C	لوكاب ليفيلاب للوساطة العقارية ش.ذ.م.م		41376566	ASLIHANCIMEN@YAHOO.COM
31988	NOBEL CASA REAL ESTATE L.L.C	نوبل كاسا للعقارات ش.ذ.م.م		45589428	info@nobelcasa.com
33498	MIRABELLA PROPERTIES L.L.C	ميرابيلا بروبرتيز ش.ذ.م.م			milad@mirabellaproperties.com
36577	FIRST DESTINATION REAL ESTATE L.L.C	فيرست ديستينيشن للعقارات ش.ذ.م.م		42243066	info@firstdestinationrealestate.com
12870	777 PROPERTIES	777 للعقارات	www.777properties.ae		info@777properties.ae
30398	REALTY EXPERTS REAL ESTATE BROKERS L.L.C	ريالتي اكسبريتس للوساطة العقارية ش.ذ.م.م			waqasahmed386@yahoo.com
28992	BANDENIA HOMES REAL ESTATE	باندينيا هومز للعقارات			hr@bandeniahomes.com
32704	NEW TOWN REAL ESTATE L.L.C	نيو تاون للعقارات ذ.م.م		971-04-5294840	abdelazimfawzy31@gmail.com
35594	DNA REAL ESTATE L.L.C	دي ان ايه للعقارات ش.ذ.م.م			SHINOJJOHN27@GMAIL.COM
33136	THE KEY BURO OF REAL ESTATE L.L.C	ذا كي بورو للعقارات ش.ذ.م.م			Zyryanovail@z-buro.ru
36850	ANTER REAL ESTATE L.L.C	عنتر للعقارات ش.ذ.م.م			sitaldar282@gmail.com
28689	THE PEARL GATES REAL ESTATE BROKER	ذا بيرل جيتس للوساطة العقارية			ramy.wali@thepearlgates.com
33028	CARLTON & CO REAL ESTATE L.L.C	كارلتون و كو للعقارات ذ.م.م		509800769	adnan@icarlton.com
33078	A N D LUXURY PROPERTIES L.L.C	ايه ان دي لاكجري للعقارات ش.ذ.م.م			admin@andyluxury.com
31169	ARABZONE PROPERTIES L.L.C	عرب زون للعقارات ذ.م.م			info@arabzoneproperties.ae
33375	P R E REAL ESTATE L.L.C	بي ار ايه للوساطة العقارية ش.ذ.م.م		542793424	matthew.young@hjdubai.com
35405	MABANI HEIGHTS REAL ESTATE L.L.C	مباني هايتس للعقارات ش.ذ.م.م		42288982	Mabani.estate@gmail.com
35836	AL DAR ALJADEED REAL ESTATE L.L.C	الدار الجديد للعقارات ش.ذ.م.م			kinzakhanhanif@gmail.com
29264	BLUE STONE REAL ESTATE	بلوستون للعقارات			Jaferhussain184@gmail.com
27726	KAVANI HOMEZ REAL ESTATE BROKERS L.L.C	كفاني هومز للوسطاء العقاريين ش.ذ.م.م		563498252	Coolvarun11@gmail.com
32035	LINZICO REAL ESTATE L.L.C	لينزيكو للعقارات ش.ذ.م.م	www.linzico.com		mik.freeg@gmail.com
29568	THE REALM PROPERTIES L.L.C	ذا ريلم للعقارات ش.ذ.م.م			haseeb@alghafgolden.com
33216	FANCY HOMES FOR REAL ESTATE BUYING & SELLING BROKERAGE	فانسي هومز للوساطة في بيع العقارات وشرائها			admin@fancyhomesdxb.com
22966	ROI ALL REAL ESTATE BUYING & SELLING BROKERAGE L.L.C	روي اوول للوساطة في بيع العقارات وشرائها ش.ذ.م.م			olegcontsoff@yahoo.com
36153	NOVARA PROPERTIES L.L.C	نوفارا للعقارات ش.ذ.م.م			KAMRAN@NOVARA.AE
24364	GREY WOLF PROPERTIES L.L.C	جري وولف للعقارات ش.ذ.م.م			m.aldhaheri87@gmail.com
23286	XTEN REAL ESTATE L.L.C	اكستن للعقارات ش.ذ.م.م		971-04-8716786	abirs333@gmail.com
32815	REHAMAS PROPERTIES L.L.C	رهامس للعقارات ش.ذ.م.م			SAMAHER.BOUZEGHAIA@GMAIL.COM
26292	VIRTUS HOMES REAL ESTATE L.L.C	فيرتوس هومز للعقارات ش.ذ.م.م			Raid@virtushomes.ae
17202	ALMASIYA REAL ESTATE L.L.C	الماسية للعقارات ش.ذ.م.م	http://almasiyaestate.com/	971-04-4277227	ramia@almasiyaestate.com
32528	OCTANTA REAL ESTATE L.L.C	اوكتانا للعقارات ش.ذ.م.م			namaadxb@gmail.com
2405	EAGLE PROPERTIES L.L.C	النسر العقاري ذ.م.م	www.nafisgroups.com	971-4-2277811	irshad@nafisgroups.com
1685	ALAMEED REAL ESTATE	العميد للعقارات		971-4-3479778	alameed9@eim.ae
263	UNESCO REAL ESTATE SERVICES	يونسكو للخدمات العقارية		971-04-2564888	info@unescorealestate.com
30119	DAYTONA LIFE REAL ESTATE BROKERAGE L.L.C	دايتونا لايف للوساطة العقارية ش.ذ.م.م			info@daytonarealestate.ae
29713	BRICK AND BRIDGE REAL ESTATE BROKERS	بريك اند بريدج للوساطة العقارية			hassan@bricknbridge.com
28102	DAR ALKHOBRA REAL ESTATE	دار الخبراء للعقارات			Abdulhamid19921@gmail.com
33140	MIGHTY REAL ESTATE L.L.C	مايتي للعقارات ش.ذ.م.م		542500768	Shahzadsse3@gmail.com
28973	TITAN STAR PROPERTIES REAL ESTATE BROKER	تايتان ستار للوساطة العقارية			INFO@TITANSTARPROPERTIES.COM
26446	TREE HOUSE REAL ESTATE L.L.C	تري هاوس للعقارات ش.ذ.م.م			contactecbc@gmail.com
23062	DUR ALNAJAF REAL ESTATE BROKERS	در النجف للوساطة العقارية			duralnajaf110@gmail.com
30442	AL SABAH GLORY REAL ESTATE	الصباح جلورى للعقارات			Sabsunshin534@gmail.com
31298	ICC PROPERTIES L.L.C	اي سي سي للعقارات ش.ذ.م.م			dani.alkhatib@mail.ru
29389	AMIGO PROPERTIES LLC - DUBAI BRANCH	اميجو العقارية ذ.م.م - فرع دبي			cs@amigoproperties.com
30376	ZAHRAT AL LOTUS REAL ESTATE	زهرة اللوتس للوساطة			MAHMOUD.ELSHAEIB@GMAIL.COM
34685	VACAY HOME REAL ESTATE BROKERAGE L.L.C	فاكاي هوم للوساطة العقارية ش.ذ.م.م			info@vacay-home.com
31555	METAVERSE REAL ESTATE L.L.C	ميتافيرس للعقارات ش.ذ.م.م		45586080	gm@meta-funds.com
28389	M B F REAL ESTATE	ام بي اف للعقارات		44484293	m.magdy.zaied@live.com
26277	K INTERNATIONAL REAL ESTATE BROKERS L.L.C	كي انترناشيونال للوساطه العقاريه ش.ذ.م.م			shahezadkhan81@gmail.com
30428	RAMZIN ESTATE BROKER L.L.C	رمزين للوساطة العقارية ش.ذ.م.م			ahmity@gmail.com
35288	RFZ REAL ESTATE L.L.C	ار اف زد للعقارات ش.ذ.م.م		43274541	ali.m@rfzrealestate.ae
25855	K A HOMES PROPERTIES L.L.C	كي ايه هومز للعقارات ش.ذ.م.م			amb.tw2017@gmail.com
30998	UNO REAL ESTATE L.L.C	اونو للعقارات ش.ذ.م.م			info@unoestate.ae
32423	USHA REAL ESTATE BROKERS L.L.C	اوشا للوساطه العقارية ش.ذ.م.م			Usha_hendou@yahoo.com
34887	ELENA GOLOD PROPERTIES L.L.C	الينا جولود للعقارات ش.ذ.م.م			eagolod@gmail.com
31079	KNOTCH REAL ESTATE L.L.C	كنوتش للعقارات ش.ذ.م.م		40000000	admin@knotch.ae
23084	UPSCALE REAL ESTATE BROKERAGE	ابسكيل للوساطة العقارية			Hammad.manzoor01@gmail.com
22545	EYES AND BIRDS REAL ESTATE BROKER	ايز اند بيردز للوساطة العقارية	https://www.eyesandbirds.com/	971-04-	chairman@eyesandbirds.com
31891	ENSKY PROPERTIES	انسكي للعقارات			mubashirahmadwani@gmail.com
35347	GRANDSYS REAL ESTATE L.L.C	جراندسيس للعقارات ش.ذ.م.م			304842802@qq.com
28560	ASGARD REAL ESTATE	اسجارد للعقارات			mujahidali0321@gmail.com
33113	SAAIQ PROPERTIES	سائق للعقارات			sameer@al-arabiyadubai.com
33545	BELIMMO REAL ESTATE	بيليمو للوساطة العقارية			contact@belfodil.fr
29516	PRIMA LIVING PROPERTIES	بريما ليفينج العقارية			michael.sammy@gmail.com
30816	HAMPSTEAD HOMES REAL ESTATE L.L.C	هامبستيد هومز للعقارات ش.ذ.م.م			md24007@gmail.com
25323	METEORITE REAL ESTATE L.L.C	ميتيورايت للوساطة العقارية ش.ذ.م.م			info@meteoriterealestate.com
25288	B A S REAL ESTATE (BR OF BIN ALSHAIKH INVESTMENTS L.L.C)	بي اي اس للعقارات (فرع من بن الشيخ للاستثمار ش.ذ.م.م )			mohammad@basinvestments.com
32800	SHEPHERDS REAL ESTATE L.L.C	شيبيردس للعقارات ش.ذ.م.م		43938626	franklin@shepherdsdubai.com
35679	FOUR HSQ REAL ESTATE L.L.C	فور اتش اس كيو للعقارات ش.ذ.م.م		43621414	4hsqre@gmail.com
29652	BLUE OCEAN REAL ESTATE	بلو اوشن للوساطة العقارية			dallouldahham@hotmail.com
31629	MASTERPIECE PROPERTIES L.L.C	ماستربيس للعقارات ش.ذ.م.م			info@masterpiece.ae
36037	CERA PROPERTIES L.L.C	سي اي ار ايه للعقارات ش.ذ.م.م			info@ceraproperties.com
34168	C T R IMMO REAL ESTATE L.L.C	سي تي ار ايمو للعقارات ش.ذ.م.م			mezouar.samir@gmail.com
34093	PROP DUB REAL ESTATE L.L.C	بروب دوب للعقارات ذ.م.م		971-4-2396383	favas@acmemedia.in
28225	ALMIRAX REAL ESTATE BROKERS	الميراكس للوساطة العقارية		0	alfeda2014@yahoo.com
36352	FIRST CALL REAL ESTATE L.L.C	فيرست كول للعقارات ذ.م.م			ali.hdp11@gmail.com
35047	LIVEN REALTY REAL ESTATE L.L.C	ليفين ريالتي للعقارات ش.ذ.م.م			Jack@livenrealty.com
34663	LE MONDE REAL ESTATE L.L.C	لو موند للعقارات ذ.م.م		971-04-8359989	info@lemonderealestate.com
16769	ELITE REALTORS REAL ESTATE BROKERAGE	ايليت ريلتورز للوساطة العقارية	www.demand.ae	971-4-2288644	info@demand.ae
16868	N A Q S A R PROPERTIES	ان ايه كيو اس ايه ار للعقارات		97144514890	alinasir.uae@gmail.com
16182	IBEX PROPERTIES	ايبكس للعقارات		971-4-2664436	
21011	S N K REAL ESTATE BROKER	اس ان كيه للوساطة العقارية		971-04-4249988	awpropertyexpert@gmail.com
24361	LANA REAL ESTATE BROKER L.L.C	لانا للوساطة العقارية ش.ذ.م.م			Reda_azaam@yahoo.com
27180	BLUE HARBOUR REAL ESTATE	بلو هاربور للعقارات		506035454	Xxomarabdullaxx@gmail.com
29120	D N K REAL ESTATE	دي ان كي للعقارات			dannleslie@gmail.com
32730	MASAR ALAMEEN REAL ESTATE L.L.C	مسار الأمين للعقارات ش.ذ.م.م			Ameenalzyout@gmail.com
28717	VARTUR REAL ESTATE BROKERAGE L.L.C	فارتر للوساطة العقارية ش.ذ.م.م			ali@almaas247.com
36463	TRUE CHECK REAL ESTATE	ترو جيك للعقارات			Shahbazullagulf20@gmail.com
27099	FOREST HILLS REAL ESTATE BROKERS	فوريست هيلس للوسطاء العقاريين			mary@interocean.ae
34096	MERTOUN REAL ESTATE L.L.C	ميترون للعقارات ذ.م.م			lana@mertounrealestate.com
29150	HOGAR PROPERTIES	هوجار للعقارات		971-4-3266305	HDC.DUBAI@GMAIL.COM
35330	FORTUNE FOUR REAL ESTATE L.L.C	فورتشن فور للعقارات ذ.م.م			ashfaq.parekh@hotmail.com
23427	KEYSPACE REAL ESTATE BROKERS L.L.C	كيسبيس للوساطة العقارية ش.ذ.م.م		971-04-5808141	zaif.mohammad@gmail.com
26933	MAX UNIVERSAL REAL ESTATE BUYING & SELLING BROKERAGE	ماكس يونيفيرسال للوساطة في بيع العقارات وشرائها			admin@maxproperties.ae
31236	A D M REAL ESTATE L.L.C	ايه دي ام للعقارات ش.ذ.م.م			abdulla1981@gmail.com
35909	PREFERENCE PROPERTIES L.L.C	بريفرينس للعقارات ش.ذ.م.م			zada@preference.ae
36069	ICELAND REAL ESTATE L.L.C	ايسلاند للعقارات ش.ذ.م.م			omer2009uae@gmail.com
33718	LOAM REAL ESTATE L.L.C	لوم للعقارات ذ.م.م			Mohammed.j@live.com
18606	HOME PLUS HOMES REAL ESTATE	هوم بلس هومز للعقارات		43966695	info@hhsre.com
17038	PACIFIC HOMES PROPERTY	باسيفيك هومز للعقارات		97143880007	omer.nelly@gmail.com
15691	BLUE HOMES PROPERTIES L L C	بلو هومز للعقاراتش ذ م م		97142734533	bluehomesproperties1@gmail.com
25439	BAB AL HAJR REAL ESTATE BROKER	باب الحجر للوساطة العقارية		97143239429	babalhajr@gmail.com
32976	BEST SOLUTION REAL ESTATE BROKERS L.L.C	بيست سيليوشن للوساطة العقاريه ش.ذ.م.م			74hockey@gmail.com
30005	FAMCOMPAN F.L.L.C	اختبيرشركهعائليه عائلية ش.ذ.م.م			Sabita.manakchand@megabiztextile.com
36122	TRIFID PROPERTIES L.L.C	تريفيد للعقارات ش.ذ.م.م			mahdi@trifidmedia.ae
29435	HIGHWAY REAL ESTATE	هاي واي للعقارات			nadim.alfalah@gmail.com
36297	BANYAN TREE REAL ESTATE L.L.C	بنيان تريي للعقارات ش.ذ.م.م			realestatebanyantree@gmail.com
33052	SOKOL REAL ESTATE L.L.C	سوكول للعقارات ش.ذ.م.م			info@srst.pro
34581	CHOSEN HOMES REAL ESTATE L.L.C	جوسن هومز للعقارات ش.ذ.م.م	www.chosenhomesrealestate.com	555227532	cubar.emily@gmail.com
27591	THREE DIAMONDS LEASING PROPERTY BROKERAGE AGENTS L.L.C	ثري دايموندس للوساطة في تأجير العقارات ش.ذ.م.م			sajidamodar2011@gmail.com
29385	BLUE CROWN REAL ESTATE	بلو كراون للعقارات			bluecrownestate@gmail.com
27820	SKY VIEW PROPERTIES	سكاي فيو للعقارات			archibrahimbastwesy@gmail.com
33029	AKNAN REAL ESTATE L.L.C	اكنان للعقارات ش.ذ.م.م		557595597	Emirate.ae@outlook.com
37474	WEALTHVIEW REAL ESTATE L.L.C	ويلثفيو للعقارات ش.ذ.م.م			Sylvanus@wealthviewrealestate.com
26111	Richie Real Estate LLC	ريتشي للعقارات ش ذ م م		5033333080	kalqaisieh@gmail.com
29416	A B H REAL ESTATE	ايه بي اتش للعقارات			z_abir@hotmail.com
28490	CIVILSME FOR WEB-DESIGN CO.	شركة الشركات المدنية الصغيرة والمتوسطة لتصميم مواقع الشبكة المعلوماتية ( الانترنت)			Hoda.elsawa@gmail.com
31660	S F R REAL ESTATE BROKERS L.L.C	اس اف ار للوساطة العقارية ش.ذ.م.م			asif.ullah@adamglobal.com
33083	CRISTAL POWER REALTY REAL ESTATE L.L.C	كريستال باور ريلتي للعقارات ش.ذ.م.م			shafeelamca@gmail.com
31178	MAYFAIR LUXURY REAL ESTATE L.L.C	مايفير لاكشري للعقارات ش.ذ.م.م			saifrazak@hotmail.com
32935	U L O REAL ESTATE L.L.C	يو ال او للعقارات ش.ذ.م.م			Syedshafqat24@yahoo.com
33940	DIACO PROPERTIES L.L.C	دياكو للعقارات ش.ذ.م.م			Soniadxb642@gmail.com
26885	NEXT HOME REAL ESTATE BROKER L.L.C	نكست هوم للوساطة العقارية ش.ذ.م.م			G.karrar1@gmail.com
27121	ZEE REAL ESTATE L.L.C	زي للعقارات ش.ذ.م.م			OSAMMAMAHMOOD@GMAIL.COM
33237	HANUB PROPERTIES L.L.C	هانوب للعقارات ش.ذ.م.م			prakash.1729@gmail.com
25896	CASA REALITY REAL ESTATE L.L.C	كازا رياليتي للعقارات ش.ذ.م.م			noonari786@gmail.com
30504	OCEAN VIEW REAL ESTATE BROKER	اوشن فيو للوساطة العقارية			nawaz.ishaq12395@gmail.com
30356	FOREMEN FIEFDOM REAL ESTATE L.L.C	فوريمين فيفدوم للعقارات ش.ذ.م.م			shamsa@gmail.com
33208	INVESURE REAL ESTATE	انفيسور للعقارات		585923428	Enzob.dubai@gmail.com
31675	HIT REAL ESTATE	هيت للعقارات		543342140	anas1122@hotmail.com
30484	STAR PLUS REAL ESTATE	ستار بلس للعقارات			makhtar.hussain1983@gmail.com
24031	NOURA ALMULLA REAL ESTATE	نورة الملا للعقارات			abdulmateenkhan007@gmail.com
34948	SALINA REAL ESTATE L.L.C	سالينا للعقارات ش.ذ.م.م			salahalsafadi@salinagroup.com
35144	VIHAAN REAL ESTATE BROKERAGE	فيحان للوساطة العقارية			devareddy16@gmail.com
39470	SIGNATURE HOMES CLASSIC REAL ESTATE L.L.C	سيجنيشر هومز كلاسيك للعقارات ش.ذ.م.م			liaqat_chughati1@yahoo.com
36266	BETTER PARKER REAL ESTATE BROKERS L.L.C	بيتر باركر للوساطة العقارية ش.ذ.م.م			m.mohitgoel@gmail.com
31999	UNIQE STYLE REAL ESTATE L.L.C	يونيك ستايل للعقارات ش.ذ.م.م			hwaqasi1@gmail.com
30834	WIN WIN UNIVERSE REAL ESTATES L.L.C	ون ون يونفيرز للعقارات ش.ذ.م.م			wiinwiinco@gmail.com
31176	WAED ALEASRIA PROPERTIES L.L.C	وعد العصريه للعقارات ذ.م.م			urafiq795@gmail.com
27843	MARKAI REAL ESTATE BROKERAGE	ماركاي للوساطة العقارية			clientrelations@commitbiz.com
35888	NEXT BRIDGE REAL ESTATE BROKERAGE L.L.C	نيكست بريدج للوساطة العقارية ش.ذ.م.م			Nextbridgeestates@gmail.com
33846	MANA REAL ESTATE BROKERAGE L.L.C	مانع للوساطة العقارية ش.ذ.م.م		40000000	manahadi88@gmail.com
15955	MODERN SQUARE REAL ESTATE MANAGEMENT SERVICES	مودرن إسكوير لخدمات إدارة العقارات	www.modrnsquare.net	42566636	ahmed.zahran@modernsquare.net
16673	CIVIL ARCH REAL ESTATE BROKERS L.L.C	سيفيل ارج للوساطة العقارية ش.ذ.م.م		971-4-5637324	
25460	THE SMART HOMES REAL ESTATE L.L.C	ذا سمارت هومز للعقارات ش.ذ.م.م		971-04-5466181	thesmarthomereal@gmail.com
30943	NOOR ALASAR REAL ESTATE	نور العصر للعقارات		506460446	info@nooralasarrealestate.ae
31977	SHINE STAR REAL ESTATE	شاين ستار للعقارات			shinestarhomeproperty@gmail.com
28020	LIFE HMS REAL ESTATE BROKERAGE	لايف همس للوساطة العقارية			adel_cool9@hotmail.com
24266	GEMS LUXURIOUS PROPERTIES L.L.C	جيمس لاكجوريوس للعقارات ش.ذ.م.م	www.gemspropertiesllc.com	555073386	syedarifuddin0007@gmail.com
32253	RATHORE REAL ESTATE L.L.C	راتهور للعقارات ش.ذ.م.م			asimazizrathor@gmail.com
34621	QRAR PROPERTY	قرار للعقارات			maya7428@gmail.com
43540	ALBAIT ALAALI REAL ESTATE BROKER	البيت العالي للوساطه العقاريه			ahmadrahaf07@gmail.com
41238	JIYA PROPERTIES	جياى للعقارات			giapropertiesdxb@gmail.com
41081	TERRAVISTA PROPERTIES L.L.C	تيرافيستا للعقارات ذ.م.م			snnrasheed@gmail.com
41131	AL OROBA REAL ESTATE BROKERAGE CO. L.L.C	العروبه للوساطة العقارية شركة الشخص الواحد ذ.م.م		971-50-8025555	Bb.99services@gmail.com
43928	SAIF SAEED REAL ESTATE BROKERAGE	سيف سعيد للوساطة العقارية		+971-504994004	javedji16693@gmail.com
40349	DOMUS NOVUS REAL ESTATE L.L.C	دوموس نوفوس للعقارات ش.ذ.م.م		45964817	michelle.viragh17@gmail.com
41807	MELOSA REAL ESTATE L.L.C	ميلوسا العقارية ش.ذ.م.م			melosavip@gmail.com
42567	SOFTBUILDERS PROPERTIES L.L.C	سوفت بيلدرز للعقارات ش.ذ.م.م			softbuildersproperties@gmail.com
41853	SERENE VISTA REAL ESTATE L.L.C	سيرين فيستا للعقارات ش.ذ.م.م			yjh1908amy@gmail.com
40565	APEX PRIME REAL ESTATE BROKERS L.L.C	ايبكس برايم للوساطة العقارية ذ.م.م			Sameralsadi92@gmail.com
40548	WHITE STAG PROPERTIES L.L.C	وايت ستاج بروبرتيز ش.ذ.م.م			Vineethcabral@yahoo.com
41642	M11 PROPERTIES	ام 11 للعقارات			m11propertiesuae@gmail.com
40834	GGM METAHOMES REAL ESTATE L.L.C	جي جي ام ميتا هوم للعقارات ش.ذ.م.م			gll@eim.ae
1668	CAPITAL REAL ESTATE	العاصمة للعقارات	www.capitalreale.com	564773263	mohamed.shahat@casttio.net
41571	YASIN KAADAN REAL ESTATE BUYING & SELLING BROKERAGE L.L.C	ياسين قعدان للوساطة في بيع العقارات وشرائها ش.ذ.م.م			Yasinkaadan@gmail.com
42627	ABISH REAL ESTATE L.L.C	ابيش للعقارات ذ.م.م			abish.invest@gmail.com
40072	INFINITE LAND REAL ESTATE L.L.C	انفينيتي لاند للوساطة العقارية ش.ذ.م.م			karan.mehta90@hotmail.com
41609	UPARROW PROPERTIES L.L.C	اب ارو بروبرتيز ش.ذ.م.م			sdxb2005@gmail.com
40869	VIVIANA PROPERTIES L.L.C	فيفيانا للعقارات ش.ذ.م.م			mscontractors77@gmail.com
41840	WEN PROPERTY REALESTATE L.L.C	وين بروبيرتي للعقارات ش.ذ.م.م			saimabhatti9797@gmail.com
41493	GUROVA REAL ESTATE L.L.C	جوروفا للعقارات ذ.م.م			gurova.vlada@gurovaproperties.com
33488	IMPERIAL VIEW REAL ESTATE L.L.C	امبيريال فيو للعقارات ش.ذ.م.م			prouae3@gmail.com
42482	ASNAAD REAL ESTATE L.L.C	اسناد للعقارات ذ.م.م			Muhammadmoosa7@outlook.com
42903	A K G REAL ESTATE BROKERAGE L.L.C	ايه كيه جي للوساطة العقارية ش.ذ.م.م			BASSELFATEH86@GMAIL.COM
42361	REALITY NODE REAL ESTATE L.L.C	رياليتي نود للعقارات ش.ذ.م.م			bibo1990yu@gmail.com
34449	A M T PROPERTIES L.L.C	ايه ام تي للعقارات ذ.م.م			amrmfayez@gmail.com
43728	METROMAX REALESTATE BROKERAGE L.L.C	ميتروماكس للوساطة العقارية ش.ذ.م.م			Shubhashishdwork@gmail.com
43556	USP REAL ESTATE	يو اس بي للعقارات			office@uspestate.ae
42352	TAJ EMPIRE REAL ESTATE L.L.C	تاج امباير للعقارات ش.ذ.م.م			tajudee1504@gmail.com
44007	FOREIGN BROTHERS REAL ESTATE BROKERS L.L.C	فورن براذرز للوساطة العقارية ذ.م.م		501639911	info@fb-realestate.com
42284	ARMAAN CAPITAL REAL ESTATE L.L.C	ارمان كابيتال للعقارات ذ.م.م			admin@armaancapital.com
42079	AGEM PROPERTY BROKERS L.L.C	ايه جي اي ام للوساطة العقارية ش.ذ.م.م			seema@agemproperties.com
42185	CORAL DREAMS REAL ESTATE BUYING & SELLING BROKERAGE L.L.C	كورال دريمز للوساطة في بيع العقارات وشرائها ذ.م.م			s.1340@yahoo.com
43195	MARYAM ALMATAWA REAL ESTATE	مريم المطوع للعقارات			mona4555898@gmail.com
40719	D X R PROPERTIES L.L.C	دي اكس ار للعقارات ش.ذ.م.م			yaseenmansour333@gmail.com
41625	RESI RISE REAL ESTATE L.L.C	ريسي رايز للعقارات ش.ذ.م.م			resirise.uae@gmail.com
43627	M O T FOR REAL ESTATE BROKERAGE	ام او تي للوساطة العقارية		971555505579	mohdobaid123@hotmail.com
41235	CURRENCY REAL ESTATE L.L.C	كارينسي للعقارات ش.ذ.م.م			Karim@gbs.ae
42815	CELTINA REAL ESTATE L.L.C	سيلتينا للعقارات ذ.م.م		585190349	imane@celtinafinance.com
43689	ALMUTAQADIMA REAL ESTATE BROKERAGE L.L.C	المتقدمة للوساطة العقارية ش.ذ.م.م			omersahab@hotmail.com
43985	S K A ELEGANT PROPERTIES L.L.C	اس كيه ايه ايليجنت للعقارات ذ.م.م			himanshu.shhukla@gmail.com
40625	AMARA REAL ESTATE L.L.C	امارا للعقارات ذ.م.م		506617675	maryam@amaraproperty.co
43005	H B Y PROPERTIES L.L.C	اتش بي واي للعقارات ذ.م.م			BHIND5858@GMAIL.COM
43162	REALISTA PENTA REAL ESTATE L.L.C	رياليستا بينتا للعقارات ش.ذ.م.م			Tujan.abssi@gmail.com
40771	AVANGARD REAL ESTATE L.L.C	افانقارد للعقارات ش.ذ.م.م			ainurdxb@gmail.com
41742	BLUE SHARK REAL ESTATE L.L.C	بلو شارك للعقارات ش.ذ.م.م			feras.nouran@yahoo.com
41107	VELVET VISTAS REAL ESTATE L.L.C	فيلفت فيستاس للعقارات ذ.م.م			payal.ailawadhi@gmail.com
41407	NOOR SEDDIQI REAL ESTATE L.L.C	نور صديقي للعقارات ش.ذ.م.م	https://noorseddiqi.com	501688481	idres.ahmad@noorseddiqi.com
40426	IMPERIO REAL ESTATE L.L.C	ايمبيريو للعقارات ش.ذ.م.م			farah_1083@yahoo.com
42681	V NOBLES REAL ESTATE L.L.C	في نوبلز للعقارات ش.ذ.م.م			AQARHA108@GMAIL.COM
43386	EWBS DREAM HOMES PROPERTIES L.L.C	ايه دبليو بي اس دريم هوم للعقارات ش.ذ.م.م			zafarabbas147@gmail.com
44315	AL KAWTHER REAL ESTATE L.L.C	الكوثر للعقارات ش.ذ.م.م			fuad@windowslive.com
43573	R I Z LUXURY REAL ESTATE L.L.C	ار اي زد لاكجري للعقارات ش.ذ.م.م			rizinfo23@gmail.com
40941	KRYPTON GLOBAL REAL ESTATE L.L.C	كريبتون جلوبال للعقارات ش.ذ.م.م			mona@kryptonglobalinvestments.com
44368	T S F PROPERTIES L.L.C	تي اس اف للعقارات ش.ذ.م.م			thomasflaherty_80@hotmail.com
41528	REALNET PROPERTIES L.L.C	ريلنت للعقارات ذ.م.م			Info@realnet.ae
40940	PRIME DEALS REAL ESTATE BROKERS L.L.C	برايم ديلز للوساطة العقارية ش.ذ.م.م			NADA.ALSULEBI@GMAIL.COM
41011	VALANTO REAL ESTATE L.L.C	فالانتو للعقارات ش.ذ.م.م			Cel01002@hotmail.com
44122	BIG APPLE REAL ESTATE L.L.C	بيق ابل للعقارات ذ.م.م			sheryar@hotmail.co.uk
42504	ROSETONE PROPERTIES L.L.C	روزستون للوساطة العقارية ش.ذ.م.م			admin@rosetoneproperties.com
41946	WWA REALTY BROKERS L.L.C	دبليو دبليو ايه للوساطه العقارية ش.ذ.م.م			ahmadwaseem127@gmail.com
37153	PRO HARTLAND REAL ESTATE	برو هارتلاند للعقارات		561661966	mussulman1966@gmail.com
44276	RAYAN PRESTIGE REALTY BROKERAGE L.L.C	ريان بريستيج ريالتي للوساطة العقارية ش.ذ.م.م			rayan_z@live.com
40866	TOWNSEND REAL ESTATE BROKERAGE L.L.C	تاونسيند للوساطة العقارية ش.ذ.م.م			pete@townsenduae.com
41194	HOMEFIELD REAL ESTATE L.L.C	هوم فيلد للعقارات ش.ذ.م.م			fareednadir@gmail.com
41579	CAZADORES REALTY L.L.C	كازدوز للعقارات ش.ذ.م.م			cazadores.ae@gmail.com
20666	U C F REAL ESTATE L.L.C	يو سي اف للعقارات ش.ذ.م.م		43686318	admin@ucforward.com
36365	ARTE EXTREME PROPERTIES L.L.C	ارت اكستريم للعقارات ش.ذ.م.م			mae@artepropertiesdubai.com
43486	LAPLACE & CREUSEVEAU REAL ESTATE L.L.C	لابلاس & كريوسيفيو للعقارات ش.ذ.م.م			margaux.creuseveau2@gmail.com
40395	ORLOV REAL ESTATE BROKERS L.L.C	اورلوف للوساطة العقارية ش.ذ.م.م			Orlov.bro@yandex.ru
42869	T F B PROPERTIES L.L.C	تي اف بي للعقارات ذ.م.م			emanabh10@gmail.com
44429	GALAXY VIEW REAL ESTATE BROKERAGE L.L.C	جالاكسي فيو للوساطة العقارية ذ.م.م			shahidiqbalbas@gmail.com
40637	INZONE PROPERTIES L.L.C	انزون للعقارات ش.ذ.م.م			info@inzone.ae
42498	TRUSTED REAL ESTATE L.L.C	ترستد للعقارات ش.ذ.م.م			nurbek.asandin@gmail.com
40857	ALKHAT ALZAHABI PROPERTIES L.L.C	الخط الذهبي للعقارات ش.ذ.م.م			fatmaamin4@gmail.com
40801	GOLDEN HANDS REAL ESTATE L.L.C	قولدن هاندس للعقارات ش.ذ.م.م			rowelilustrisimo@gmail.com
42847	JORDAN HISHAM PROPERTIES L.L.C	جوردن هشام للعقارات ش.ذ.م.م			jordanahisham@gmail.com
42872	CAPION REAL ESTATE L.L.C	كابيون للعقارات ش.ذ.م.م			office@capionrealestate.com
40212	G S M PROPERTIES L.L.C	جي اس ام للعقارات ذ.م.م			mghh.dxb@gmail.com
44384	HOMESHUB REAL ESTATE L.L.C	هومزهب للعقارات ش.ذ.م.م			homeshubdubai@gmail.com
44432	ELITE HEIGHTS REAL ESTATE L.L.C	إيليت هايتس للعقارات ذ.م.م			fadybadran@gmail.com
41150	KAIZEN HOMES REAL ESTATE L.L.C	كايزن هومز للعقارات ش.ذ.م.م			kajolbhatia12@gmail.com
34089	STERNA VESTA REALTY L.L.C	ستيرنا فيستا للعقارات ذ.م.م	https://www.sternavesta.com/		romain.asma@icloud.com
43731	EVEREST VIEW PROPERTIES L.L.C	ايفرست فيو للعقارات ش.ذ.م.م			sheejashaji88@gmail.com
40001	RE HORIZONS PROPERTIES L.L.C	ار اي هورايزن للعقارات ش.ذ.م.م		585843833	anthony.m@re-horizons.com
43626	RAZBAR PROPERTIES	رضبار للعقارات		43436472	Ceo@razbarproperties.com
25629	SHERO PROPERTIES REAL ESTATE L L C	شيرو بروبيرتيس للعقارات ش ذ م م		43880433	anildas@sheroproperties.com
41012	METHOD REAL ESTATE L.L.C	ميثود للعقارات ش.ذ.م.م			ishangrover93@gmail.com
41290	CONNECT MARS INTERNATIONAL REAL ESTATE L.L.C	كونيكت مارس انترناشيونال للعقارات ش.ذ.م.م			hakanbucakinfo@gmail.com
40162	WOLSEN REAL ESTATE L.L.C	ولسين للعقارات ذ.م.م			info@petrolic.org
40236	FOREMOST REALTY REAL ESTATE BROKERAGE	فورموست ريالتي للوساطة العقارية		559364440	ali.alemadi971@hotmail.com
40167	SYLA REAL ESTATE L.L.C	سايلا للعقارات ش.ذ.م.م			ceo@sylarealestate.com
40342	T S A PROPERTY L.L.C	تي اس ايه للعقارات ش.ذ.م.م			Roksana@theblockbuyingcompany.co.uk
42781	AL BURAIMI REAL ESTATE	البريمي للعقارات			aalburaimi88@gmail.com
11638	ARABIAN ACRES REAL ESTATE L.L.C	عريبين ايكرز ريل استيت ش.ذ.م.م	ATIQ ISMAIL KAPADIA	97144527744	issa.atiq@gmail.com
42908	ISLAM SHADY PROPERTIES L.L.C	اسلام شادى للعقارات ش.ذ.م.م			Islamyousseff123@gmail.com
42069	FIRST TRUST REAL ESTATE	فيرست تراست للعقارات		42513937	Huda.sultan21@hotmail.com
42871	KIESTATES REAL STATE L.L.C	كيستاتيس للعقارات ذ.م.م			puneetisrani9@gmail.com
41295	ELITE OSE REAL ESTATE L.L.C	اليت او اس اي للعقارات ش.ذ.م.م			infoibhdubai@gmail.com
33143	RAW PROPERTIES	ار ايه دبليو للعقارات		42278821	reyadhawadi@yahoo.com
42795	PRIME AND LUXE REAL ESTATE L.L.C	برايم اند لوكس للعقارات ش.ذ.م.م			MANSOOR105@HOTMAIL.COM
41896	CHELSEA PROPERTIES L.L.C	تشيلسي للعقارات ش.ذ.م.م			Olechkavladi@gmail.com
41163	M O R REAL ESTATE BROKERAGE L.L.C	ام او ار للوساطة العقارية ش.ذ.م.م			hanyusef20@gmail.com
43180	GRANDIR REALTY L.L.C	جرانداير للعقارات ش.ذ.م.م		501597720	pj@elixirw.com.au
43178	TREND LAND REAL ESTATE	تريند لاند للعقارات			Trend_land@hotmail.com
43660	Z A Z PROPERTIES L.L.C	زد ايه زد للعقارات ش.ذ.م.م			Khaoula.khaoulazaz@gmail.com
41932	GHAZZALI ALQASR REAL ESTATE	غزالي القصر للعقارات			Attariishar@gmail.com
42708	EMIRADO REAL ESTATE BROKERS L.L.C	ايميرادو للوساطة العقارية ش.ذ.م.م			emiradobrokers@gmail.com
40556	AYNALINE REAL ESTATE L.L.C	اينالاين للعقارات ش.ذ.م.م			ayana.emilevna@gmail.com
41256	SEDRA FOR REAL ESTATE BROKERAGE L.L.C	سيدره للوساطة العقارية ش.ذ.م.م			mohammed.azazi@yahoo.com
40412	EASY DEALS REAL ESTATE L.L.C	ايزي ديلز للعقارات ش.ذ.م.م			gautam@easydealsrealestate.com
42368	FREISA REAL ESTATE L.L.C	فريزا للعقارات ش.ذ.م.م			Oldvoynikova@gmail.com
42539	MAJESTIC MIRAGE REAL ESTATE L.L.C	ماجستيك ميراج للعقارات ذ.م.م			majesticmirage2@gmail.com
40219	GOLDMAN STREET LUXURY REAL ESTATE L.L.C	جولدمان ستريت لكجري للعقارات ش.ذ.م.م		40000000	tony@goldman-street.com
32987	ASG REALTY L.L.C	ايه اس جي للعقارات ش.ذ.م.م			Fill26@bk.ru
42866	LUCRETIA REAL ESTATE BROKER L.L.C	لوكريتيا للوساطة العقارية ش.ذ.م.م			Sofiane@lucretiarealty.com
43011	MANSION MUGHAL REAL ESTATE L.L.C	مانشن موغال للعقارات ذ.م.م			darbabarr@gmail.com
42357	KAIGO REAL ESTATE L.L.C	كايغو للعقارات ش.ذ.م.م			das2208@yahoo.com
42727	HANOK INTERNATIONAL REAL ESTATE L.L.C	هنوك انترناشونال للعقارات ش.ذ.م.م			hardik010421@gmail.com
11578	SECOND HOME PROPERTIES BROKER L.L.C	البيت الثاني للوساطة العقارية ش.ذ.م.م		971-4-3277726	essam@2hproperties.com
42953	MERBAA PROPERTIES L.L.C	مرباع للعقارات ش.ذ.م.م	https://merbaa.ae		almuhairi5551@icloud.com
44433	UNFOLD REAL ESTATE BROKERAGE	انفولد للوساطة العقارية			preeavmane@gmail.com
42536	M G T DELUXE REAL ESTATE L.L.C	ام جي تي ديلوكس للعقارات ذ.م.م			hrd@mgtgroup.ae
33226	DIAMOND KEYS REAL ESTATE L.L.C	دايموند كيز للعقارات ذ.م.م			Ameenalzyout@gmail.com
40484	PRIME OPTIONS REAL ESTATE L.L.C	برايم اوبشنز للعقارات ش.ذ.م.م			realestate@optionsec.com
41679	NOUR AL RAFFA REAL ESTATE	نور الرفاعة للعقارات			Vibulandcom@gmail.com
42158	SOLAF REAL ESTATE	سولاف العقارية		556666520	tariq.abudhabi@gmail.com
41121	M S F PROPERTIES L.L.C	ام اس اف للعقارات ش.ذ.م.م			Farkhandayousaf8@gmail.com
43306	FIVE WELLS REAL ESTATE BROKERAGE CO. L.L.C	فايف ولز للوساطة العقارية ذ.م.م		45534615	info@fivewellsrealestate.com
44190	CHARM STATE REAL ESTATE L.L.C	شارم استيت للعقارات ش.ذ.م.م			shanifshani012@gmail.com
42343	NOOR AL KISWA PROPERTIES L.L.C	نور القصوى للعقارات ش.ذ.م.م			sales.almocraft@gmail.com
40519	NURAKS REAL ESTATE L.L.C	نوراكس للعقارات ش.ذ.م.م			akarshan.sanan@icloud.com
44283	CROSWELL REAL ESTATE L.L.C	كروسويل للعقارات ذ.م.م			Jackson@croswell.ae
42317	FALAH HWAIDI REAL ESTATE L.L.C	فلاح هويدى للعقارات ش.ذ.م.م			amarhwaidi@icloud.com
40758	DE FIRST LUXURY PROPERTIES L.L.C	دي إي فيرست لاكشري للعقارات ذ.م.م			Ahmeddxb.pro@gmail.com
44049	PRIME REFIN REAL ESTATE L.L.C	برايم ريفاين للعقارات ش.ذ.م.م			simon.hast@rently.sg
41157	AHMED SHOKR REAL ESTATE L.L.C	احمد شكر للعقارات ش.ذ.م.م			ahmed.shokr80@gmail.com
40881	NIKVANDAMME REAL ESTATE L.L.C	نيكفاندامي للعقارات ش.ذ.م.م			nikita.dubairealestate@gmail.com
2576	LUXURY ESTATES REAL ESTATE L.L.C	لكتشري ايستيت للعقارات ذ.م.م	www.snsprop.com	45567370	astha@luxuryestates.ae
40957	A X G REAL ESTATE L.L.C	ايه اكس جي للعقارات ش.ذ.م.م			alex@alexanderjohnsongroup.com
42601	HAIJU REAL ESTATE L.L.C	هايجو للعقارات ش.ذ.م.م			ruping1988crp@gmail.com
43748	AILA REAL ESTATE L.L.C	ايلا للوساطة العقاريه ش.ذ.م.م			petri@mannila.eu
40177	MANOR HOUSE REALESTATE L.L.C	مانور هاوس للعقارات ذ.م.م			m.alhajj897@gmail.com
41425	PLEDGE PROPERTIES L.L.C	بليدج للعقارات ذ.م.م			ajminsaif@gmail.com
1549	KINGS TOWN PROPERTIES L.L.C	كينغس تاون للعقارات ذ.م.م	www.scorpiorealestate.com	971-4-3432120	farvez862004@gmail.com
42909	ARIA EXPAT REAL ESTATE	اريا اكسبات للعقارات			ariarealestatedubai@gmail.com
43886	H A S REAL ESTATE L.L.C	اتش اي اس للعقارات ش.ذ.م.م			haithamhamydy@gmail.com
40557	MIDGARD PROPERTIES L.L.C	ميدجارد للعقارات ش.ذ.م.م			Mohammedgumar.uae@gmail.com
41276	GOLD SPIRIT PROPERTIES	جولد سبيريت للعقارات			karim.arabb@gmail.com
43219	POGORZELSKI REAL ESTATE L.L.C	بوجورزيلسكي للعقارات ش.ذ.م.م	www.pogorzelski.ae		contact@pogorzelski.ae
42081	Y S G REAL ESTATE L.L.C	واي اس جي للعقارات ش.ذ.م.م			Rodionova-galina@yandex.ru
40574	HANDY WAY PROPERTIES L.L.C	هاندي واي للعقارات ش.ذ.م.م		45294554	shadi_jalabi@hotmail.com
43854	ORBIT HOME REAL ESTATE BROKERAGE	اوربيت هوم للوساطة العقارية			adnan@kayan-red.com
42974	MARC FISCHER REAL ESTATE L.L.C	مارس فيشر للعقارات ش.ذ.م.م			fischer@fischer-invest.de
21422	DEVMARK REAL ESTATE BROKERS L.L.C	ديفمارك للوساطة العقارية ش.ذ.م.م		971-4-2941603	info@devmark.com
25630	AMWAJ AL BAHAR REAL ESTATE	امواج البحر للعقارات			zulfismmmm@gmail.com
41466	PROMARK REAL ESTATE L.L.C	برومارك للعقارات ش.ذ.م.م			hala@promark-realestate.com
33298	HOMEPEDIA REAL ESTATE	هوم بيديا للعقارات		971-4-1234567	eng_tawfiq@yahoo.com
44135	REAL SANDY REAL ESTATE L.L.C	ريل ساندي للعقارات ش.ذ.م.م			huey_1535@hotmail.com
43446	Z A F PROPERTIES L.L.C	زد ايه اف للعقارات ش.ذ.م.م			Firaskhan4@gmail.com
34299	TRINITY GLOBAL REAL ESTATE L.L.C	ترينيتي جلوبال للعقارات ذ.م.م		43921234	fablodubai2020@gmail.com
32955	CITY TIME REAL ESTATE L.L.C	سيتي تايم للوساطة العقارية ش.ذ.م.م			PATEISDUBAI@GMAIL.COM
40483	GREEN HUB PROPERTIES L.L.C	جرين هب للعقارات ش.ذ.م.م			vinu@greenhubholdings.com
42883	AVENUE ELITE PROPERTIES L.L.C	افينيو ايليت للعقارات ذ.م.م			Jcafdubai@icloud.com
42144	COZY CASA REALTY L.L.C	كوزي كازا العقارية ش.ذ.م.م			Elmajjatinadia1@gmail.com
28819	LA PERLA REAL ESTATE	لبيرلا للعقارات			monzer@kalotipm.com
43107	A G R PROPERTIES L.L.C	ايه جي ار للعقارات ش.ذ.م.م			admin@agrproperty.com
43003	BHC REAL ESTATE L LC L.L.C	بي اتش سي للعقارات ذ.م.م			hhomsi8@yahoo.com
40898	UNIQUE LIFE REAL ESTATE L.L.C	يونيك لايف للعقارات ش.ذ.م.م			Hamdiamal380@gmail.com
42850	GULF EMPIRE REAL ESTATE L.L.C	جلف امباير للعقارات ش.ذ.م.م			Shehzad.Ahmed7292@gmail.com
43942	GOLDEN WEALTH REAL ESTATE	جولدن وولث للعقارات			ceo@goldenwealth.ae
41962	ORBIT LINE REAL ESTATE BROKER L.L.C	اوربت لاين للوساطة العقارية ش.ذ.م.م			ramvantage@gmail.com
40515	DANDELION REAL ESTATE BROKERS L.L.C	داندليون للوساطة العقارية ش.ذ.م.م			Mohammadali.haminasab1987@gmail.com
42179	SAMAREH REAL ESTATE L.L.C	ثمره للعقارات ش.ذ.م.م		543111153	sbigdli@gmail.com
43184	COVENANT REAL ESTATE BROKERAGE L.L.C	كوفينانت للوساطة العقارية ذ.م.م			salomiebosman@gmail.com
44630	LES FONTS REAL ESTATE L.L.C	ليس فونتس للعقارات ذ.م.م			jalal.omar2020@gmail.com
40063	CELESTIAL SPIRES REAL ESTATE L.L.C	سيلستيل سبيرس للعقارات ش.ذ.م.م			mostafa_montaser43@yahoo.com
40142	A E A M REAL ESTATE L.L.C	ايه اي ايه ام للعقارات ش.ذ.م.م		45126800	acc@emb2020.com
43089	THE GENUINE REAL ESTATE L.L.C	ذا جينوين للعقارات ذ.م.م			dillyn.vandermerwe@gmail.com
41231	VISION X NEXUS REAL EASTE L.L.C	فيجن اكس نكسوس للعقارات ذ.م.م			mosaabhalabi6@gmail.com
43971	DALLAH REAL ESTATE L.L.C	دلة للعقارات ش.ذ.م.م			Mohd.araaj@gmail.com
41240	DUONA REAL ESTATE L.L.C	دوانا للعقارات ش.ذ.م.م			tangyingjun777@gmail.com
42813	UCS PRIME REAL ESTATE L.L.C	يو سي اس برايم للعقارات ش.ذ.م.م			mb@ucs-mail.com
40206	GREEN CAPITAL PROPERTIES L.L.C	جرين كابيتال بروبيرتيز ش.ذ.م.م	https://www.gcapitalproperties.com/	43431109	info@gcapitalproperties.com
28546	PROEDGE REAL ESTATE & MANAGEMENT SERVICES	برودج للعقارات و الخدمات الاداريه	www.proedge.ae	544562225	info@proedge.ae
41456	LARYAN PROPERTIES L.L.C	لاريان للعقارات ش.ذ.م.م			sarah@laryanproperty.com
42468	MEYSAM BAGHBANI REAL ESTATE BROKERAGE L.L.C	ميثم باغباني للوساطة العقارية ش.ذ.م.م			meysam.baghbani@gmail.com
42373	PARVA REAL ESTATE L.L.C	بارفا للعقارات ش.ذ.م.م			reachparva@gmail.com
41464	ELITE CORNER STONE PROPERTY L.L.C	ايليت كورنر ستون للعقارات ش.ذ.م.م			Elitecornerstone24@gmail.com
43680	ROCK IMMO REAL ESTATE L.L.C	روك ايمو للعقارات ذ.م.م			juliencelinemartello@hotmail.fr
43976	HINA KHAN PROPERTIES L.L.C	حنا خان للعقارات ش.ذ.م.م			hinamahmoodkhan@gmail.com
43560	AVARTEN REAL ESTATE L.L.C	افارتين للعقارات ش.ذ.م.م			r.alejew@gmail.com
41838	ECSTATIC HOME REAL ESTATE L.L.C	اكستاتك هوم للعقارات ش.ذ.م.م			kashifnaeem0849@gmail.com
42438	ALFURAT REAL ESTATE BROKER L.L.C	الفرات للوساطة العقارية ذ.م.م			Ameera7assan@gmail.com
40218	PURE VISION REAL ESTATE BROKER	بيور فيجين للوساطة العقارية		42220332	HAMID@LMGD.AE
43894	S R J REAL ESTATE L.L.C	أس أر جي للعقارات ش.ذ.م.م			rizwanjalil99@gmail.com
40337	UPPER CAPITAL PROPERTIES L.L.C	ابر كابيتال للعقارات ذ.م.م			wswsaab@gmail.com
43638	SBJ REAL ESTATE L.L.C	اس بي جيه للعقارات ش.ذ.م.م			Saifeb663@gmaol.com
43336	M3D REAL ESTATE	ام 3 دي للعقارات			m3d.re@hotmail.com
40596	VELVET HOMES FOR REAL ESTATE BUYING & SELLING BROKERAGE	فيلفيت هومز للوساطة في بيع العقارات وشرائها			velvethomesdubai@gmail.com
41646	UNIRISE REAL ESTATE L.L.C	يونيرايز للعقارات ش.ذ.م.م			wahegurublessings@gmail.com
42766	ARAAK REAL ESTATE L.L.C	اراك للعقارات ش.ذ.م.م			Hishamqader61@gmail.com
42527	SEQUENCE REAL ESTATE L.L.C	سيكونس للعقارات ذ.م.م			ahmed_abuzeidan@hotmail.com
44292	BESPOKE PREMIUM REAL ESTATE L.L.C	بيسبوك بريميوم للعقارات ش.ذ.م.م			O.Kocherova@mail.ru
41085	A R M REAL ESTATE	ايه ار ام للعقارات			mohammedsabt@hotmail.com
30758	JADEER REAL ESTATE L.L.C	جدير للعقارات ش.ذ.م.م			typing.ask@gmail.com
43328	KUSHAN REAL ESTATE L.L.C	كوشان للعقارات ش.ذ.م.م			info@kushan.ae
41164	SSJ MAISON REAL ESTATE L.L.C	اس اس جيه ميون للعقارات ش.ذ.م.م			Amarjameel@gmail.com
41471	ERADA REAL ESTATE BROKERAGE L.L.C	إرادة للوساطة العقارية ش.ذ.م.م			metni.elias@gmail.com
28924	ALTITUDE REAL ESTATE	التيتيود للعقارات			hadi@altitudedubai.com
44148	IBM INTERNATIONAL REAL ESTATE L.L.C	آي بي إم إنترناشيونال للعقارات ش.ذ.م.م			ibrahim@ibmglobalme.com
43467	PRIME PLATINUM PROPERTIES L.L.C	برايم بلاتينيوم للعقارات ش.ذ.م.م	http://primeplatinumproperties.com		hamdi__@hotmail.com
40136	J A Z REAL ESTATE	جيه أيه زد للعقارات			saif.ul88@yahoo.com
43291	GHIZLANE REAL ESTATE L.L.C	غزلان للعقارات ذ.م.م			ghizlanekaraoui1@gmail.com
43905	EMERALD GATE REAL ESTATE L.L.C	ايمريلد جيت للعقارات ذ.م.م			aasajgroup@gmail.com
41435	RACHELL REAL ESTATE L.L.C	راشيل للعقارات ش.ذ.م.م			alanashoor@icloud.com
42788	NEST GLOBAL PROPERTIES L.L.C	نست جلوبال للعقارات ذ.م.م			gulcin.altuntop@gmail.com
41202	HORIZONVISTA REAL ESTATE L.L.C	هورايزن فيستا للعقارات ش.ذ.م.م			finance@horizonvista.net
40868	IBRIYAL LIVING PROPERTIES L.L.C	ابريال ليفينج للعقارات ش.ذ.م.م			mujahidmatheen@gmail.com
40517	TRIPLE EDGE PROPERTIES L.L.C	تربيل ايدج للعقارات ذ.م.م			admin@tripleedgeproperties.com
33035	LUXE SERENITY 24 REAL ESTATE L.L.C	لوكس سيرنيتي 24 للعقارات ذ.م.م			Kunaldawda@hotmail.com
41975	ALNOOD REAL ESTATE BROKERAGE	النود للوساطة العقارية			alnood1@gmail.com
42466	VANGUARD PREMIER PROPERTIES L.L.C	فانجارد بريمير للعقارات ش.ذ.م.م			RAFEEQCITY@GMAIL.COM
40621	LUX QUEINA REAL ESTATE L.L.C	لوكس كيوينا للعقارات ذ.م.م			almuazz.pathan@gmail.com
41442	PRECIOUS DREAMS REAL ESTATE L.L.C	بريشيوس دريمز للعقارات ش.ذ.م.م		426414422	simrandubai12@gmail.com
41657	TOPGEAR REAL ESTATE L.L.C	توبجيرللعقارات ش.ذ.م.م		97145034002	sagarpande@hotmail.co.uk
41457	NOTTINGHAM REAL ESTATE BROKERS L.L.C	نوتينغهام للوساطة العقارية ش.ذ.م.م			mayse.mustafa.88@gmail.com
41166	UNITE CIRCLE REAL ESTATE L.L.C	يونيت سيركل للعقارات ش.ذ.م.م			unitecircle.uae@gmail.com
42297	MASAAR HOME REAL ESTATE L.L.C	مسار هوم للعقارات ش.ذ.م.م		502038435	ahmad.kayali@masaarhome.com
43456	SDR CAPITAL REAL ESTATE L.L.C	إس دي آر كابيتال للعقارات ش.ذ.م.م			jc@palladiumgroup.ae
40807	TERA REAL ESTATE L.L.C	تيرا للعقارات ش.ذ.م.م			tarun.jn@gmail.com
43415	ALPHA FUSION PROPERTIES L.L.C	الفا فيوجين بروبرتيز ذ.م.م			Samehreda8@gmail.com
38334	M A E W REAL ESTATE L.L.C	ام ايه إي دبليو للعقارات ذ.م.م			h.alhoosni@hotmail.com
40255	CLIFTON CAPITAL REAL ESTATE L.L.C	كليفتون كابيتال للوساطة العقاريه ش.ذ.م.م			akhilvijayame@gmail.com
40652	ARBORE REAL ESTATE L.L.C	اربور للعقارات ش.ذ.م.م			jm.pestalozzi@gmail.com
39994	QASAR AL UROOJ REAL ESTATE	قصر العروج للعقارات		971-52-	jadeedurooj@gmail.com
40202	AURA VENTURES REAL ESTATE L.L.C	اورا فينشرس للعقارات ش.ذ.م.م			Shuaib@auraventures.ae
25459	PHANTOM HOUSE REAL ESTATE	فانتوم هاوس للعقارات			ehabyonis@hotmail.com
40241	FORTUNATE PROPERTIES L.L.C	فورتينيت للعقارات ش.ذ.م.م			replymaya6@gmail.com
42673	MANEE ALNAQBI REAL ESTATE L.L.C	مانع النقبي للعقارات ذ.م.م			alnaqbi.realestate@gmail.com
43811	DARYAN REAL ESTATE L.L.C	دريان للعقارات ش.ذ.م.م			congjunrealestate99@gmail.com
41751	EXALT REAL ESTATE L.L.C	اكسالت للعقارات ش.ذ.م.م		971|566527670	connect@exaltrealestate.ae
43864	TLOTT PROPERTIES L.L.C	تيلوت للعقارات ذ.م.م			MATEOJOSEPH15@GMAIL.COM
41274	IMRAN ASLAM REAL ESTATE L.L.C	عمران اسلم للعقارات ش.ذ.م.م			info@imran-aslam.com
40118	M T A REAL ESTATE L.L.C	ام تي ايه للوساطة العقارية ش.ذ.م.م			mouhamedtaherali@hotmail.com
43790	FATI LUXURY REAL ESTATE BROKERAGE L.L.C	فاتي لاكشري للوساطة العقارية ش.ذ.م.م			f-alnuaimi@hotmail.com
42732	ELITE VISION REALTY L.L.C	اليت فيجن للعقارات ش.ذ.م.م		508002965	abdullah.baig8787@gmail.com
40732	PURPLE 7 REAL ESTATE L.L.C	بربل 7 للعقارات ش.ذ.م.م			mustafa.alinc@googlemail.com
42618	971 OFF PROPERTY L.L.C	971 اوف للعقارات ش.ذ.م.م			contact@971property.com
43289	I C L PROPERTIES AND REAL ESTATES L.L.C	آي سي ال بروبرتيز آند ريل ستيت ش.ذ.م.م			md@icl.ae
42875	MARRIOTT MARK REAL ESTATE L.L.C	ماريوت مارك للعقارات ش.ذ.م.م			NADA.KH@YAHOO.COM
42948	G U G REAL ESTATE L.L.C	جي يو جي للعقارات ش.ذ.م.م		971-58-5538699	uzairkhanceogugrealestate@gmail.com
41755	ABITARE REALTY REAL ESTATE L.L.C	ابيتار ريالتي للعقارات ذ.م.م			marceroldan1918@gmail.com
42824	LUXHAUS REAL ESTATE L.L.C	لوكس هاوس للعقارات ش.ذ.م.م			hamzajehangir2@gmail.com
43494	PRIME PEARL REAL ESTATE L.L.C	برايم بيرل للعقارات ش.ذ.م.م			black_usa1@hotmail.com
43269	PINNACLES REAL ESTATE BROKERAGE	بيناكلز للوساطة العقارية		585050018	info@pinnaclesuae.com
40788	SEVEN STATE PROPERTIES L.L.C	سيفن ستيت للعقارات ش.ذ.م.م			Babarshahzad14@gmail.com
43111	EMBARK PROPERTIES L.L.C	ايمبارك للعقارات ش.ذ.م.م			meetgardi97@gmail.com
41777	TRUST POINT REAL ESTATE L.L.C	تارست بوينت للعقارات ذ.م.م			maria.dinulescu@gmail.com
42342	POSH PROPERTIES L.L.C	بوش للعقارات ش.ذ.م.م			amirhamza7595@icloud.com
43110	RIADH & AMINE REAL ESTATE BUYING & SELLING BROKERAGE L.L.C	رياض و امين للوساطه في بيع العقارات وشراءها ش.ذ.م.م			medaminebenmna@gmail.com
41427	SILVER DUNES REAL ESTATE BROKERS L.L.C	سيلفر دنس للوسطاء العقاريين ش.ذ.م.م			Mansoor_malik82@yahoo.com
41516	VESTIAN MEA REAL ESTATE BROKERAGE L.L.C	فيستيان ميا للوساطه العقارية ش.ذ.م.م			sanjay@vestianmea.com
43452	CONTAXX REALTY L.L.C	كونتاكس للعقارات ش.ذ.م.م		555957191	rifa@contaxx.ae
41604	GREAT FUTURE REAL ESTATE L.L.C	جريت فيوتشر للعقارات ش.ذ.م.م		585650125	Sales@greatfuturere.com
32041	WEALTH REAL ESTATE L.L.C	ويلث للعقارات ش.ذ.م.م			anil@anzrealestate.com.ae
41545	COPESTONE REAL ESTATE L.L.C	كوبستون للعقارات ش.ذ.م.م			abhijeet.kaushik5140@gmail.com
44318	PINAKA REALTY L.L.C	بايناكا للعقارات ذ.م.م			nishtha2223@gmail.com
41394	AL SAFIYA PROPERTIES L.L.C	الصفية للعقارات ش.ذ.م.م			arunettummal@gmail.com
43204	SUBUL AL SALAM REAL ESTATE L.L.C	سبل السلام للعقارات ش.ذ.م.م			AS2832062@GMAIL.COM
40005	SOPRA MAKERRI REAL ESTATE	سوبرا ماكري للعقارات			makerri.sofiane@outlook.fr
42432	CONRAD PROPERTY MANAGEMENT - SOLE PROPRIETORSHIP L.L.C. - DUBAI BRANCH	كونراد لإدارة العقارات - شركة الشخص الواحد ذ م م - فرع دبي			osama@conradproperty.ae
41028	MAJ LUXE REAL ESTATE BROKERAGE L.L.C	ام ايه جيه لوكس للوساطة العقارية ش.ذ.م.م	www.majdxb.com		am.adv87@gmail.com
42865	L P E D REAL ESTATE BROKERAGE L.L.C	ال بي اي دي للوساطة العقارية ش.ذ.م.م			Luxurypropertyexperts@gmail.com
24113	SAFRANCORP REAL ESTATE BROKERS L.L.C	صفران كورب للوساطة العقارية ذ.م.م			MATROUSHIS12345@GMAIL.COM
43471	TOBE REAL ESTATE L.L.C	تي او بي اي للعقارات ذ.م.م			zeeshan@toberealestate.com
44225	HOMES HEIGHTS REAL ESTATE L.L.C	هومز هايتس للعقارات ش.ذ.م.م		971563897500	nasiruddin.mba2016@gmail.com
957	WOOD BRIDGE REAL ESTATE BROKERS	الجسر الخشبي للوساطة العقارية	khaja saifuddin	971-4-2546040	vrindubai@gmail.com
40334	BINAA CAPITAL REAL ESTATE L.L.C	بناء كابيتال للعقارات ش.ذ.م.م			n.ghadri@binaainvestment.com
44084	P G M REAL ESTATE L.L.C	بي جي ام للعقارات ذ.م.م			pgmrealestatedubai@gmail.com
42759	LEVANT SKY REAL ESTATE BROKERS L.L.C	ليفانت سكاي للوساطة العقارية ش.ذ.م.م			fahedalterkawy@hotmail.com
40262	PARKLANE HOMES REAL ESTATE L.L.C	باركلين هوم للعقارات ش.ذ.م.م			Omabubakr@gmail.com
43755	GRAND VICTORY REAL ESTATE L.L.C	جراند فيكتوري للعقارات ش.ذ.م.م			viraksims@gmail.com
40764	ABYAT REAL ESTATE L.L.C	ابيات العقاريه ذ.م.م			irahmanmuhamedabdelzaher@gmail.com
44376	EASY PROPERTIES	ايزي للعقارات			junaidkp85@gmail.com
42750	DIE GEISSENS REAL ESTATE L.L.C	دي جايسينس للعقارات ش.ذ.م.م		971-04-3197575	ded@dgre.ae
40759	MMT INTERNATIONAL REAL ESTATE BROKERAGE L.L.C	ام ام تي انترناشونال للوساطة العقارية ذ.م.م			mmsh4192@gmail.com
40576	R A G VISION REAL ESTATE BROKER L.L.C	ار ايه جي فيجن للوساطة العقارية ش.ذ.م.م			Info@ragvisions.com
42720	EVANA HOMES REAL ESTATE	ايفانا هومز للعقارات			info@detgroup.ae
43229	AYAAN SERAI PROPERTIES L.L.C	ايان سراي للعقارات ش.ذ.م.م		554999799	Pro@seraishipping.com
43885	LA MANSION FOR REAL ESTATE BUYING & SELLING BROKERAGE EST.	مؤسسة لا منسيون للوساطة في بيع العقارات وشرائها		+971-588442233	joseph.villadelgado32@gmail.com
40569	MEDAWI REAL ESTATE L.L.C	مداوي للعقارات ش.ذ.م.م			hmedawi2411@yahoo.com
43050	CRORE PROPERTY	كرور العقارية			ali.badaam@gmail.com
40614	10X PROPERTIES L.L.C	10 اكس للعقارات ش.ذ.م.م		524738949	Hossamfarhat08@gmail.com
32735	REALTY SCHOLARS REAL ESTATE L.L.C	ريلتي سكولارز للعقارات ش.ذ.م.م			dheeraj@realty-scholars.com
44220	RNB PROPERTIES L.L.C	أر إن بي للعقارات ذ.م.م			rnbpropertiesdxb@gmail.com
42229	FINDWELL REAL ESTATE L.L.C	فايندويل للعقارات ش.ذ.م.م			findwelluae@gmsil.com
43164	ASCENTYA REAL ESTATE L.L.C	أسينتيا للعقارات ش.ذ.م.م			rahmat.habib@ascentyarealty.com
25517	AARCO REAL ESTATE L.L.C	اركو للعقارات ش.ذ.م.م			alseiarikhalid@gmail.com
41102	SMILING STAR REAL ESTATE L.L.C	سمايلنج ستار للعقارات ذ.م.م			Gerry88888888@icloud.com
27856	GRACEFIELD RESOURCES PROPERTIES AND REAL ESTATE L.L.C	كريزس فيلد ريسورسيس للممتلكات والعقارات ش.ذ.م.م			vizitdubai@gmail.com
33004	ONE WAY REAL ESTATE L.L.C	ون واي للعقارات ش.ذ.م.م			nik04041985@gmail.com
43397	M M Y REAL ESTATE L.L.C	ام ام واي للعقارات ش.ذ.م.م			hamadaabumahmoud702@gmail.com
44300	S H A REAL ESTATE L.L.C	اس اتش ايه للعقارات ذ.م.م			ANWARSHAHJAHAN.UK@GMAIL.COM
32389	ORPHIC REAL ESTATE BROKER L.L.C	اورفيك للوساطة العقارية ش.ذ.م.م			mhmmad.jarrar@gmail.com
40089	THE KING BROTHERS PROPERTIES L.L.C	ذا كينق بروذارز للعقارات ذ.م.م			thekingsproperties0468@gmail.com
40422	WINVESTED ELITE REAL ESTATE L.L.C	وينفستد ايليت للعقارات ذ.م.م		45701555	Kanaan@winvested.com
42982	LUXE VENTURES PROPERTIES L.L.C	لوكس فنتشرز للعقارات ذ.م.م			xuta.liparteliani@gmail.com
42304	BUILD HOMES REAL ESTATE BROKERAGE L.L.C	بيلد هومز للوساطة العقارية ذ.م.م			arif@buildhomesre.ae
32898	ALQSBAA REAL ESTATE BROKERAGE	القصبا للوساطة العقارية			moshta2_78@yahoo.com
40772	ETHOS REAL ESTATE L.L.C	ايثوس للعقارات ذ.م.م			umair.alam@ethosrealestate.ae
42202	NOOR ALALAM REAL ESTATE BROKERS L.L.C	نور العالم للوساطة العقارية ش.ذ.م.م			naser.hamdy1100@gmail.com
44456	GLOBAL ICON REAL ESTATE BROKERAGE L.L.C	جلوبال ايكون للوساطة العقارية ش.ذ.م.م			shwets@hotmail.co.uk
40908	LAMARA SWEET HOME REAL ESTATE BROKERAGE L.L.C	لامارا سويت هوم للوساطة العقارية ش.ذ.م.م			souadmchida76@gmail.com
43831	IBRIZ REAL ESTATE BROKERAGE L.L.C	إبريزللوساطة العقارية ش.ذ.م.م		508536800	wallani@ibrizrealestate.com
42430	THEREALTORDUBAI REAL ESTATE BROKERAGE L.L.C	ثريلتردب للوساطة العقارية ش.ذ.م.م			nadia@therealtordubai.com
42889	LABREEZE REAL ESTATE	لابريز للعقارات			Realdarrenharris@Gmail.com
39999	EXCEL SIGNATURE PROPERTIES L.L.C	اكسل سيجنشر للعقارات ش.ذ.م.م			matrixeasy2022@gmail.com
41635	CMF PROPERTIES L.L.C	سي ام اف العقاريه ش.ذ.م.م			faiyazali312@gmail.com
40896	CASA PRIME REAL ESTATE L.L.C	كازا برايم للعقارات ش.ذ.م.م			AKULSINGHAL7@GMAIL.COM
41778	STELLA NOVA REAL ESTATE L.L.C	ستيلا نوفا للعقارات ذ.م.م			renata.garics@gmail.com
40938	EXCELLENCE AMBASSADORS REALESTATE L.L.C	ايكسلنس إمباسادورس للعقارات ش.ذ.م.م			Am@ireambassadors.com
41079	HOUSE OF PROP REAL ESTATE L.L.C	هاوس اوف بروب للعقارات ذ.م.م			solco.uae@gmail.com
40007	SIXTH AVENUE REAL ESTATE L.L.C	سيكست افينيو للعقارات ش.ذ.م.م			rthylan@yahoo.com
42721	BINTEC GLOBAL PROPERTIES L.L.C	بنتيك جلوبال للعقارات ش.ذ.م.م			artur.zlenko2008@gmail.com
40106	SSB REAL ESTATE BROKERAGE L.L.C	اس اس بي للوساطة العقاريه ش.ذ.م.م			SALBARAS@HOTMAIL.COM
43601	ZELTON REAL ESTATE L.L.C	زيلتون للعقارات ش.ذ.م.م			kishorekharel799@gmail.com
41005	PRIVE PLUS REAL ESTATE	بريف بلس للعقارات			ahmed.sirajeldin@gmail.com
43537	QASR ALAMAN REAL ESTATE L.L.C	قصر الامان للعقارات ذ.م.م			A.REDA@GMAIL.COM
40239	Z E N S PROPERTIES L.L.C	زد اي ان اس للعقارات ذ.م.م			zainssadiq@gmail.com
42254	ILIKA HOMES REAL ESTATE L.L.C	ايليكا هومز للعقارات ش.ذ.م.م			vikram@ilikahomes.ae
41623	YHATAW INTERNATIONAL REAL ESTATE L.L.C	يهاتو انترناشيونال للعقارات ش.ذ.م.م			bawaikaum0@gmail.com
42365	FUTURE DREAM HOME REAL ESTATE BROKERS L.L.C	فيوتشر دريم هوم للوساطة العقارية ش.ذ.م.م			dxb.1516@gmail.com
40411	CITY ZONE REAL ESTATE L.L.C	سيتي زون للعقارات ذ.م.م			Abdulrahmanz1998@icloud.com
42359	DREAMDWELL PROPERTIES	دريمدويل للعقارات			Yousafkhanlodhi5@gmail.com
40793	EATONS REALTY L.L.C	إيتنز للعقارات ش.ذ.م.م			samarshora@hotmail.com
40750	MILK REAL ESTATE L.L.C	ميلك للعقارات ش.ذ.م.م		97144558555	joannalouiseswain@gmail.com
41362	PRIMEPROP REAL ESTATE L.L.C	برايمبروب للعقارات ش.ذ.م.م			dxb@choprop.co.za
40482	TITAN ACRES REAL ESTATE L.L.C	تيتان اكريس للعقارات ش.ذ.م.م			mvwadhwa@yahoo.com
40819	V P X V Q REAL ESTATE L.L.C	في بي اكس في كيو للعقارات ش.ذ.م.م			vongqueen@yahoo.com
42479	BLOCK 89 REAL ESTATE L.L.C	بلوك 89 للعقارات ش.ذ.م.م		502349743	S.elgamal@block-89.com
41895	NESTCORE LUXURY HOMES REAL ESTATE L.L.C	نيستكور لكجري هومز للعقارات ش.ذ.م.م		552783750	Vanburn@nestcore-homes.com
41233	DWELLO DREAMS PROPERTIES L.L.C	دويلو دريمز للعقارات ش.ذ.م.م			farooqshahzed18@yahoo.com
43962	SULTAN ALSUWAIDI REAL ESTATE	سلطان السويدي للعقارات			dubai10077@gmail.com
41795	A K M K REALTY	ايه كيه ام كيه للعقارات		44527888	abdallah@alsondos.ae
43911	STANDARD HOMES REAL ESTATE L.L.C	ستاندرد هومز للعقارات ش.ذ.م.م			standardhomesdubai@gmail.com
10766	DREAM HOME REAL ESTATE (L.L.C)	دريم هوم للعقارات (ش.ذ.م.م)		971-4-3522775	dhre.dubai@gmail.com
41744	LIAISON MASTER GLOBAL REAL ESTATE BROKERS L.L.C	ليسون ماستر جلوبال للوساطة العقارية ش.ذ.م.م			
41448	I L P REAL ESTATE BROKERAGE L.L.C	اي ال بي للوساطة العقارية ذ.م.م			babarjamal111@gmail.com
41270	DESERT DIAMOND REAL ESTATE L.L.C	ديزرت دايموند للعقارات ذ.م.م			desertdiamondllc.dubai@gmail.com
39783	REDLAC REAL ESTATE L.L.C	ريدلاك للعقارات ش.ذ.م.م		502563377	md@calderme.com
41945	DREAM WISE REAL ESTATE L.L.C	دريم وايس للعقارات ش.ذ.م.م			syedasaba06@gmail.com
41524	TAPLUX PROPERTIES L.L.C	تابلوكس للعقارات ش.ذ.م.م			tamimi_kish@yahoo.com
42337	OPTION ONE PROPERTIES L.L.C	اوبشن ون للعقارات ش.ذ.م.م			management@option1.ae
41600	CREEK ELITE REAL ESTATE L.L.C	كريك اليت للعقارات ش.ذ.م.م			chenn97@live.com
40308	HEERA REAL ESTATE	هييرا للعقارات			sunitaeaswaran@gmail.com
44045	JSO REAL ESTATE BROKER	جي اس او للوساطة العقارية		507378882	elmn9ori@gmail.com
33057	REALEAZY PROPERTIES L.L.C	رييلئيزي للعقارات ش.ذ.م.م		97144081900	info@realeazy.ae
41039	OBDISALIN PROPERTIES L.L.C	اوبديسالين للعقارات ش.ذ.م.م			info@obdisalinproperties.com
41115	PHOENIX LUXURY REAL ESTATE L.L.C	فينيكس لاكجري للعقارات ذ.م.م			manavgangwani1977@gmail.com
43168	ELEANOR PROPERTIES L.L.C	الينور للعقارات ش.ذ.م.م	www.eleanorproperties.ae		admin@eleanorproperties.ae
43222	MICS GLOBAL REAL ESTATE L.L.C	ام اي سي اس جلوبال للعقارات ش.ذ.م.م		504712113	hourieh.memar@gmail.com
41620	M AND E REAL ESTATE L.L.C	ام اند اي للعقارات ش.ذ.م.م			essas045@gmail.com
41367	AZURA CITY REAL ESTATE BROKER L.L.C	ازورا سيتي للوساطة العقارية ش.ذ.م.م			ahmedsamyas2020@gmail.com
2595	DIGITAL PROPERTIES	ديجيتال بروبرتيز	www.digitalproperties.ae	971-4-3578445	zameer@digitalproperties.ae
44935	SUKNAY REAL ESTATE BROKERS	سكناي للوساطة العقارية			uaeforever@hotmail.com
28771	BRADLEY INTERNATIONAL REAL ESTATE	برادلي انترناشيونال للعقارات		521323666	MUSTAFA.M@BRADLEYDUBAI.AE
43914	A M E G REAL ESTATE L.L.C	ايه ام اي جي للعقارات ش.ذ.م.م			agm040404@gmail.com
43786	HIGHEST RETURN REAL ESTATE BUYING & SELLING BROKERAGE L.L.C	هايست ريتيرن للوساطة في بيع العقارات وشرائها ش.ذ.م.م			Magda.elnashar@icloud.com
40324	J S S REAL ESTATE BUYING & SELLING BROKERAGE	جي اس اس للوساطة في بيع العقارات وشرائها			vikasgaur8942@gmail.com
41353	KEY HUNTERS REAL ESTATE L.L.C	كي هانترز للعقارات ش.ذ.م.م			sonaidiculay@gmail.com
41760	CREO PROPERTY L.L.C	كريو للعقارات ش.ذ.م.م			tom@creogroup.ae
43303	SCENE REAL ESTATE L.L.C	سين للعقارات ش.ذ.م.م			fbelselah@gmail.com
43307	ALMUROOJ ALTHAHABIYA REAL ESTATE	المروج الذهبية للعقارات			binsaqr111@gmail.com
40400	ALIF NOON PROPERTIES L.L.C	ألف نون للعقارات ذ.م.م			muhammadnaeem.faizi@gmail.com
41817	MUDON GLOBAL REAL ESTATE L.L.C	مدن جلوبال للعقارات ذ.م.م			abd@mudonglobal.com
40377	BILLIONS HOUSE REAL ESTATE BUYING & SELLING BROKERAGE L.L.C	بيليونز هاوس للوساطة في بيع العقارات وشرائها ذ.م.م			info@billions.house
42530	SAWA LILAFTHAL REAL ESTATE BROKERS	سوا للافضل للوساطة العقارية			jmuotaz@gmail.com
43198	BERRY HOMES REAL ESTATE L.L.C	بيري هومز للعقارات ش.ذ.م.م			RASHIDK_135@HOTMAIL.COM
43937	ELBAY LUXURY ESTATES L.L.C	الباي لاكجوري للعقارات ش.ذ.م.م		55205235	lucchipauline@gmail.com
40281	SAIF BELJAFLA REAL ESTATE	سيف بالجافله للعقارات		43370270	legal@beljaflarealestate.com
40126	ABDULLAH FAIZI PROPERTIES L.L.C	عبدالله فايزى للعقارات ذ.م.م		553846504	abdullahfaizi605@gmail.com
44551	DREAM ROOF REAL ESTATE L.L.C	دريم روف للعقارات ش.ذ.م.م		556013960	kunwarsinghkrishna@gmail.com
31828	MOHAMMED ALKASMI PROPERTIES L.L.C	محمد القاسمي العقارية ش.ذ.م.م			a.alkasmi@gmail.com
41472	DIAMOND DREAMS REAL ESTATE L.L.C	دايموند دريمز للعقارات ذ.م.م			Rohollah.Rohparwar@gmx.de
41324	URBANERA PROPERTIES L.L.C	اوربانيرا للعقارات ذ.م.م			Wbreidy@thebreidys.com
40531	LUZVERDE REAL ESTATE L.L.C	لازفيردي للعقارات ش.ذ.م.م			lamisetaha11@gmail.com
43788	ARABIAN HORIZON REAL ESATE	ارابيان هورايزن للعقارات			amiri.abdulla@gmail.com
40776	NEXT CAPITAL REAL ESTATE L.L.C	نكست كابيتال للعقارت ذ.م.م			ppms.ae@gmail.com
40173	BESPOKE VENTURES REAL ESTATE L.L.C	بيسبوك فينتشرز للعقارات ش.ذ.م.م			sohailgopalani@hotmail.com
44077	DUREAL REAL ESTATE	دوريل للعقارات			Durealre@gmail.com
43056	MARCH REAL ESTATE & BROKERS L.L.C	مارش للوساطه وبيع العقارات ش.ذ.م.م			mianmud2000@gmail.com
40107	B R W REAL ESTATE L.L.C	بي ار دبليو للعقارات ش.ذ.م.م			ismailywms@gmail.com
41228	ISTHOMES GLOBAL REAL ESTATE L.L.C	ايست هومز جلوبال للعقارات ذ.م.م			reza.jafarian@isthomes.com
41508	DAR AL SHIFA REAL ESTATE L.L.C	دار الشفاء للعقارات ش.ذ.م.م	www.dasrealty.net	42835902	daralshifa.restate@gmail.com
41395	LLCSONORMALNONPARTNERMANAGER FOR WEB-DESIGN CO. L.L.C	لكسنرملننبرتنرمنجر لتصميم مواقع الشبكة المعلوماتية ( الانترنت) شركة الشخص الواحد ذ.م.م			info@cbegulf.com
42679	WIRE PROPERTIES L.L.C	واير للعقارات ش.ذ.م.م			babarrehman94@gmail.com
43448	LEWIS AND DORE REAL ESTATE L.L.C	لويس و دوري للعقارات ش.ذ.م.م			Mitch@air-dxb.com
40768	M M Z REAL ESTATE BROKER L.L.C	ام ام زد للوساطة العقارية ش.ذ.م.م			Mzrs3511@gmail.com
44038	UNLOCK PROPERTIES L.L.C	انلوك للعقارات ش.ذ.م.م			aboudiwanpatrick@gmail.com
42055	GREEN PARK REAL ESTATE L.L.C	جرين بارك للعقارات ش.ذ.م.م			Coolmac1@hotmail.com
42940	AFAAN REAL ESTATE L.L.C	عفان للعقارات ش.ذ.م.م			ahsanullahkhannoorani@gmail.com
40990	PRIMA CASA REAL ESTATE L.L.C	بريما كاسا للعقارات ذ.م.م			mmsh4192@gmail.com
42024	MELON INTERNATIONAL REAL ESTATE L.L.C	ميلون انترناشيونال للوساطة العقاريه ش.ذ.م.م			meloninternationalrealstate@gmail.com
41590	PRIME HAVEN PROPERTIES L.L.C	برايم هافن للعقارات ش.ذ.م.م			gladheartever@yahoo.com
44051	ALBASTONE REAL ESTATE L.L.C	الباستون للعقارات ش.ذ.م.م			rk_316@hotmail.com
41351	PROMPT PROPERTIES L.L.C	برومبت للعقارات ش.ذ.م.م		971585776911	awais986@outlook.com
42176	VIBGYOR REAL ESTATE L.L.C (BRANCH)	فيبقيور للعقارات ش.ذ.م.م (فرع)		44572104	admin@vibgyorrealestate.com
43954	DIRECT DEAL REAL ESTATE L.L.C	دايركت ديل للعقارات ذ.م.م			shifaansari4687@gmail.com
43735	ROVE HOUSE REAL ESTATE BROKERAGE	روف هاوس للوساطه العقاريه			alain_racing777@hotmail.com
42020	RADIANT SQUARE REAL ESTATE L.L.C	ريديانت سكوير للعقارات ش.ذ.م.م			mohammad.albab@gmail.com
1008	REAL ESTATE CODES	ريل استيت كودز			mousacontacts@gmail.com
40911	SMART CUBE REAL ESTATE	سمارت كيوب للعقارات	https://smartcuberealestate.com/		smartcuberealestate@gmail.com
40487	AYLAR PROPERTIES L.L.C	ايلار للعقارات ش.ذ.م.م			anurlyyeva@gmail.com
43829	CONSULTAA FOR REAL ESTATE BROKERS L.L.C	كنسلتا للوسطاء العقاريين ش.ذ.م.م			parag92kundalwal@gmail.com
41763	UMAR ABBASS REAL ESTATE L.L.C	عمر عباس للعقارات ش.ذ.م.م			umarabbasrealestate05@gmail.com
43044	NAJM ALWAFA PROPERTIES L.L.C	نجم الوفاء للعقارات ش.ذ.م.م			mohammadfeb10@gmail.com
42543	ROYAL IMPERIAL REAL ESTATE BROKER L.L.C	رويال امبيريال للوساطة العقارية ش.ذ.م.م			black_usa1@hotmail.com
17342	DHAMAN REAL ESTATE L.L.C	ضمان للعقارات ش.ذ.م.م		44215555	abdullah-beyat@hotmail.com
43700	ALASSAS REAL ESTATE L.L.C	العساس للعقارات ش.ذ.م.م			info@alassasre.com
43368	VARMAN & VARMAN PROPERTIES L.L.C	فارمان اند فارمان للعقارات ذ.م.م			varmanproperties@gmail.com
40861	LICHFIELD REAL ESTATE BROKERAGE L.L.C	ليتشفيلد للوساطة العقارية ش.ذ.م.م			shajilshoukath@gmail.com
41936	IYAD EL HUSSEINI REAL ESTATE L.L.C	اياد الحسيني للعقارات ش.ذ.م.م			iyad.elhusseini@gmail.com
40932	ENIGMA REAL ESTATE L.L.C	إنيجما للعقارات ش.ذ.م.م			raminyousufi181@gmail.com
43963	AGILITY INTERNATIONAL REAL ESTATE	أجيليتي إنترناشونال للعقارات			alibinmadhi1971@gmail.com
42764	WADI ALNEEL PROPERTIES L.L.C	وادي النيل للعقارات ذ.م.م			khalid.bushra89@gmail.com
40216	ELITE MERIT REAL ESTATE L.L.C	ايليت ميريت للعقارات ش.ذ.م.م	https://elitemerit.ae		shadi@elitemerit.ae
43217	KATCH AVENUE REAL ESTATE L.L.C	كاتش أفينيو للعقارات ذ.م.م		42682698	LABBH1977@GMAIL.COM
41605	ZAIN ALRSTOUM REAL EASTATE L.L.C	زين الرستم للعقارات ش.ذ.م.م			zeinrustom2001@gmail.com
40927	BAIT ALEMKAN REAL ESTATE L.L.C	بيت الامكان للعقارات ش.ذ.م.م		971565605100	barealestate757@gmail.com
41308	RISE HIGH REAL ESTATE L.L.C	رايز هاي للعقارات ش.ذ.م.م			zaidhardcorekhan@gmail.com
41882	W B D LUXURY PROPERTIES L.L.C	دبليو بي دي لكجري للعقارات ش.ذ.م.م			operations@tlz.ae
40341	LUXE PRIVE REAL ESTATE L.L.C	لوكس بريفي للعقارات ش.ذ.م.م			ahmed_alnaama@hotmail.co.uk
40485	SHENGSHI REAL ESTATE L.L.C	شينجشي للعقارات ذ.م.م		971502948158	shengshirealestate@gmail.com
40588	SWEVEN REALTY L.L.C	سويفن للعقارات ذ.م.م			avinash@swevenrealty.com
33252	RIGHT PLACE REAL ESTATE BUYING & SELLING BROKERAGE L.L.C	رايت بليس للوساطة في بيع العقارات وشرائها ش.ذ.م.م			m.younis1984@gmail.com
40509	Z & S REAL ESTATE BROKERS L.L.C	زد اند اس للوساطة العقارية ش.ذ.م.م			zeeshanthemanagers@gmail.com
29436	SEVEN LUXURY REAL ESTATE L.L.C	سفن لاكشري للوساطة ذ.م.م			fmmagnitfze@gmail.com
42893	ITS DONE PROPERTIES	اتس دن للعقارات			safahussain28@gmail.com
21088	HOME DEALS REALESTATE (BR OF BELRESHEED GROUP INVESTMENT ONE PERSON COMPANY L.L.C)	هوم ديلز العقارية (فرع من مجموعة بالرشيد للاستثمار شركة الشخص الواحد ش.ذ.م.م )		97142954422	obaid@belresheed.ae
43544	SMART ARKAN REAL ESTATE BROKERS L.L.C	سمارت اركان للوساطة العقارية ذ.م.م			mostafabroly@gmail.com
41680	SARTAWI PROPERTIES L.L.C	سرطاوي للعقارات ذ.م.م			mohammad.younis91@gmail.com
44268	BOOMING REALM REAL ESTATE L.L.C	بومينغ ريلم للعقارات ش.ذ.م.م			tudassi@gmail.com
44064	IXORA REAL ESTATE BROKER L.L.C	إكسورا للوساطة العقارية ش.ذ.م.م			sagr5242222@icloud.com
40373	G G S REAL ESTATE L.L.C	جي جي اس للعقارات ش.ذ.م.م			Invest.dubai.50@gmail.com
42658	DESERTGARDEN PROPERTY L.L.C	ديزيرت جاردن للعقارات ش.ذ.م.م			jackieyjj@hotmail.com
43137	M F S REAL ESTATE L.L.C	ام اف اس للعقارات ش.ذ.م.م			s-sshoaib@hotmail.com
41132	TARAVISTA REAL ESTATE L.L.C	تارافيستا للعقارات ذ.م.م		567227822	dunia@tara-vista.com
44748	ALASAD ALRAMADI REAL ESTATE L.L.C	الاسد الرمادي للعقارات ش.ذ.م.م			hossein@asadramadi.com
43241	NEXTERRA PROPERTIES L.L.C	نيكستيرا للعقارات ش.ذ.م.م			email.ashwin.shenoy@gmail.com
44267	ELMAHMUDI REAL ESTATE BROKER L.L.C	المحمودي للوساطة العقارية ش.ذ.م.م			taoufik.elboukili@gmail.com
40839	J A S VISION REAL ESTATE L.L.C	جي اي اس فيجن للعقارات ش.ذ.م.م		48374700	syedjahangirali25@gmail.com
42130	RICHLINE REAL ESTATE L.L.C	ريتش لاين للعقارات ش.ذ.م.م		566358961	Ward.nawar11@gmail.com
35381	SUPER DEALS REAL ESTATE L.L.C	سوبر دييلز للعقارات ش.ذ.م.م			Ceo@luxurysuperdeal.com
40123	JOLY STAR REAL ESTATE	جولي ستار للعقارات		558587010	alabdooli5758016@hotmail.com
40623	A V I TRUST REAL ESTATE BROKER L.L.C	ايه في اي ترست للوساطة العقارية ش.ذ.م.م			Andrei.voronin.1996@gmail.com
40366	ABOME REAL ESTATE L.L.C	ابومي للعقارات ش.ذ.م.م			karananand0369@gmail.com
41659	INNFINI HOMES REAL ESTATE L.L.C	انفيني هومز للعقارات ش.ذ.م.م			Sarithaviji@gmail.com
42656	GLOBREX REAL ESTATE L.L.C	جلوبريكس للعقارات ش.ذ.م.م			artur.oganesian@globrex.ae
42416	GUARANTEE FUTURE REAL ESTATE L.L.C	جرانتي فيوتشر للعقارات ذ.م.م			info@guaranteefuture.com
40904	L S C REAL ESTATE L.L.C	إل اس سي للعقارات ش.ذ.م.م			asamyemara@gmail.com
43083	HBS PROPERTIES L.L.C	اتش بي اس للعقارات ش.ذ.م.م			hbshbs789@gmail.com
41518	FUTURE AIMS REAL ESTATE BROKER L.L.C	فيوتشر ايمز للوساطة العقارية ش.ذ.م.م			Twasim88@yahoo.com
40905	D L X PROPERTIES L.L.C	دي ال اكس للعقارات ذ.م.م			hameedshahul186@gmail.com
41185	PETZOLD ELLIOTT REAL ESTATE L.L.C	بيتزولد اليوت للعقارات ذ.م.م			info@chriselliott.de
40129	GREEN ARCH PROPERTIES L.L.C	جرين ارج للعقارات ش.ذ.م.م		504548301	anmaralkamil@gmail.com
43665	REGENT CASTLE REAL ESTATE L.L.C	ريجنت كاسل للعقارات ش.ذ.م.م			hania.work24@gmail.com
41021	SIMPLY MORE FALC REAL ESTATE L.L.C	سيمبلي مور فالك للعقارات ش.ذ.م.م			amina.darmandeh@falcrealestate.com
40468	LE BLANC REAL ESTATE L.L.C	لي بلانس للعقارات ذ.م.م			info@leblancestate.com
43406	MODENA REAL ESTATE L.L.C	مودينا للعقارات ش.ذ.م.م			moustafagomaa.mah@gmail.com
43101	LVLM REAL ESTATE	ال في ال ام للعقارات			lvlm.realestate@gmail.com
42846	TAQDEER REAL ESTATE BROKERS	تقدير للوسطاء العقاريين			huma.imtiaz95@outlook.com
43130	BARGO REAL ESTATE L.L.C	بارجو للعقارات ذ.م.م			emivicente22@gmail.com
44017	TOP FASTER DEAL REAL ESTATE L.L.C	توب فاستر ديل للعقارات ش.ذ.م.م		971586620883	INFO@TOPFASTERDEAL.AE
42013	JESUTON REAL ESTATE L.L.C	جيسوتون للعقارات ش.ذ.م.م			Jesuton.cg@gmail.com
42752	N X T PROPERTIES L.L.C	ان اكس تي للعقارات ش.ذ.م.م			Zainaf00@hotmail.com
44088	XSITE REAL ESTATE BROKERS L.L.C (BRANCH)	اكسيت للوسطاء العقاريين ش.ذ.م.م (فرع)		43687000	info@xsite.ae
43206	STRATT SIGNATURE REAL ESTATE L.L.C	سترات سيجنيتشر للعقارات ش.ذ.م.م		43214616	info@stratt.ae
43568	LUXE AVENUE REAL ESTATE L.L.C	لوكس افينيو للعقارات ش.ذ.م.م			Hind.chnidguira@gmail.com
40942	TRANSPARENCY REAL ESTATE L.L.C	ترانسبيرنسي للعقارات ش.ذ.م.م			Ahmed.track1987@gmail.com
42137	MAAS & WEBER INTERNATIONAL REAL ESTATE BROKER L.L.C	ماس & ويبر انترناشونال للعقارات ش.ذ.م.م			maas@mwrealestatebroker.com
40170	HARMONY HOMES REAL ESTATE L.L.C	هارموني هومز للعقارات ذ.م.م			shalinipanwar92@gmail.com
28215	CREATIVE SOLUTIONS REAL ESTATE	كريتف سليوشنز للعقارات			tareq4848@gmail.com
44750	A M Z REAL ESTATE BROKERAGE L.L.C	ايه ام زد للوساطة العقارية ش.ذ.م.م			Mizah.b2b@gmail.com
40313	COSMIC INFRA REAL ESTATE L.L.C	كوسميك انفرا للعقارات ش.ذ.م.م			anky1978@gmail.com
40681	ROBIN JOHNSON REAL ESTATE L.L.C	روبن جونسون للعقارات ش.ذ.م.م			robinjose8888@gmail.com
41515	URBAN TOWN REAL ESTATE L.L.C	اوربان تاون للعقارات ش.ذ.م.م			majamota_1983@yahoo.com
43315	PINANK REALTY L.L.C	بينانك للعقارات ش.ذ.م.م			srikanth.molleti@outlook.com
42180	TAM PROPERTIES	تام للعقارات			Tamar.dzamuka@gmail.com
12032	M.E.K REAL ESTATE BROKERS	ام ئي كي للوساطة العقارية		971-4-4470562	elobeid@gmail.com
42280	HIVE HOMES REAL ESTATE L.L.C	هايف هومز للعقارات ش.ذ.م.م			Hassantoufeily@outlook.com
43122	MILLIONAIRES MANSIONS REAL ESTATE L.L.C	مليونيرز مانشنز للعقارات ذ.م.م			benz48200@gmail.com
35789	LEGION 22 LIVING REAL ESTATE L.L.C	ليجين 22 ليفينج للعقارات ذ.م.م			kathrin.schulz@legionrealestate.ae
44509	DREAMVEST PROPERTIES L.L.C	دريموست للعقارات ش.ذ.م.م			Jasalmansoori@hotmail.com
41847	FIDELIX REAL ESTATE L.L.C	فيديلكس للعقارات ش.ذ.م.م		45420100	damir@fidelix.ae
42949	PERK EXCELLENCE REAL ESTATE L.L.C	بريك ايكسلانتس للعقارت ش.ذ.م.م			adnanmac19@gmail.com
43326	JAMA REAL ESTATE L.L.C	جاما للعقارات ش.ذ.م.م			Ceo@jama.ae
43079	ALEX GAUSSE REAL ESTATE L.L.C	اليكس جاوس للعقارات ذ.م.م			fborinskih@icloud.com
44265	ZIENA REAL ESTATE	زينه للعقارات			aisha210619@gmail.com
42990	FIFTY SIX REALTY L.L.C	فيفتي سيكس للعقارات ش.ذ.م.م			M.mubashir78@gmail.com
43641	MAKANDAR REALTY FOR REAL ESTATE BUYING & SELLING BROKERAGE	ماكاندار ريلتي للوساطة في بيع العقارات وشرائها		529704696	ashwyn.dsouza87@gmail.com
28452	DUNHIL PROPERTIES REAL ESTATE BROKERAGE	دنهيل بروبرتيس للوساطة العقارية			AHMEDKHAQAN24@GMAIL.COM
42354	ALARFEEN REAL ESTATE L.L.C (BRANCH)	العارفين للعقارات ش.ذ.م.م (فرع)		45840643	info@alarfeenrealestate.ae
41809	FRIDAY FIVE REAL ESTATE L.L.C	فرايدي فايف للعقارات ش.ذ.م.م			5itsfive5@gmail.com
43359	INVESTORY REAL ESTATE L.L.C	انفستوري للعقارات ش.ذ.م.م			care2@wwfl-uae.com
43656	TRANSOCEAN TOWER REAL ESTATE BROKERAGE L.L.C	ترانسوشن تاور للوساطة العقارية ش.ذ.م.م			douyingbo@gmail.com
41330	NIVASA PROPERTIES L.L.C	نيفاسا بروبرتيز ش.ذ.م.م			abhimanyugreenday@gmail.com
34078	NASSIRA PROPERTIES	نصيره للعقارات		4200000	contact@nassiraproperties.com
42994	M S K LUXURIES PROPERTIES L.L.C	ام اس كي لكجريس للعقارات ذ.م.م			Saqibr842@gmail.com
40668	ESKON REAL ESTATE L.L.C	اسكون للعقارات ش.ذ.م.م		547058148	rm@federalsecurity.ae
32601	S H M PROPERTIES L.L.C	اس اتش ام للعقارات ذ.م.م			info@shmproperties.net
40352	EHR REAL ESTATE L.L.C	اي اتش ار للعقارات ش.ذ.م.م			sagar.patel@estatehunters.ae
43508	MOHAMMAD ABDULLA BUSHAGER REAL ESTATE BROKERAGE	محمد عبدالله بوشقر للوساطه العقاريه			mohammad.bushager@gmail.com
42478	VISER HAUT HOMES REAL ESTATE L.L.C	فايسر هاوت هومز للعقارت ش.ذ.م.م			snoverfragrances74@gmail.com
42880	OPHIR PROPERTIES L.L.C	أوفير للعقارات ذ.م.م			agsinan@gmail.com
44196	LUXELAND HOMES REAL ESTATE	لوكسلاند هومز للعقارات			ali3353393@hotmail.com
25605	UNIQUE HOMES REAL ESTATE BROKERAGE	يونيك هومز للوساطة العقارية			shafriq@gmail.com
43797	DUR REAL ESTATE L.L.C	دور للعقارات ش.ذ.م.م			MSA.ALGHAMDI@HOTMAIL.COM
43445	PRIMAL ALLIANCE REAL ESTATE L.L.C	برايمل الاينس للعقارات ذ.م.م			vasiliioxenciux@gmail.com
42533	MIDLAND PROPERTIES	ميدلاند بروبرتيز			chwasifbilal@gmail.com
41925	AL SULTAN AL ASHKAR REAL ESTATE L.L.C	السلطان الاشقر للعقارات ذ.م.م			alsultan.alashkar@gmail.com
40374	SILVERLINE PROPERTIES L.L.C	سيلفرلاين للعقارات ش.ذ.م.م			alexawadhi@gmail.com
40982	ZAMEEN ASMAAN REAL ESTATE	زمين اسمان للعقارات			Fahadakk7@gmail.com
33738	ITEC BUYING AND SELLING OF REAL ESTATE L.L.C	ايتيك لشراءالاراضي والعقارات وبيعها ش.ذ.م.م			ahmed.khalaf@itecuae.ae
42657	DELICATE REAL ESTATE L.L.C	ديليكيت للعقارات ش.ذ.م.م			aliaijaz15@yahoo.com
42358	ATHERNA REAL ESTATE L.L.C	اثيرينا للوساطة العقارية ش.ذ.م.م			athernadubai@gmail.com
42877	ETHICAL REAL ESTATE L.L.C	اثيكال للعقارات ش.ذ.م.م			danielwhitemba@gmail.com
42164	AL EISH REAL ESTATE	العيش للعقارات			rajeetk30@gmail.com
16088	AL JAZEERA PROPERTIES L.L.c	الجزيرة للعقارات ش.ذ.م.م		44563650	aljazeerahproperties@gmail.com
44880	MULTIRE REAL ESTATE L.L.C	ملتاير للوساطة العقارية ش.ذ.م.م			SABAR.ALIDXB@GMAIL.COM
44329	J P I REALTY	جيه بي اي ريلتي			jpiservices01@gmail.com
40033	ZILLION PROPERTIES L.L.C	زليون للعقارات ذ.م.م			azeem@zillionproperties.com
40046	VALUEAST REAL ESTATE BROKERS L.L.C	فاليويست للوسطاء العقاريين ذ.م.م			Khuram@wistech.biz
40741	ALNADIL REAL ESTATE	النادل للعقارات		506002274	rk.ashoknair@gmail.com
43158	EKLIL ALJABEL REAL ESTATE	إكليل الجبل للعقارات			Tanzelmohamed533@gmail.com
41114	SKY ELITE REAL ESTATE L.L.C	سكاي ايليت للعقارات ش.ذ.م.م			ashfaquerahmat@skyeliterealestate.com
40371	H M I REAL ESTATE L.L.C	اتش ام آي للعقارات ذ.م.م			mohamadneem296@gmail.com
43081	ROYAL MILESTONE PROPERTIES L.L.C	رويال ميلستون للعقارات ذ.م.م			sas@gmail.com
42145	N M K REAL ESTATE L.L.C	ان ام كيه للعقارات ش.ذ.م.م			nmk@nmk-realestate.com
40297	TOWN STREET REAL ESTATE	تاون ستريت للعقارات			dd.alkendi9@gmail.com
41027	FAST AND FORWARD PROPERTIES L.L.C	فاست اند فوروارد للعقارات ش.ذ.م.م		971-4-2360984	ashishkarn_1@live.com
44198	AMIRA REALTY REAL ESTATE BROKERAGE L.L.C	أميرة ريلت للوساطة العقارية ش.ذ.م.م	https://amirarealty.com	97148352111	rehman@amirarealty.com
43588	THREE POINTS REAL ESTATE BROKERAGE L.L.C	ثري بوينتس للوساطة العقارية ش.ذ.م.م			eyadalhabbal@yahoo.com
44751	A X E PROPERTIES L.L.C	ايه اكس إي للعقارات ذ.م.م		43322002	AMEER.ALGHARIB@GMAIL.COM
25575	SILVER OAK PROPERTIES L.L.C	سلفر اووك للعقارات ش.ذ.م.م			devang.janani@gmail.com
40858	LIONHEART REAL ESTATE L.L.C	ليونهارت للعقارات ش.ذ.م.م			Amani.choudhry@icloud.com
40182	UP TOWN HOME REALESTATE L.L.C	اب تاون هوم للعقارات ش.ذ.م.م			Admin@uptown-home.com
43802	MOATAMAD REAL ESTATE	معتمد للعقارات			Mataralfalsi@gmail.com
43242	E J K REAL ESTATE BROKERS L.L.C	إي جي كيه للوساطة العقارية ش.ذ.م.م		4	Joe.krait1984@gmail.com
12476	M A P REAL ESTATE	ام ايه بي للعقارات		971-4-3698050	info@mapreb.com
41033	GOLDEN CHANCE REAL ESTATE L.L.C	جولدن تشانس للعقارات ش.ذ.م.م			golden.chance2045@gmail.com
33449	TEX REAL ESTATE L.L.C	تكس للعقارات ش.ذ.م.م			Texgroupdubai@gmail.com
41369	A S N DREAM PROPERTIES L.L.C	ايه اس ان دريم للعقارات ش.ذ.م.م			Sorianasri12@gmail.com
43950	PROVEST REALESTATE L.L.C	بروفيست للعقارات ذ.م.م			Ramzi@provest.ae
41839	NASEEB REAL ESTATE L.L.C	نصيب للعقارات ش.ذ.م.م			naseeb.dxb9@gmail.com
40446	DIAMOND LIVING REAL ESTATE L.L.C	دايموند ليفينج للعقارات ش.ذ.م.م			ahmed.m.aboelnasr@gmail.com
42608	PRESTIGE IMMOBILIER REAL ESTATE L.L.C	برستيج إيموبيلير للعقارات ش.ذ.م.م			smaman@mac.com
42371	IMANE RHOUARHI REAL ESTATE L.L.C	ايمان غواغي للعقارات ذ.م.م			contact@imanerhouarhi.co
41592	HAPPY HORIZON PROPERTIES L.L.C	هابي هورايزون للعقارات ش.ذ.م.م			mmjafferraza14@yahoo.com
41195	ELITE SAAB PROPERTIES L.L.C	اليت صعب بروبرتيز ش.ذ.م.م			marwa.r.saab@hotmail.com
40497	EDGE MODERN PROPERTIES L.L.C	ايدج مودرن للعقارات ذ.م.م			absncube@yahoo.com
42958	LINK LINE REAL ESTATE L.L.C	لينك لاين للعقارات ذ.م.م			azadlinkline@gmail.com
40592	PEGASUS ALLIANCE GULF REAL ESTATE	بيجاسوس اليانس جلف للعقارات			Hassan.chhintalia@gmail.com
40740	AL ASMA UNITED PROPERTIES EST.	مؤسسة الاسما المتحدة للعقارات			naji@alasmaproperties.com
40432	NEXTGENX REAL ESTATE L.L.C	نيكست جينكس للعقارات ش.ذ.م.م		48845077	islam.alakaly@ngxrealestates.com
41912	SAROUTY PROPERTIES L.L.C	ساروتي للعقارات ش.ذ.م.م			Sefiane.contact@gmail.com
41731	PRIMAVERA REAL ESTATE BROKER L.L.C	بريما فيرا للوساطة العقارية ش.ذ.م.م			aabdelmoneim939@gmail.com
43072	LETS DEAL REAL ESTATE	ليتس ديل للعقارات			mohamadded6@gmail.com
25641	EMIRATES CORNER REAL ESTATE BROKERS	ركن الامارات للوساطه العقاريه		566777677	Mh.alhashmi@hotmail.com
11671	A PLUS REAL ESTATE BROKERS	اي بلوس للوساطة العقارية		971-4-4564662	sana.apre@gmail.com
43311	A I P REAL ESTATE	ايه اي بي للعقارات			support@leluxegroup.com
43143	DAS HAUS REAL ESTATE L.L.C	داس هاوس للعقارات ش.ذ.م.م			meharban@bakertillyjfc.com
42797	HILLS & LAKES REAL ESTATE L.L.C	هيلز اند ليكس للعقارات ش.ذ.م.م	www.hills-lakes.ae		ceo@hills-lakes.ae
40999	HOME VIEW REAL ESTATE L.L.C	هوم فيو للعقارات ش.ذ.م.م			shahriyarahmad2017@gmail.com
41054	PROPERTY FIRST REALTY L.L.C	بروبرتي فيرست للعقارات ش.ذ.م.م			Shakti@startanybusiness.ae
41159	AL DIAR AL ZAHABYA REAL ESTATE L.L.C	الديار الذهبية للعقارات ش.ذ.م.م			MOHAMADABOHEKAL@YAHOO.COM
42168	PRIME LUXURY PROPERTIES L.L.C	برايم لاكجري للعقارات ش.ذ.م.م			sunil.dxb36@gmail.com
40150	PEARL SHINE REAL ESTATE L.L.C	بيرل شاين للعقارات ذ.م.م			Pearlshine231@gmail.com
40682	SALES DRIVE REAL ESTATE L.L.C	سيلز درايف للعقارات ش.ذ.م.م			Olegstupenkov@sales-drive.ae
41417	MADLEN REAL ESTATE L.L.C	مادلين للعقارات ش.ذ.م.م			madlengrand@gmail.com
40567	HONEY HOMES REAL ESTATE BROKER L.L.C	هاني هومز للوساطة العقارية ش.ذ.م.م			Hanie.dezhgani@gmail.com
42435	BAIT ALIKRAM REAL ESTATE BROKERAGE L.L.C	بيت الاكرام للوساطة العقارية ش.ذ.م.م			mranasajid911@gmail.com
43293	NATURAL HOME REAL ESTATE L.L.C - DUBAI BRANCH	ناتشورال هوم للعقارات ذ.م.م - فرع دبي			info@naturalhomere.com
41486	SAVOS REALTY L.L.C	سافوز للعقارات ش.ذ.م.م		2466888	pro@emiratessetup.ae
41652	ALSHAYEB FOR REAL ESTATE BUYING & SELLING BROKERAGE L.L.C	الشايب للوساطة في بيع العقارات وشرائها ش.ذ.م.م			a.elshayeb101@gmail.com
40188	ELITE VEGAS PROPERTIES L.L.C	ايلايت فيجاس للعقارات ش.ذ.م.م			sunny06@hotmail.com
41341	BALANCE CAPITAL REAL ESTATE L.L.C	بالانس كابيتال للعقارات ش.ذ.م.م			1996quddus@gmail.com
42345	CURTIS REAL ESTATE L.L.C	كورتيس للعقارات ش.ذ.م.م			markcurtis01@icloud.com
43154	AQARATY REAL ESTATE L.L.C	عقاراتي للعقارات ش.ذ.م.م			khalifa.googel@gmail.com
42486	FUTURE ELITE REAL ESTATE	فيوتشر ايليت للعقارات			faisal.alketbi@live.com
40684	LAREN INTERNATIONAL REAL ESTATE L.L.C	لارين انترناشونال للعقارات ش.ذ.م.م			Faridgh362@gmail.com
43740	ADHAM REAL ESTATE BROKERS	أدهم للوسطاء العقاريين			gezunatnaelgezu@gmail.com
43416	NOVA CAPITAL REAL ESTATE L.L.C	نوفا كابيتال للعقارات ذ.م.م			knafiskhan@gmail.com
43663	HOME HILLS PROPERTIES L.L.C	هوم هيلز للعقارات ش.ذ.م.م		586586088	Ahmedgamalyousif@gmail.com
40767	VIVANT CITY REAL ESTATE L.L.C	فيفانت سيتي للعقارات ش.ذ.م.م			Mehrshadpezhdak@gmail.com
40066	BAIT AL OSOOL REAL ESTATE BROKERAGE L.L.C	بيت الاصول للوساطة العقارية ذ.م.م			qabaslawati@gmail.com
43095	ISRAA ALAMIN REAL ESTATE L.L.C	اسراء الامين للعقارات ش.ذ.م.م			Israalmin33@gmail.com
42694	ADAMAS PRIME PROPERTIES	اداماس برايم للعقارات			sibtainwali@gmail.com
42580	REDJEMI PROPERTIES L.L.C	رجيمي للعقارات ش.ذ.م.م		553346920	jimmy@redjemiproperties.com
42269	ELYSIUM REAL ESTATE L.L.C	اليسيوم للعقارات ش.ذ.م.م			samia.chibane2999@gmail.com
42891	ROOF & KEYS REAL ESTATE L.L.C	روف اند كيز للعقارات ذ.م.م			jensd17@gmail.com
42538	GO PROPERTIES L.L.C	جو للعقارات ش.ذ.م.م			Pg@godxb.com
43225	HUASHENG REAL ESTATE BROKER L.L.C	هوشينج للوساطة العقارية ش.ذ.م.م			274565019@QQ.COM
41547	DELMAR PROPERTIES L.L.C	ديلمار للعقارات ذ.م.م			D.ugaslov@gmail.com
44011	UNITY LUXURY REAL ESTATE BROKERAGE L.L.C	يونتي لاكجري للوساطة العقارية ذ.م.م			Info@nittin.co.in
43585	TERRATAG OASIS PROPERTIES L.L.C	تيراتاج اوسيس للعقارات ش.ذ.م.م			TERRATAGPROPERTIES@GMAIL.COM
43028	LIVING WALLS PROPERTIES L.L.C	ليفينج والس للعقارات ش.ذ.م.م			Dear75sabir@gmail.com
42629	RAYAT ALWARD REAL ESTATE L.L.C	راية الورد للعقارات ذ.م.م			elenamorozova0007@gmail.com
43795	CLOUD LASYA PROPERTIES L.L.C	كلاود لاسيا للعقارات ذ.م.م			manan.ag@gmail.com
40500	INNOVIX VENTURE REALITY L.L.C	انوفكس فينتشر للعقارات ش.ذ.م.م			admin@establishy.ae
43993	AGILOVA REAL ESTATE L.L.C	اجيلوفا للعقارات ش.ذ.م.م			agilova12@gmail.com
43998	AKSHAR REAL ESTATE L.L.C	أكشار للعقارات ش.ذ.م.م		45552285	Shrenahere@gmail.com
40755	DLC REAL ESTATE BUYING & SELLING BROKERAGE L.L.C	دي إل سي للوساطة في بيع العقارات وشرائها ش.ذ.م.م			alex@dlcestates.com
43939	NEW DREAM REAL ESTATE	نيو دريم للعقارات			ashukry@hotmail.com
42782	DLD TRUST PROPERTIES L.L.C	دي ال دي تراست للعقارات ذ.م.م			matulservices@gmail.com
40583	ROYAL CHATEAU REAL ESTATE BUYING & SELLING BROKERAGE L.L.C	رويال شاتو للوساطة في بيع العقارات وشرائها ش.ذ.م.م			ibraheimali369@gmail.com
40721	ALTA PROPERTIES L.L.C	التا للعقارات ش.ذ.م.م		4200010010	nyukaa@yahoo.com
40601	SHAM PRIME PROPERTIES L.L.C	شام برايم للعقارات ش.ذ.م.م			shamila.mihiranga@gmail.com
44717	WYL REAL ESTATE L.L.C	دبليو واي ال للعقارات ذ.م.م			drwael1981@yahoo.com
40854	E I C REAL ESTATE L.L.C	إي آي سي للعقارات ش.ذ.م.م		522793311	info@eliteinvestmentclub.ae
16270	OAKWOOD PROPERTIES L.L.C	اوكوود للعقارات ش.ذ.م.م		43119011	shail@oakwoodproperties.ae
41352	GOLDEN HUT PROPERTIES L.L.C	جولدن هت للعقارات ش.ذ.م.م			gulshana84@mail.ru
29567	K E A REAL ESTATE L.L.C	كيه اي ايه للوساطة العقارية ذ.م.م			mashkoorgm@yahoo.com
43425	RENDEZVOUS REAL ESTATE BROKER L.L.C	رندزفس للوساطة العقارية ش.ذ.م.م			isabellacrolfe@gmail.com
42026	NEW GOLDEN FUTURE REAL ESTATE BROKERS L.L.C	نيو جولدن فيوتشر للوساطة العقارية ش.ذ.م.م			basseel88@hotmail.com
41034	S B H REAL ESTATE L.L.C	اس بي اتش للعقارات ش.ذ.م.م			saeedalsallal@gmail.com
25412	H A K PROPERTIES L.L.C	اتش اي كيه للعقارات ش.ذ.م.م		42528824	info@hakgroup.ae
40156	TRIDENT PROPERTIES L.L.C	ترايدنت للعقارات ذ.م.م		42838377	vistavibesproperties@gmail.com
28707	MASAR ALGHAD REAL ESTATE BROKER	مسار الغد للوساطة العقارية			info@masaralghad.ae
41498	MBMA REAL ESTATE L.L.C	ام بي ام ايه للعقارات ش.ذ.م.م			canadamy@icloud.com
41174	LEVANTO PROPERTIES L.L.C	ليفانتو للعقارات ش.ذ.م.م			Swamykc567@gmail.com
41016	EIGHT HOMES REAL ESTATE L.L.C	ايت هوهز للعقارات ش.ذ.م.م			svetlana@eighthomes.ae
42525	HASHTAG CITY REAL ESTATE L.L.C	هاشتاق سيتي للعقارات ش.ذ.م.م			dxbreportfolio@gmail.com
39627	PROSTAR REAL ESTATE L.L.C	برو ستار للعقارات ش.ذ.م.م		971547785841	dhirajgangwani6@gmail.com
40715	BAB ALKHEER REAL ESTATE BROKER L.L.C	باب الخير للعقارات ش.ذ.م.م			babalkheerrealestate@gmail.com
40451	SINAI REAL ESTATE L.L.C	سيناي للعقارات ش.ذ.م.م			plepador@gmail.com
40711	BEST VIEW PROPERTIES L.L.C	بيست فيو للعقارات ذ.م.م			gatedubai813@gmail.com
43221	SEEMA ALMARZOOQI PROPERTIES	سيما المرزوقي للعقارات			sayed.hussain86@yahoo.com
43545	ALTHARWAT REAL ESTATE BROKERAGE	الثروات للوساطة العقارية		+971-508377768	Metha.alfalasi@gmail.com
40952	PROPOINT PROPERTIES L.L.C	بروبوينت للعقارات ش.ذ.م.م	www.propointae.com		M.shaat@propointae.com
44112	UNDER ONE ROOF REAL ESTATE L.L.C	اوندر ون رووف للعقارات ش.ذ.م.م			uordxb@gmail.com
41133	ADOBE PROPERTIES L.L.C	ادوب العقارية ذ.م.م			mirrahil@gmail.com
41205	LIAM REAL ESTATE L.L.C	ليام للعقارات ش.ذ.م.م			faraztadarokhormoz@gmail.com
42827	ZEUX REAL ESTATE BROKERAGE L.L.C	زيوكس للوساطة العقارية ذ.م.م			Abdalrahman.naksho.1998@gmail.com
40672	S K A I GLOBAL REALTY L.L.C	اس كيه ايه اي جلوبال العقارية ش.ذ.م.م			info.realtyai@gmail.com
43039	ARD ALMUSA REAL ESTATE L.L.C	أرض الموسى للعقارات ش.ذ.م.م			musaq03@gmail.com
41634	EMAAN PROPERTIES L.L.C	ايمان للعقارات ش.ذ.م.م			raif.ikkeri@gmail.com
40930	FIRST ADVANTAGE FOR REAL ESTATE BROKERAGE LLC	فيرست ادفنانتج للوساطة العقارية ذ م م		+971-503696670	info@firstab.ae
41640	RAKE VENTURES REAL ESTATE BROKERAGE L.L.C	ريك فينتشر للوساطة العقارية ش.ذ.م.م		45511786	mayank.bhagat@rakeventures.com
41771	I R W REAL ESTATE L.L.C	اي ار دبليو للعقارات ذ.م.م			Bb.99services@gmail.com
42621	CHAINEX REAL ESTATE L.L.C	جينيكس للعقارات ش.ذ.م.م		504180502	ceo@int-chainex.com
40873	EGIT REAL ESTATE L.L.C	ايجيت للعقارات ش.ذ.م.م			faizalamanath@gmail.com
43407	S M B PROPERTIES L.L.C	اس ام بي للعقارات ش.ذ.م.م			mfmohamedbilal@gmail.com
40133	NINA PROPERTIES L.L.C	ان اي ان ايه للعقارات ش.ذ.م.م			jltnina@gmail.com
41128	VAN ZANDT REAL ESTATE L.L.C	فان زانديت للعقارات ش.ذ.م.م			ora@emifast.com
43432	LEONHARDT PROPERTIES L.L.C	ليونهاردت للعقارات ش.ذ.م.م			contact@lucasleonhardt.com
41615	BUKHARI & SHAH REALTY L.L.C	بخاري و شاه للعقارات ذ.م.م	bsrealty.net		syedtahirulqadri@gmail.com
42235	LUXTOWN PROPERTIES L.L.C	لوكستاون للعقارات ش.ذ.م.م			ibrahimbaroudi@hotmail.com
28643	FUNDS HUB REAL ESTATE L.L.C	فوندس هوب للوساطة العقاريه ش.ذ.م.م		65572210	independent.adil@gmail.com
42491	FIRST LEAF REAL ESTATE L.L.C	فيرست ليف للعقارات ذ.م.م			kamrankhaliq09@gmail.com
41689	SUNSET HARBOR REAL ESTATE L.L.C	سنست هاربور للوساطة العقارية ش.ذ.م.م			ALAWAN.UMAIR@GMAIL.COM
44560	MAKTOOB PROPERTIES L.L.C	مكتوب للعقارات ش.ذ.م.م			ajmalalitp@gmail.com
41149	IMKURA REAL ESTATE L.L.C	امكورا للعقارات ش.ذ.م.م			info@imkura.com
41261	SUPREME SOLITAIRE PROPERTIES L.L.C	سوبريم سوليتير للعقارات ش.ذ.م.م			pal.rahul0506@gmail.com
42005	TWIN FALCON REAL ESTATE	توين فالكون للعقارات			faz.mo66@gmail.com
43898	MASA HOMES REAL ESTATE L.L.C	ماسة هومز للعقارات ش.ذ.م.م			masahomesdxb@gmail.com
41665	EQUITIX CAPITAL REAL ESTATE	إكويتكس كابيتال للعقارات		48356918	fsdxbord@gmail.com
42726	BAIT AL FALAJ REAL ESTATE BUYING AND SELLING BROKERAGE L.L.C	بيت الفلج للوساطة في بيع العقارات وشرائها ش.ذ.م.م		566824609	amani.alshaqsi@gmail.com
42748	RIGHT CATCH PROPERTIES L.L.C	رايت كاتش للعقارات ش.ذ.م.م			hodaifahr@yahoo.com
42566	LARSA REAL ESTATE BROKERAGE L.L.C	لارسا للوساطة العقارية ش.ذ.م.م			info@larsa-properties.com
42016	R P H PROPERTIES L.L.C	ار بي اتش للعقارات ش.ذ.م.م			dimen@rphuae.ae
40037	ANASTI REAL ESTATE L.L.C	انستي للعقارات ش.ذ.م.م			ana@aerealtygroup.ca
40127	AVENUE 360 PROPERTIES L.L.C	افنيو 360 للعقارات ش.ذ.م.م			justicetoall@hotmail.com
40853	FORSA PROPERTIES L.L.C	فرصة للعقارات ذ.م.م			yassin.elforkani@gmail.com
39748	SUPERIOR TAMEER REAL ESTATE BROKERS L.L.C	سوبيرير تمير للوساطة العقارية ش.ذ.م.م			talha@superiortameer.com
41069	K O S PROPERTY L.L.C	كيه او اس للعقارات ش.ذ.م.م			mariia@kosproperty.com
42526	N A N O REAL ESTATE BUYING & SELLING BROKERAGE L.L.C	ان ايه ان او للوساطة في بيع العقارات وشرائها ش.ذ.م.م			kimi1851172@naver.com
42899	AEON ROUTES REAL ESTATE L.L.C	أيون روتس للعقارات ذ.م.م			alioelmasry1997@gmail.com
43424	SKY MANSION REAL ESTATE L.L.C	سكاي منشون للوساطة العقاريه ذ.م.م			masoudbehroozi0043@yahoo.com
40779	WARD AL SHAM REAL ESTATE L.L.C	ورد الشام للعقارات ش.ذ.م.م			ferasalhayek2007@gmail.com
41593	TRUE LEGACY REAL ESTATE L.L.C	ترو ليجانسي للعقارات ذ.م.م			Kofan93@gmail.com
44515	800HOMES REAL ESTATE BROKERAGE L.L.C	800 هومز للوساطة العقارية ش.ذ.م.م			amazingfaraaz@gmail.com
42976	PRIME PRO PROPERTIES L.L.C	برايم بي آر أو للعقارات ذ.م.م			sahildubai2424@gmail.com
43237	ADDINGTON PROPERTIES	ادينغتون للعقارات			info@addingtonproperties.ae
42303	ALEXANDRIA REAL ESTATE	الاسكندرية للعقارات			alxe.realestate@gmail.com
42139	TRANQUIL KEYS PROPERTIES L.L.C	ترانكويل كيز العقارات ش.ذ.م.م		97145668994	pralhadd@outlook.com
44228	9 AND 8 SERENITY REAL ESTATE L.L.C	9 اند 8 سرنيتي للعقارات ذ.م.م			azimipourarsalan@gmail.com
40376	SMH REALTY PROPERTIES L.L.C	اس ام اتش ريالتي للعقارات ش.ذ.م.م			sheikhhumayunsayeed@gmail.com
44139	DHANA DREAM HOMES REAL ESTATE L.L.C	ضانا دريم هومز للعقارات ذ.م.م			gokulsingh3@gmail.com
42887	BESTRONG REAL ESTATE BROKERAGE L.L.C	بيسترونغ للوساطة العقارية ش.ذ.م.م			Ayaz427@yahoo.com
41162	ELITE SIGNATURE PROPERTIES L.L.C	ايليت سيجنتشر للعقارات ش.ذ.م.م			ceo@elitesignatureproperties.ae
43507	DAVIMA REAL ESTATE L.L.C	دافيما للعقارات ش.ذ.م.م			dmitrypiskulov@gmail.com
43175	GSRUS PROPERTIES L.L.C	جي اس ار يو اس للعقارات ش.ذ.م.م			pror1301@gmail.com
40138	THE LEGENDS REAL ESTATE L.L.C	ذا ليجندز للعقارات ش.ذ.م.م			ameenalzyout@gmail.com
43480	D V R C REAL ESTATE L.L.C	دي في ار سي للعقارات ذ.م.م			mario.costa@dubaiview.com
43904	GOLDEN CASANA REAL ESTATE L.L.C	جولدن كازانا للعقارات ذ.م.م			hossein@goldencasana.ae
40862	HASSAN ALHAJ REAL ESTATE BROCKERAGE	حسن الحاج للوساطة العقارية			hassanali_alhaj@hotmail.com
40065	ADVANT EDGE CAPITAL REAL ESTATE L.L.C	ادفانت إدج كابيتال للعقارات ذ.م.م			ivan@advantedge.ae
44661	HM PROPERTY SELLERS L.L.C	اتش ام بروبرتي سيلرز ذ.م.م			hamid@springstay.in
41814	JUNO PRIME REAL ESTATE L.L.C	جونو برايم للعقارات ش.ذ.م.م			druenz@me.com
41052	QUEEN HOMES REAL ESTATE L.L.C	كوين هومز للعقارات ش.ذ.م.م			nadia.trabelsi23@gmail.com
43157	DOSSO DOSSI REAL ESTATE L.L.C	دوسو دوسي للعقارات ش.ذ.م.م			amermajd@hotmail.com
42518	ORLA PROPERTIES L.L.C	اورلا للعقارات ش.ذ.م.م			m.alderaawi@orlaproperties.com
41505	SAHI REAL ESTATE L.L.C	ساهي للعقارات ش.ذ.م.م			lowi@sahimedia.net
43780	CASA LINDA PROPERTIES L.L.C	كازا ليندا للعقارات ذ.م.م			sameh_9009@yahoo.com
43658	RIYAH AL BAHR REAL ESTATE L.L.C	رياح البحر للعقارات ش.ذ.م.م			Kerimov_kanan@mail.ru
41611	RIVER FRONT REAL ESTATE L.L.C	ريفر فرونت للعقارات ذ.م.م			riverfrontrealty01@gmail.com
41187	RAPID RISE REALTY L.L.C	رابيد رايس للعقارات ذ.م.م			divijsab@gmail.com
42162	SEFAR REAL ESTATE L.L.C	سيفار للعقارات ش.ذ.م.م	www.sefar.ae		Faouzi.saci1@gmail.com
40555	REDACT PROPERTIES L.L.C	ريدكت للعقارات ش.ذ.م.م			info@waslacsp.ae
41109	EIGHT SPACES REAL ESTATE	ايت سبيسز للوساطة العقارية			Alonoud.dvm@outlook.com
27009	TANWEEN PROPERTIES L.L.C	تنوين العقارية ش.ذ.م.م			ahmed@globallink.ae
431	EMERALD PROPERTIES (L.L.C)	اميرالد للعقارات (ش.ذ.م.م)	www.emeraldpoperties.ae	97143709111	nasr@emeraldproperties.ae
43777	I V Y REAL ESTATE L.L.C	اي في واي للعقارات ش.ذ.م.م			uniquesiyao@gmail.com
43832	MOHAMMAD & SABA REAL ESTATE L.L.C	محمد & صبا للعقارات ذ.م.م			Siddiqui135985@yahoo.com
43552	A K S REAL ESTATE L.L.C	ايه كيه اس للوساطة العقارية ش.ذ.م.م			mhanifnoorani@gmail.com
41510	N E X HOME PROPERTIES L.L.C	ان إي اكس هوم للعقارات ذ.م.م			Atif.saleem0050@gmail.com
41239	RARE AMRIMMO REAL ESTATE	رير امريمو للعقارات			amrimmo@amrimmo.com
27907	BAY HOMES REAL ESTATE LEASING BROKERAGE L.L.C	باي هومز للوساطة في تأجير العقارات ش.ذ.م.م			ramez.william@alsayyah.com
33361	CEO HOMES OVERSEAS REAL ESTATE L.L.C	سي اي او هومز اوفرسيز للعقارات ش.ذ.م.م			dvstepin@gmail.com
28683	CAPITAL ZONE PROPERTIES	كابيتال زون للعقارات			gourav@capitalzone.ae
33274	WHITE BLOSSOM REAL ESTATE	وايت بلوسوم للعقارات		552471061	Amnadv02@gmail.com
42619	HENN & RICARDS PROPERTIES L.L.C	هان اند ريشاردز للعقارات ذ.م.م			richardsoderlund@fastmail.com
40232	THN REAL ESTATE L.L.C	تي اتش ان للعقارات ش.ذ.م.م			Tshwaiki@yahoo.com
40632	BOSPORUS REAL ESTATE L.L.C	بوسبوروس للوساطة العقارية ش.ذ.م.م	https://bosporusrealestate.com/		hr.bredxb@gmail.com
44699	ARRAY HOMES PROPERTIES L.L.C	اراي هومز بروبرتيز ذ.م.م			artshagj@gmail.com
43235	MAYORS LUXURY REAL ESTATE L.L.C	مايورز لكجري للعقارات ش.ذ.م.م			Mayorov.capital@gmail.com
42873	AUTUMN REAL ESTATE L.L.C	اوتومن للعقارات ش.ذ.م.م			faiazshaik@outlook.com
40437	ROCKSHIELD PROPERTIES L.L.C	روكشيلد للعقارات ش.ذ.م.م			fxnshkk@gmail.com
28400	WHITE WOOD REAL ESTATE	وايت وود للعقارات	whitewooddubai.com	45849661	info@whitewooddubai.com
41001	LUXSPACE PROPERTIES L.L.C	لوكسسبيس للعقارات ش.ذ.م.م			natasha.prt74@gmail.com
43439	INNOVEST ASSETS REAL ESTATE L.L.C	انوفست استس للعقارات ش.ذ.م.م			Sherafatimohammad961@gmail.com
41262	ORIENT LUXURY PROPERTIES L.L.C	اورينت لكجري للعقارات ش.ذ.م.م			medtravelplus@gmail.com
39993	HUMBLE HOMES REAL ESTATE L.L.C	همبل هومز للعقارات ش.ذ.م.م			Sorav.agarwal555@gmail.com
37750	A F D A L REAL ESTATE BUYING & SELLING BROKERAGE L.L.C	ايه اف دي ايه ال للوساطة في بيع العقارات و شرائها ذ.م.م			Infoservices023@gmail.com
41761	EXCALIBUR CUAYAN REAL ESTATE L.L.C	أكسكاليبر كوايان للعقارات ذ.م.م		45644006	xavier.caumartin23@icloud.com
41999	AZRAQ REAL ESTATE BROKERAGE L.L.C	ازرق للوساطة العقارية ش.ذ.م.م			vg@azraq.group
40383	ABWAB ALQAMAR REAL ESTATE L.L.C	ابواب القمر للعقارات ذ.م.م			sabetbehi3@gmail.com
41455	P M P REAL ESTATE L.L.C	بيي ام بيي للعقارات ش.ذ.م.م			prime.management.property@outlook.com
43597	BEST LEADING PROPERTY L.L.C	بيست ليدينج للعقارات ش.ذ.م.م			taboubi.bechir65@gmail.com
43132	AL RIYADY PROPERTIES - DUBAI BRANCH	الرياضي بروبرتيز - فرع دبي			saqib@alriyady.ae
40729	BAYERN REAL ESATE	بايرن للعقارات			sidaja42@gmail.com
44306	SKYLIT LIVING REAL ESTATE L.L.C	سكاي ليت ليفينج للعقارات ذ.م.م			saima.qadeer15@gmail.com
41122	NAZIR AND NOUSHAD REAL ESTATE L.L.C	ناصر و نوشاد للوساطة العقارية ذ.م.م	www.nnrealestate.ae	553048733	info@nnrealestate.ae
44140	N A A Z REAL ESTATE L.L.C	ان ايه ايه زد للعقارات ذ.م.م			abhijeetkudale004@gmail.com
43190	DREAM OASIS REAL ESTATE L.L.C	دريم اويسيس للعقارات ش.ذ.م.م			info@dreamoasis.agency
43566	OLYMPUS PROPERTIES L.L.C	أوليمبوس للعقارات ش.ذ.م.م			Majdaldinsabuni@gmail.com
40276	RISING SQUARE REAL ESTATE L.L.C	رايزينغ سكوير للعقارات ش.ذ.م.م			dxbamring@gmail.com
41267	SILVER LAKE REAL ESTATE L.L.C	سيلفر ليك للعقارات ش.ذ.م.م			Kiliman1969@gmail.com
42561	ROCK STONE REAL ESTATE L.L.C	روك ستون للعقارات ش.ذ.م.م			h.luthfullah@mbgcorp.com
41404	SAWLANI REAL ESTATE L.L.C	ساولانى للعقارات ش.ذ.م.م			SAWLANIROHIT@GMAIL.COM
40325	TOP TREND PROPERTIES L.L.C	توب تريند للعقارات ذ.م.م			IMRANALI245@HOTMAIL.COM
43230	A M A REAL ESTATE L.L.C	ايه ام ايه للعقارات ذ.م.م			hassnahmed067@gmail.com
41266	INVESTUP REAL ESTATE BROKERAGE L.L.C	انفستوب للوساطة العقارية ش.ذ.م.م			b.monsour83@gmail.com
42848	XE SQUARE CAPITAL REAL ESTATE L.L.C	اكس اي سكوير كابيتال للعقارات ذ.م.م			xesquarecapitalllc@gmail.com
33200	LUXURY SKY LAND PROPERTIES L.L.C	لاكجري سكاي لاند للعقارات ش.ذ.م.م		24416300	info@skyland.ae
41396	MV LUXURY REAL ESTATE L.L.C	ام في لكجري للعقارات ش.ذ.م.م			marivicbernarte@gmail.com
43891	IPEK & PARTNERS REAL ESTATE L.L.C	اي بيك & بارتنرز للعقارات ش.ذ.م.م			oipek@ipekpartners.com
42109	OSROF REAL ESTATE L.L.C	اوسروف للعقارات ش.ذ.م.م			Junes_55@hotmail.com
41865	AYNAN PROPERTIES L.L.C	اينان للعقارات ش.ذ.م.م			connect@aynanproperties.com
42062	B Y D REAL ESTATE L.L.C	بي واي دي للعقارات ش.ذ.م.م		43255037	L.jadou@bydrealestatellc.com
41676	TGA REAL ESTATE L.L.C	تي جي ايه للعقارات ش.ذ.م.م			hello@theglobaladdress.ae
42155	CLEAR WAY REAL ESTATE L.L.C	كلير واي للوساطة العقارية ش.ذ.م.م			ramadanpc@yahoo.com
41641	ZION REAL ESTATE	زد اي او ان للعقارات			umut.johnson@hotmail.com
43038	THE ROYAL PIN REAL ESTATE L.L.C	ذا رويال بن للعقارات ش.ذ.م.م			amol1986rathod@gmail.com
43518	TEERYA REAL ESTATE L.L.C	تيريا للعقارات ذ.م.م		509977380	a@leo.ae
44204	YHU PROPERTIES L.L.C	واي اتش يو للعقارات ش.ذ.م.م			yhuproperties@gmail.com
41793	SOFIA SANDS REALTY L.L.C	صوفيا ساندز للعقارات ش.ذ.م.م			ytmesfin@icloud.com
44393	Y&A LUXURY LIVING PROPERTIES L.L.C	واي&ايه لكشري ليفينق للعقارات ش.ذ.م.م			alvina.busines@gmail.com
39036	NOVEL REAL ESTATE L.L.C	نوفل للعقارات ش.ذ.م.م			kasymovasurayyo@gmail.com
41329	OPAL LUXURY REAL ESTATE BROKERS L.L.C	أوبال لكجري للوسطاء العقاريين ش.ذ.م.م			opalluxury@proton.me
41060	NOUR SERENE PROPERTIES	نور سيرين للعقارات			nourserene@gmail.com
41137	STEP TWO REAL ESTATE L.L.C	ستب تو الوساطة العقارية ش.ذ.م.م		971-58-8806071	yasser@steptwo.ae
43961	RIS HOME REAL ESTATE L.L.C	ار اي اس هوم للوساطة العقارية ش.ذ.م.م			lhz2778055348@gmail.com
44475	ALMALIKA ALFAKHIRA PROPERTIES L.L.C	المالكة الفاخرة للعقارات ش.ذ.م.م			STEVE@KSSERVICE.BE
31610	AL KABIR REAL ESTATE L.L.C	الكبير للعقارات ذ.م.م	https://www.alkabirdeveloper.com	971-4-3673026	gmranagee@gmail.com
44474	SITE QUALITY PROPERTIES L.L.C	سايت كواليتي للعقارات ش.ذ.م.م			yassersaid80@yahoo.com
44587	PROPERKEY REAL ESTATE BROKERAGE	بروبركي للوساطة العقارية		526967572	properkey.ae@gmail.com
41913	VALUE AVENUE REAL ESTATE BROKERAGE L.L.C	فاليو افنيو للوساطة العقارية ش.ذ.م.م			ahmedoma525@gmail.com
43226	HEIGHTS AVENUE REAL ESTATE L.L.C	هايتس افنيو للعقارات ش.ذ.م.م			Alia.aljaradi@hotmail.com
42307	LETD IMMO REAL ESTATE L L C	ليتد ايمو للعقارات ش ذ م م			killix3097@gmail.com
43932	PRIVI BLACK PROPERTIES L.L.C	بريفي بلاك للعقارات ش.ذ.م.م			priviproperties@gmail.com
41439	FAST TARGET REAL ESTATE	فاست تارجيت للعقارات			najeeb.alawadhi67@gmail.com
43577	PARK SQUARE REAL ESTATE L.L.C	بارك سكوير للعقارات ش.ذ.م.م			info@parksquare.ae
41044	DAVIES REALTY REAL ESTATE BUYING & SELLING BROKERAGE L.L.C	دافيس ريالتي للوساطة في بيع العقارات وشرائها ش.ذ.م.م			james@davies-realty.com
41987	ROYAL VISTA REAL ESTATE	رويال فيستا للعقارات			javedrandhawa18@gmail.com
43803	THE ROYAL TIGERS REAL ESTATE	ذا رويال تايجرز للعقارات		4000000000	Theroyaltigersre@gmail.com
40242	SHAI SERENE REAL ESTATE L.L.C	شاي سيرين للعقارات ش.ذ.م.م			operations@tlz.ae
44510	O Z R REAL ESTATE L.L.C	او زد ار للعقارات ش.ذ.م.م			Jasimmajeed_8@hotmail.com
41993	ANAKHA REALESTATE L.L.C	اناقه للعقارات ش.ذ.م.م			pramodkalyan@gmail.com
41088	H N A REAL ESTATE BROKERS L.L.C	اتش ان ايه للوساطة العقارية ش.ذ.م.م			allneed.property@gmail.com
33039	EQT REAL ESTATE L.L.C	اي كيو تي للعقارات ش.ذ.م.م		44214335	vf@eqt.ae
41581	BEAUCHAMP REAL ESTATE BROKER L.L.C	بيوشامب للوساطة العقارية ذ.م.م			Joshollyzac@gmail.com
43509	LIFESTYLE REALTY L.L.C	لايف ستايل العقارية ش.ذ.م.م			mohitjain.7145@gmail.com
41072	G T A LUXURY PROPERTIES L.L.C	جي تي ايه لاكشري للعقارات ش.ذ.م.م			wadia.tazi@yahoo.com
41842	ENCHANTED HOMES REAL ESTATE L.L.C	إنجانتيد هومز للعقارات ش.ذ.م.م			waleedghs@gmail.com
41014	ESTATLY PROPERTIES L.L.C	إستيتلي للعقارات ذ.م.م			sihemnotaire@gmail.com
44671	ASTON PREMIUM REAL ESTATE L.L.C	استون بريميم للعقارات ش.ذ.م.م		503962149	info@astonre.com
42831	F & T PROPERTIES L.L.C	اف اند تي بروبرتيز ش.ذ.م.م			khaterehfathi0@gmail.com
42733	LUXBURY PROPERTIES L.L.C	لاكس بيري للعقارات ذ.م.م			vinaypandey361@gmail.com
42919	BERKLEYS HOMES REAL ESTATE BROKERS L.L.C	بيركليز هومز للوساطة العقارية ش.ذ.م.م		44221772	junaid@fgoc.ae
42495	AURELIAN REAL ESTATE L.L.C	اوراليان العقارية ش.ذ.م.م			info@aureliandxb.com
40840	KEYSTONE GLOBAL REAL ESTATE L.L.C	كيستون جلوبال للعقارات ش.ذ.م.م			shishir@ksgre.com
43071	DIAMOND LAND PROPERTIES	دايموند لاند للعقارات		507228518	thofikdxb@gmail.com
32600	YARD CAPITAL REAL ESTATE L.L.C	يارد كابيتال للعقارات ش.ذ.م.م			whitekostas@gmail.com
40304	ROYAL ESTATES L.L.C	العقارات الملكية ش.ذ.م.م			ceo@royalestatesdxb.com
41818	BUROOR PROPERTIES	برور العقارية			Ahmadanee@gmail.com
43364	PROP SHOP GLOBAL REAL ESTATE L.L.C	بروب شوب جلوبال للعقارات ش.ذ.م.م			aravbathla3399@gmail.com
41656	LYKANS REALTY L.L.C	ليكينس للعقارات ش.ذ.م.م			PRO@ONESTEPUAE.AE
41570	NEXSTATE REALTY REAL ESTATE BROKERAGE L.L.C	نيكيستيت ريالتي للوساطة العقارية ش.ذ.م.م			khaledkhadr@nexstate.co
40463	TIME OUT REAL ESTATE BROKERS L.L.C	تايم أوت للوسطاء العقاريين ش.ذ.م.م			Rue.hosny@hotmail.com
43197	DAVID MOYA REAL ESTATE L.L.C	دافيد مويا للعقارات ش.ذ.م.م			david@davidmoya.org
40954	SANIO PROPERTIES L.L.C	سانيو للعقارات ش.ذ.م.م			guney@sanioproperties.com
40895	SULFA REAL ESTATE BROKERAGE L.L.C	سلفة للوساطة العقارية ش.ذ.م.م			abbodsh1@hotmail.com
43362	FIVE SPARKLES REAL ESTATE L.L.C	فايف سباركلز للعقارات ش.ذ.م.م			SUPPORT@RADIANTBIZ.COM
814	FUTURE INTERNATIONAL REAL ESTATE BROKER	المستقبل العالمية للوساطة العقارية			Futureint.uae@gmail.com
40914	LEGACY COMMUNITY REAL ESTATE L.L.C	ليجاسي كومنتي للعقارات ش.ذ.م.م			Ns26@live.fr
40947	SUPERIOR LIVING REAL ESTATE L.L.C	سوبيريور ليفينج للعقارات ش.ذ.م.م			Sa5427517@gmail.com
40829	WHITE DREAM REAL ESTATE L.L.C	وايت دريم للعقارات ش.ذ.م.م			Karemnajres123456@gmail.com
44887	KGC PROPERTIES L.L.C	كي جيه سيه للعقارات ش.ذ.م.م		554248862	ahmethkurum@gmail.com
42239	NEXT FOOTSTEP REAL ESTATE L.L.C	نيكست فوتسيب للعقارات ش.ذ.م.م			naikabhishek213@yahoo.com
43167	LOMBARDY LUXURY REAL ESTATE L.L.C	لومباردي لكجري للعقارات ذ.م.م		502929118	hanaabashir389@gmail.com
43380	MANASARA REAL ESTATE BROKERS CO. L.L.C	مناصرة للوسطاء العقاريين شركة الشخص الواحد ذ.م.م		565862658	manasararlstt@gmail.com
42071	ESTATE BOOK REAL ESTATE L.L.C	استيت بك للعقارات ش.ذ.م.م		9714000000	sujinepbc@gmail.com
42051	R E G PROPERTIES L.L.C	ار إي جي للعقارات ش.ذ.م.م		569103964	info@regprop.com
40359	BASKAIL HOLIDAY HOMES RENTAL L.L.C	باسكيل لتأجير بيوت العطلات ش.ذ.م.م			ahmedadlan685@gmail.com
40282	PRIME GALAXY PROPERTIES L.L.C	برايم جالاكسي للعقارات ش.ذ.م.م			Danishashraf346@gmail.com
44719	OCEAN HILLS REAL ESTATE BROKERAGE L.L.C	اوشن هيلز للوساطة العقارية ش.ذ.م.م			amit0340@hotmail.com
41007	BEE PROPERTIES L.L.C	بيي للعقارات ذ.م.م			Davood911q@gmail.com
43685	CASA ROYAL PROPERTIES L.L.C	كاسا رويال بروبرتيز ذ.م.م			Sanashams8819@gmail.com
43571	HIT LINK REAL ESTATE	هت لينك للعقارات			hitlink.realestate@gmail.com
40116	SUN YOHO REAL ESTATE L.L.C	سن يوهو للعقارات ش.ذ.م.م			bd@sunyoho.com
42670	BILLIONAIRES ISLAND PROPERTIES L.L.C	بيليونيرز ايلاند للعقارات ش.ذ.م.م		522110200	mahzoonllc@gmail.com
40757	IQPRO REAL ESTATE L.L.C	ايكيوبرو للعقارات ش.ذ.م.م	iqprorealestate.com	47816555	mirka@iqproinvestment.ae
41193	EXPERT CASA NOVA REAL ESTATE L.L.C	اكسبيرت كازا نوفا للعقارات ش.ذ.م.م			sorin.igna@glanz.ro
43068	ASSET SEEKERS PROPERTIES	استس سيكرز للعقارات			nirali.jani@theassetseekers.com
41110	PUREHORIZON REAL ESTATE L.L.C	بيورهورايزون للعقارات ش.ذ.م.م			sa964047@gmail.com
42392	HOME SIGMA REAL ESTATE L.L.C	هوم سيجما للعقارات ش.ذ.م.م			sumitdureja.25988@gmail.com
40780	PALMERA ELITE REAL ESTATE BROKERAGE L.L.C	بلميرا ايليت للوساطة العقارية ش.ذ.م.م		971542154066	team@palmera.realestate
40602	RIGHT HAND REAL ESTATE BROKER	رايت هاند للوساطة العقارية			abdulwahab6007@gmail.com
41263	FEKRAT ALBAIT REAL ESTATE L.L.C	فكرة البيت للعقارات ش.ذ.م.م			Mohamedtarek4884@gmail.com
42981	SUNLIT REAL ESTATE L.L.C	سن ليت للعقارات ذ.م.م			lishali2014@gmail.com
43067	WELKIN REAL ESTATE	ويلكين للعقارات			ali@mqzrealestate.com
42160	DREAMSTARTERS REAL ESTATE L.L.C	دريم ستارترس للعقارات ش.ذ.م.م			alexandra.sulzer@gmx.net
41875	AIC PROPERTIES L.L.C	ايه اي سي بروبرتيز ش.ذ.م.م			atman24@gmail.com
28729	CHATEAUX REAL ESTATE L.L.C	شاتو للعقارات ش.ذ.م.م			sumitsapaliga@yahoo.com
43988	ELYSIAN FIELDS REAL ESTATE BROKERAGE	ايليسين فيلدز للوساطة في بيع العقارات وشرائها			amrafifymohammed54@gmail.com
44397	QASR AL AMAL REAL ESTATE	قصرالامل للعقارات			altaf.properties786@gmail.com
42572	MODE VENTURES REAL ESTATE L.L.C	مودي فنتشرز للعقارات ذ.م.م			amani@modeproperties.ae
20555	BLOOMING BIRD REAL ESTATE L.L.C	بلومينج بيرد للعقارات ش.ذ.م.م			Abuthahir@yahoo.com
44540	CATCHY AND CLASSY REAL ESTATE L.L.C	كاتشي اند كلاسي للعقارات ش.ذ.م.م			info@catchyandclassy.com
43628	SHAM ATU REAL ESTATE L.L.C	شام أتيو للعقارات ش.ذ.م.م			yslnastya@gmail.com
43400	BSMART SELECT REAL ESTATE L.L.C	بيسمارت سيلكت للعقارات ذ.م.م			hd@b-smartleb.com
40655	KMP REAL ESTATE BROKERAGE L.L.C	كيه ام بيه للوساطة العقارية ش.ذ.م.م			sarahafridik@gmail.com
42520	MAXIMUM PROFIT REAL ESTATE L.L.C	ماكسيموم بروفيت للعقارات ش.ذ.م.م			vae.8star@yahoo.com
42644	M B G REAL ESTATE	ام بي جي للعقارات			mohamed.babiker73@gmail.com
44696	CHRIS XHUTI REAL ESTATE L.L.C	كريس كسهوتى للعقارات ش.ذ.م.م			chrisfredi@outlook.com
40998	MAISON DOR REAL ESTATE	ميزون دوغ للعقارات			Lanjawimohd_m@hotmail.com
42723	A H A REAL ESTATE BROKERAGE L.L.C	ايه اتش ايه للوساطة العقارية ذ.م.م			AHARSB.DXB@gmail.com
41610	EQUITY EDGE REAL ESTATE L.L.C	اكويتي ايدج للعقارات ش.ذ.م.م			jake@equityedge.ae
32803	PROPERTY LEYLO REAL ESTATE L.L.C	بروبرتي ليلو للوساطة العقارية ذ.م.م			himanshu1186@yahoo.com
40798	MRAE REAL ESTATE BROKERS	مراي للوساطة العقارية			adnan@myrealtor.ae
44424	K C R REAL ESTATE	كيه سي ار للعقارات			SHIROK23@HOTMAIL.COM
43613	PRESTIGE POINT PROPERTIES L.L.C	برستيج بوينت للعقارات ش.ذ.م.م			deepak.sh8620@gmail.com
40891	RED ASTRA REAL ESTATE BROKERAGE L.L.C	ريد استرا للوساطة العقارية ذ.م.م			m19462@mail.ru
43772	KAYSAN PROPERTIES L.L.C	كايسان للعقارات ش.ذ.م.م			nafisali1005@gmail.com
41941	CASADIOR REAL ESTATE L.L.C	كاساديور للعقارات ش.ذ.م.م			YASSINE.NAJI@HOTMAIL.COM
43129	LAKESHORE PROPERTIES L.L.C	ليكشور للعقارات ش.ذ.م.م			asadtfc@gmail.com
41386	STOREYS REAL ESTATE L.L.C	ستوريز للعقارات ش.ذ.م.م			mails4mohamed@gmail.com
41630	AQAR VIEW REAL ESTATE L.L.C	عقار فيو للعقارات ش.ذ.م.م			emaddarwishk@gmail.com
42287	FAALAK TAYYEB REAL ESTATE L.L.C	فالك طيب للعقارات ذ.م.م			faalaktayyebrealestate@gmail.com
42327	KAMRAN ARSHAD REAL ESTATE L.L.C	كامران ارشد للعقارات ش.ذ.م.م			kamran.kaimkhani@gmail.com
40251	R F A PROPERTIES L.L.C	ار اف ايه العقارية ش.ذ.م.م			alialjuboori1983@gmail.com
40939	NOOR ALBARAKAT PROPERTIES L.L.C	نور البركات للعقارات ش.ذ.م.م			shaikhnaeemusman@gmail.com
41297	TAYLOS REAL ESTATE	تايلوس للعقارات			t.faqeeh77@gmail.com
41366	ELITE GATE REAL ESTATE L.L.C	اليت جيت للعقارات ذ.م.م			MAHMOUDIBAN@GMAIL.COM
44239	BIN OMRAN REAL ESTATE	بن عمران للعقارات			abdullah.o.alshamsi@gmail.com
44179	THE SOUTH PROPERTIES L.L.C	ذا ساوث للعقارات ش.ذ.م.م			thesouthproperties8888@gmail.com
40959	NEXA GLOBAL PROPERTIES L.L.C	نيكسا جلوبال للعقارات ذ.م.م			almaszahid1988@gmail.com
43753	NOBLE HORIZON REAL ESTATE BROKERAGE L.L.C	نوبل هورايزن للوساطة العقارية ش.ذ.م.م			SHAIBI6674@YAHOO.COM
41093	DAR AL GHAF PROPERTIES L.L.C	دار الغاف للعقارات ذ.م.م			DARALGHAF@GMAIL.COM
41705	CONNECTED HOUSE REAL ESTATE L.L.C	كونكتد هاوس للعقارات ذ.م.م			iman.forghane@gmail.com
33586	MILLION HOMES REAL ESTATE BROKER L.L.C	ميليون هومز للوساطة العقارية ش.ذ.م.م			liangjianquan2006@hotmail.com
42936	FWC INTERNATIONAL REAL ESTATE BROKERAGE L.L.C	اف دبليو سي انترناشيونال للوساطه العقاريه ذ.م.م		4252000	Creamly5@gmail.com
42886	KISMET HOMES REAL ESTATE L.L.C	كيسميت هومز للعقارات ش.ذ.م.م			akash.saxena20@gmail.com
41381	ALI HASSAN REAL ESTATE L.L.C	علي حسن للعقارات ش.ذ.م.م			ali.hassan.malik.dubai@gmail.com
44439	LIVINGEXPERT PROPERTIES L.L.C	ليفينق ايكسيبرتس للعقارات ش.ذ.م.م			hamadhumayoon@gmail.com
41526	STAR ISLAND REAL ESTATE BROKER L.L.C	ستار ايسلاند للوساطة العقارية ذ.م.م			aamiralibnb@gmail.com
40650	ROYAL AMATUS REAL ESTATE L.L.C	رويال اماتوس للعقارات ش.ذ.م.م			leofahir@gmail.com
43940	MANOR MOGUL REAL ESTATE L.L.C	مانور موغل للعقارات ش.ذ.م.م			uroosakelu@gmail.com
40454	F S F PROPERTIES L.L.C	اف اس اف للعقارات ش.ذ.م.م			shakeel.ghouri@gmail.com
41357	CREST VIEW REAL ESTATE L.L.C	كريست فيو للعقارات ش.ذ.م.م			BUDHANITARUN@GMAIL.COM
43513	ACE EMPIRE REAL ESTATE L.L.C	ايس امباير للعقارات ذ.م.م			aceempire2024@gmail.com
41816	ROOFSETGO REAL ESTATE L.L.C	روف سيت جو للعقارات ش.ذ.م.م			monsi@roofsetgo.ae
44002	PROPERTY STATION REAL ESTATE L.L.C	بروبيرتي ستيشن للوساطة العقارية ش.ذ.م.م			dubai@propertystation.in
41858	SKYLINE SOLUTIONS REAL ESTATE	سكاي لاين سلوشنز للعقارات		504646032	hamdan.boos@hotmail.com
39549	BROSTROM REAL ESTATE L.L.C	بروستروم للعقارات ش.ذ.م.م	www.brostromproperties.com	+971-585140074	oswald.brostrom@outlook.com
41402	M B L PROPERTIES L.L.C	ام بي ال للعقارات ش.ذ.م.م			mohamedmoubal24@gmail.com
41234	HYDE REAL ESTATE	هايد للعقارات			james@hyde-realestate.com
40718	REAPS REAL ESTATE L.L.C	ريبس العقارية ش.ذ.م.م			Summit_ahuja1@hotmail.com
28509	TUDOR REAL ESTATE BROKERS	ديتور للعقارات		971|582553421	mahboobmasih@icloud.com
43617	1221 FAMILY REAL ESTATE	1221 فاميلي للعقارات			1221.realestate1@gmail.com
41389	NEXUS NOVA REAL ESTATE L.L.C	نيكزس نوفا للعقارات ش.ذ.م.م			info@brightlinkconsulting.ae
41998	AL SAMRAA REAL ESTATE BUYING & SELLING BROKERAGE L.L.C	السمراء للوساطة في بيع العقارات وشرائها ذ.م.م			tadwasolaiman7@gmail.com
42315	SEVEN ZERO SEVEN REAL ESTATE L.L.C	سفن زيرو سفن للعقارات ش.ذ.م.م			mohd.gomaa1@gmail.com
43715	ZHS REAL ESTATE L.L.C	زد اتش اس للعقارات ش.ذ.م.م			Hamude.shz91@gmail.com
43972	DARWISH ALZAROONI REAL ESTATE	درويش الزرعوني للعقارات			zaroonidarwish@gmail.com
40307	FIOR REAL ESTATE L.L.C	فيور للعقارات ذ.م.م			shivaninagpal0101@gmail.com
40590	M D L REAL ESTATE L.L.C	ام دي ال للعقارات ش.ذ.م.م			ali6668265@gmail.com
42261	M L A 8 REAL ESTATE L.L.C	ام ال ايه 8 للعقارات ش.ذ.م.م			im@sevinckilic.com
40351	SERAI REAL ESTATE L.L.C	سيراي للعقارات ش.ذ.م.م			salim.sayed1@gmail.com
32399	BEST SEVEN REAL ESTATE BROKERS L.L.C	بسط سفن للوسطاء العقاريين ش.ذ.م.م		567588880	khakimovaslan8@gmail.com
44357	BLUE NOBLE PROPERTIES L.L.C	بلو نوبل للعقارات ش.ذ.م.م		555366122	avdilaraaltay@gmail.com
41075	KAHSA NEST REAL ESTATE L.L.C	كاهسا نست للعقارات ش.ذ.م.م			info@prservicesuae.com
42696	INFINITY OCEAN PROPERTIES L.L.C	انفينيتي أوشن للعقارات ش.ذ.م.م			m_ahmad_ali@yahoo.com
40746	BLACK FALCON REAL ESTATE L.L.C	بلاك فالكون للعقارات ش.ذ.م.م			ahmed_bastaki@hotmail.com
40948	RASEEL R E A REAL ESTATE L.L.C	رسيل ار اي ايه للعقارات ش.ذ.م.م			propertiesraseel@gmail.com
41433	SGS PROPERTIES L.L.C	اس جي اس للعقارات ش.ذ.م.م			saan.gajja@gmail.com
40816	ASATEER PROPERTIES L.L.C	اساطير للعقارات ش.ذ.م.م	https://asateerproperties.com/		Admin@asateerproperties.com
23408	FLAMING PHENIX REAL ESTATE L.L.C	فلامنج فينيكس للعقارات ش.ذ.م.م			miduo14@gmail.com
42898	SEENIUN PROPERTIES L.L.C	سينيون للعقارات ش.ذ.م.م			joychou@seeniunproperties.com
32900	FARAH HOME REAL ESTATE - DUBAI BRANCH	فرح هوم العقارية ذ.م.م - فرع دبي		506609169	farahhome_4eng@yahoo.com
40494	W D R PROPERTIES L.L.C	دبليو دي ار للعقارات ش.ذ.م.م		551235477	yahiafadlallah22@gmail.com
33098	HUTS REAL ESTATE L.L.C	هاتس للعقارات ش.ذ.م.م			shaikhani1993@gmail.com
43150	AQARCOM REAL ESTATE L.L.C - DUBAI BRANCH	عقاركوم للعقارات ذ.م.م - فرع دبي		558871602	akahil1983@gmail.com
40886	DESERT FOX REAL ESTATE L.L.C	ديزرت فوكس للعقارات ش.ذ.م.م			magnitudesre@gmail.com
43501	COMPACT REAL ESTATE BUYING & SELLING BROKERAGE L.L.C	كومباكت للوساطة في بيع العقارات وشرائها ش.ذ.م.م			Belalesma@gmail.com
41420	HARMONY AND HEIGHTS REAL ESTATE L.L.C	هارموني اند هايتس للعقارات ش.ذ.م.م			bakhtarim.r@gmail.com
42604	FARSH REAL ESTATE L.L.C	فرش للعقارات ش.ذ.م.م			operations@nxtg.ae
40386	L N S REAL ESTATE BROKER L.L.C	ال ان اس للوساطة العقارية ش.ذ.م.م			lnsrealestate07@gmail.com
42513	AYDI REAL ESTATE L.L.C	عايدى للعقارات ش.ذ.م.م			aymen9393@yahoo.com
40950	A I M T U REAL ESTATE L.L.C	ايه اي ام تي يو للعقارات ذ.م.م			md@aimtu.world
44229	LEVEL STAR PROPERTIES	ليفل ستار للعقارات			elged1981@gmail.com
44340	DAR ALHY REAL ESTATE BUYING & SELLING BROKERAGE	دار الحي للوساطة في بيع العقارات وشرائها			Kingcorner69@gmail.com
44155	WINTALITY REAL ESTATE L.L.C	وينتاليتي للعقارات ش.ذ.م.م			tayyabatwork@gmail.com
41101	ANBAK REAL ESTATE BROKER L.L.C	انباك للوساطة العقارية ش.ذ.م.م			ALSUWAIDI.MOHAMMED@GMAIL.COM
41475	REAL WYSE PROPERTIES L.L.C	ريل وايز للعقارات ش.ذ.م.م			ahmhvac@outlook.com
41342	STRIDE PROPERTIES L.L.C	سترايد للعقارات ش.ذ.م.م			ibra.arabi@gmail.com
41617	FORTY FOUR NOV REAL ESTATE BROKERAGE	فورتي فور ان او في للوساطة العقارية		502569096	saeedhamadalhajri@gmail.com
43838	NABA REAL ESTATE L.L.C	نابا للعقارات ش.ذ.م.م			Zuhaibshariff@gmail.com
40396	HIGH RICH REAL ESTATE BROKER	هاي ريتش للوساطة العقارية			mohamedabdalrhim6@gmail.com
40991	I L A REAL ESTATE L.L.C	اي ال اية للعقارات ش.ذ.م.م			fatountalji@gmail.com
40286	MNA REAL ESTATE	ام ان ايه للعقارات		506504647	heshamalqaizi@gmail.com
43396	K H M CAPITAL REAL ESTATE L.L.C	كيه اتش ام كابيتل للعقارات ش.ذ.م.م			kanwalhashmatmalik@yahoo.com
41661	MARINA WAVES REAL ESTATE BROKERAGE L.L.C	مارينا ويفز للوساطة العقارية ذ.م.م			dav267@hotmail.com
40055	TOP STAR HOME PROPERTIES L.L.C	توب ستار هوم للعقارات ش.ذ.م.م			samsdubai35@gmail.com
42364	AHSAN MUSAFER REAL ESTATE BROKERS L.L.C	احسن مسافر للوساطة العقارية ش.ذ.م.م			ahsanmusafri786@gmail.com
42528	H O D REAL ESTATE L.L.C	اتش او دي للعقارات ش.ذ.م.م			Freezin.ritika@gmail.com
40460	TOPAZ PROPERTIES L.L.C	توباز للعقارات ش.ذ.م.م			zaiebdaoui01@gmail.com
40113	A I CAPITAL REAL ESTATE L.L.C	ايه اي كابيتال للوساطة العقارية ش.ذ.م.م			islam.aboelmagd1@gmail.com
44086	RUSHMORE AND CIE REAL ESTATE L.L.C	رشمور وسي للعقارات ش.ذ.م.م			Robert.misejka@gmx.de
42688	N E F REAL ESTATE BROKERAGE L.L.C	ان اي اف للوساطة العقارية ش.ذ.م.م			ns.tahnoon@gmail.com
43365	RADIANT ROOTS REALTY L.L.C	راديانت روتس العقارية ذ.م.م			gulshan1madan@gmail.com
42452	H E Z REAL ESTATE L.L.C	اتش اي زد للعقارات ش.ذ.م.م			zeshanahmed123@gmail.com
43492	F&M PROPERTIES L.L.C	اف اند ام للعقارات ذ.م.م			info@fandmproperties.ae
33010	AALISHAN REAL ESTATE L.L.C	عاليشان للعقارات ش.ذ.م.م			Asif0786@me.com
43994	NARVA BUYING AND SELLING REAL ESTATE	نارفا لبيع و شراء العقارات		5598009	Mohamed@riows.com
42706	SAHAK REAL ESTATE L.L.C	سهاك للعقارات ش.ذ.م.م			mansoor.sahak2020@gmail.com
42932	EKAIVA INFRA REAL ESTATE L.L.C	ايكايفا إنفرا للوساطة العقارية ذ.م.م			ptcx06@gmail.com
41608	COZY CAVE REAL ESTATE L.L.C	كوزي كاف للعقارات ذ.م.م			ibrahemadhamit1@gmail.com
43630	DEAL CENTER REAL ESTATE L.L.C	ديل سنتر للعقارات ذ.م.م			sohotnikov81@gmail.com
40553	AL VIDA ROYAL REAL ESTATE BROKER	الفيدا رويال للوساطة العقارية			vidanajari@hotmail.com
42852	BALLERS ELITE PROPERTIES	باليرز ايليت للعقارات			Ahmed.medo19@hotmail.com
41587	SUHEL & SAIF PROPERTIES L.L.C	سهيل و سيف بروبرتيز ذ.م.م		565646111	md@suhelsaif.ae
23303	LINKED HOMES REAL ESTATE L.L.C	لينكد هومز للوساطه العقارية ش.ذ.م.م			abhiroop@linkedhomes.ae
42857	FRESH PLANET REAL ESTATE L.L.C	فرش بلانيت للعقارات ش.ذ.م.م			freshplanet2024@gmail.com
44336	MULLANS REAL ESTATE L.L.C	مولانس للعقارات ش.ذ.م.م			Mullansre@gmail.com
42380	PRIME GATE REAL ESTATE BROKERAGE L.L.C	برايم جيت للوساطة العقارية ش.ذ.م.م			agebily22@gmail.com
44434	GRAND HORIZON REAL ESTATE L.L.C	جراند هورايزون للعقارات ش.ذ.م.م			hazar.faour@hpsols.co.il
44062	WEALTH MAKERS REAL ESTATE L.L.C	ويلث ميكرز للعقارات ش.ذ.م.م			ghazif511@gmail.com
40841	AARON JACOB REAL ESTATE BROKERS L.L.C	ارون جاكوب للوساطة العقارية ذ.م.م			manager@widerangebusiness.com
32548	ONE BUROOJ REAL ESTATE L.L.C	ون بروج للعقارات ش.ذ.م.م		42326435	zahrae80@gmail.com
40002	DOBUY REAL ESTATE BROKERAGE CO. L.L.C	دوو باي للوساطة العقارية شركة الشخص الواحد ذ.م.م		+971-505523617	aa@dobuyrealestatebrokerage.com
41220	ZACORRA REAL ESTATE L.L.C	زاكورا للوساطة العقارية ش.ذ.م.م			fabnasabeeh@gmail.com
44181	MACINS LUXE PROPERTIES L.L.C	ماكينز لوكس للعقارات ش.ذ.م.م			praveen.infomails@gmail.com
40184	TARIK SANCAR REAL ESTATE L.L.C	طارق سانكار للعقارات ش.ذ.م.م			tarik.sancar1988@gmail.com
42560	GREEN MANSION REAL ESTATE BROKERS L.L.C	جرين مانشون للوساطة العقارية ش.ذ.م.م			ambworld1@outlook.com
40322	KAZ REAL ESTATE L.L.C	كيه اي زد للعقارات ش.ذ.م.م			khalid.alkazim@gmail.com
42173	CV DOM REAL ESTATE L.L.C	سيفي دوم للعقارات ش.ذ.م.م			VANGELIS2004@GMAIL.COM
43109	SOLD OUT REAL ESTATE BROKERAGE L.L.C	سولد اوت للوساطة العقارية ش.ذ.م.م			Daniel.soldatov@gmail.com
40472	AL IJAZ REAL ESTATE L.L.C	الاعجاز للعقارات ذ.م.م			aksa.vadhariya@gmail.com
41318	CLICK PROPERTIES L.L.C	كليك للعقارات ش.ذ.م.م			info@dubaibc.ae
42661	ROVOXE PROPERTIES	روفوكس للعقارات	https://www.rovoxeproperties.ae/		ADNAN.OMAAR@GMAIL.COM
41503	PRIMEFORTIFY PROPERTIES L.L.C	برايمفورتيفي للعقارات ش.ذ.م.م			gamal.amro@outlook.com
44799	EXA REAL ESTATE L.L.C	اي اكس ايه للعقارات ش.ذ.م.م			marinakoszhan@gmail.com
40452	SEVEN D R E REAL ESTATE L.L.C	سفن دي ار اي للعقارات ذ.م.م			ukshiljain@gmail.com
41692	F A K PROPERTIES	اف ايه كيه للعقارات			fakproperties@outlook.com
43669	MONARCH HOMES FOR REAL ESTATE BUYING & SELLING BROKERAGE	مونارك هومز للوساطة في بيع العقارات وشرائها		508533338	Hamadalali85@gmail.com
41898	WELCOME GATE REAL ESTATE	ولكم جيت للعقارات		45464289	welcomettc@gmail.com
43546	AJ & BROS WORLD WIDE REALESTATE L.L.C	ايه جي أند بروس وارلد وايد للعقارات ذ.م.م			info@ajandbros.com
27683	VISION LUXURIOUS REAL ESTATE L.L.C	فيجن لاكجيريوس للعقارات ش.ذ.م.م			ebab3397@gmail.com
41314	THE PROJECT ONE REAL ESTATE L.L.C	دا بروجكت وان للعقارات ش.ذ.م.م			dubai.project.one@gmail.com
43887	NEXXIS REAL ESTATE L.L.C	نيكسيس للعقارات ش.ذ.م.م	www.nexxis.ae	522683172	info@nexxis.ae
40830	CAPITAL DREAM REAL ESTATE L.L.C	كابيتل دريم للعقارات ذ.م.م			patail.irfan@gmail.com
41391	ALPHA GATES PROPERTIES L.L.C	الفا جيتس للعقارات ذ.م.م			m.emara@alpha-gates.com
42725	FIRST LOCATION REAL ESTATE L.L.C	فيرست لوكاشن للعقارات ش.ذ.م.م			ahmaid004@gmail.com
40777	LITAU KARIN REAL ESTATE	ليتاو كارين العقارية			litaukarin@gmail.com
42705	FLORENCIA RONALYN ROSETE LEASING PROPERTY BROKERAGE AGENTS L.L.C	فلورينسيا رونالين روسيتى للوساطة في تأجير العقارات ذ.م.م			RONALYN.ROSETE@GMAIL.COM
43916	JULIUS PROPERTY L.L.C	جوليوس للعقارات ش.ذ.م.م			talidxb1@gmail.com
12794	CONTINENTAL CAPITAL REAL ESTATE	كونتينانتال كابيتال للعقارات		971-4-3928388	mohyaddinjumeh@gmail.com
25489	AL BERWAZ REAL ESTATE BROKERS	البرواز للوساطه العقاريه			jamilaabdulla14@gmail.com
40029	MECHERI REAL ESTATE BROKERAGE L.L.C	مشري للوساطة العقارية ش.ذ.م.م			BOOKRAMZIMECHERI@GMAIL.COM
40501	TRIUMPH PREMIUM PROPERTIES L.L.C	تريمف بريميوم للعقارات ش.ذ.م.م			sunia383@gmail.com
40984	ROCK CASTLE REAL ESTATE L.L.C	روك كاستل للعقارات ش.ذ.م.م	http://www.rockcastlere.com/	588824886	ahmed@rockcastlere.com
41348	I M S IMMO REAL ESTATE	اي ام اس ايمو للعقارات			imanesenhajidubai@gmail.com
42894	R A N REAL ESTATE L.L.C	ار ايه ان للعقارات ذ.م.م		557452484	synergic.anwar@gmail.com
41469	STRIDE HOMES REAL ESTATE L.L.C	سترايد هومز للعقارات ذ.م.م			realtormoz@gmail.com
40677	S S Z PROPERTIES L.L.C	اس اس زد للعقارات ذ.م.م			saffishahid96@gmail.com
43139	MONEY WISE REAL ESTATE L.L.C	موني وايس للعقارات ش.ذ.م.م			suraj@moneywisecapital.in
32753	SAFWAN REAL ESTATE L.L.C	صفوان للعقارات ذ.م.م			amoula99987@yahoo.com
43273	RAS EQUITY REAL ESTATE L.L.C	راس ايكويتي للعقارات ش.ذ.م.م			rahulsh301@gmail.com
40265	SECRET WAY REAL ESTATE L.L.C	سيكريت واي للعقارات ش.ذ.م.م		971544939860	khaleddesoki93@gmail.com
44238	AFAGH GALADARI REAL ESTATE L.L.C	افاق كلداري للعقارات ش.ذ.م.م			afaghmgaladari@gmail.com
41184	N W H PROPERTIES L.L.C	ان دبليو اتش للعقارات ش.ذ.م.م			properties@nwhgroup.org
41525	QUEST BLOOM REAL ESTATE L.L.C	كويست بلوم للعقارات ش.ذ.م.م			info@qmcuae.com
40333	KAVAN PROPERTIES L.L.C	كافان للعقارات ش.ذ.م.م		506519034	mina.ahari@yahoo.com
42461	PALMCREST PROPERTIES L.L.C	بالمكريست بروبرتيز ش.ذ.م.م		552632010	faisal.dxbproperty@gmail.com
44271	MOHAMMED ALHAJ REAL ESTATE L.L.C	محمد الحاج للوساطة العقاريه ش.ذ.م.م			m.alhaj1981@gmail.com
41575	CELESTIAL SANDS REAL ESTATE L.L.C	سيلستيل ساندس للعقارات ش.ذ.م.م			robinpahuja1985@gmail.com
40183	STUNNING PROPERTIES L.L.C	ستانينج للعقارات ش.ذ.م.م			Dubaipro22@gmail.com
40643	MARTIAN HOMES PROPERTIES L.L.C	مارتين هومز بروبرتي ش.ذ.م.م			sultan_h1993@yahoo.com
33314	G N S REAL ESTATE L.L.C	جي ان اس للعقارات ش.ذ.م.م		971-04-8866181	vijaysakhija@icloud.com
41974	ALITLALA ALMTHALIA REAL ESTATE BROKERAGE	الإطلالة المثالية للوساطة العقارية			abdulrahman_alqm@hotmail.com
41749	FIFTY TWO REAL ESTATE L.L.C	فيفتي تو للعقارات ش.ذ.م.م			tblanza@52realestate.ae
41265	CRONOS REAL ESTATE L.L.C	كرونوس للعقارات ش.ذ.م.م			icepetros@gmail.com
40028	PROPLINE REAL ESTATE L.L.C	بروبلاين للعقارات ش.ذ.م.م			Warsamejama@gmail.com
40155	ZHICHENG REAL ESTATE L.L.C	زهيشينغ للعقارات ذ.م.م			a@gmail.com
42039	B S S REAL ESTATE BROKERS L.L.C	بي اس اس للوساطة العقارية ش.ذ.م.م			realestate@bespokestrategysolution.com
43532	LUNAIRE REALTY REAL ESTATE L.L.C	لونير ريالتي للعقارات ذ.م.م			munaawel@yahoo.com
32867	ALESAID REAL ESTATE L.L.C	الاسيد للعقارات ذ.م.م			dohaalesaid@gmail.com
42234	UNIQUE KEY REAL STATE L.L.C	يونيك كي للعقارات ذ.م.م			Kkarkoodi@gmail.com
28746	ALOMRAN REAL ESTATE	العمران للعقارات			khaoula.ramzi93@gmail.com
40447	FIELDS REAL ESTATE BROKERAGE	فيلدز للوساطة العقارية		501234777	ahmedbinlootah@gmail.com
40697	CAPITAL GAIN REAL ESTATE L.L.C	كابيتال جاين للعقارات ش.ذ.م.م			hello@capitalgainrealestate.com
41463	DOWNTOWN PREMIUM REALTORS L.L.C	داون تاون بريميوم للعقارات ش.ذ.م.م			tariqyousaf99@gmail.com
43943	PANTHERS PROPERTIES L.L.C	بانثرز بروبتيز ش.ذ.م.م			Naxishghaus@gmail.com
43253	SIERRA REAL ESTATES	سييرا للعقارات			ba.sb@hotmail.com
40210	BELLE HOMES REAL ESTATE	بيل هومز للعقارات			annetjib@bellehomes.com
44123	ART HEIGHTS REAL ESTATE L.L.C	ارت هايتس للعقارات ش.ذ.م.م			rajan.accede@gmail.com
41673	PREMIUM QUALITY REAL ESTATE L.L.C	بريميوم كواليتي للعقارات ش.ذ.م.م			Dianabal1993@gmail.com
41662	URBAN EDITION REAL ESTATE BROKERAGE L.L.C	عربان اديشن للوساطة العقارية ش.ذ.م.م			urbaneditionuae@gmail.com
44500	L N G REAL ESTATE L.L.C	ال ان جي للعقارات ش.ذ.م.م			michelleboukaram@icloud.com
43910	ISLEM HAMMAMI REAL ESTATE BROKER L.L.C	اسلام همامى للوساطة العقارية ش.ذ.م.م			IHrealestatebroker@gmail.com
33133	LIFESTYLE PROPERTIES L.L.C	لايف ستايل للعقارات ش.ذ.م.م			admin@lifestyleproperties.ae
28858	H G O REAL ESTATE L.L.C	اتش جيه اوه للعقارات ش.ذ.م.م		589952188	gary@dubaivistaestate.com
40474	M M I PROPERTIES L.L.C	ام ام أي للعقارات ش.ذ.م.م			princeiqbal@hotmail.com
42557	SKY VIBE PROPERTIES L.L.C	سكاي فايب للعقارات ذ.م.م			sabafiroozi98@gmail.com
40405	DREAM FINDERS REAL ESTATE BROKERAGE L.L.C	دريم فايندرز للوساطة العقارية ش.ذ.م.م			ilya.stegniy@dreamfinders.co
34305	R D B PROPERTIES L.L.C	ار دي بي للعقارات ش.ذ.م.م		529557995	myrdbproperties@gmail.com
31377	SOLID ROCK REAL ESTATE L.L.C	سوليد روك للعقارات ذ.م.م			sholadavid2017@gmail.com
949	FUTURE WORLD REAL ESTATE BROKER	عالم المستقبل للوساطة العقارية		971-4-2828344	mustlinks@hotmail.com
41522	XINCHENG PROPERTIES L L C	شينتشنغ للعقارات ش ذ م م			eddie7558516@gmail.com
44788	WHITE SUMMIT REAL ESTATE	وايت سميت للعقارات		564660904	bughazi503@gmail.com
43543	NADALSHIBA FOR REAL ESTATE BROKERAGE	ندالشبا للوساطة العقارية		501555573	dxb_110@hotmail.com
42870	SOLO GATE REAL ESTATE L.L.C	سولو جيت للعقارات ش.ذ.م.م			Bahaa.almasri_87@hotmail.com
12828	EXECUTIVE REALTY REAL ESTATE L.L.C	اكسيوكوتيف ريالتي للعقارات ش.ذ.م.م	www.executiverealty.ae	44253844	vivek.malik18@gmail.com
28606	S E T PROPERTIES	اس اي تي للعقارات			setpropertiesdxb@gmail.com
42272	STRATEGIC HOME REAL ESTATE L.L.C	ستراتيجيك هوم للعقارات ش.ذ.م.م			s.tangri@the8consulting.com
39370	M D S REAL ESTATE BUYING & SELLING BROKERAGE	ام دي اس للوساطة في بيع العقارات وشرائها		553268890	tamseel@mds-fund.com
37147	ASTAR COMPANY FOR REAL ESTATE MANAGEMENT SUPERVISION SERVICES CO. L.L.C	شركة أستار لخدمات الإشراف الإداري للعقارات شركة الشخص الواحد ذ.م.م			astarcompany23@gmail.com
41038	DCODE PROPERTIES	ديكود للعقارات			Divyabensam111@gmail.com
42585	SKY LINKS ASSETS REAL ESTATE L.L.C	سكاي لينكس اسسيتس للعقارات ذ.م.م			admin@skylinks.me
42233	A V X REAL ESTATE L.L.C	ايه في اكس للعقارات ذ.م.م			aman.gyanchandani@gmail.com
33307	AL SAYAB REAL ESTATE L.L.C	السياب للوساطة العقارية ش.ذ.م.م			info@alsayabrealestate.com
40945	NEXA REALTY L.L.C	نيكسا للعقارات ش.ذ.م.م			bnkzzz@gmail.com
43148	A B W REAL ESTATE BUYING & SELLING BROKERAGE L.L.C	اي بي دبليو الوساطة في بيع العقارات وشرائها ش.ذ.م.م			KHAN.WASEEM3373@YAHOO.COM
42885	AILE PROPERTIES L.L.C	أيلي للعقارات ش.ذ.م.م			Hussein.termos@aileproperties.com
41259	GOLDEN ROSE REAL ESTATE	جولدن روز للعقارات			goldenrose.moji@gmail.com
40504	REDWOOD HERITAGE REAL ESTATE BUYING & SELLING BROKERAGE L.L.C	ردوود هيرتيج للوساطة في بيع العقارات وشرائها ش.ذ.م.م			ishrath21@gmail.com
44575	TERRENO PROPERTIES L.L.C	تيرينو للعقارات ش.ذ.م.م			umerakber1989@outlook.com
40023	CONVENIENT HOMES REAL ESTATE L.L.C	كونفينت هومز للعقارات ش.ذ.م.م			essam.bukhashem@gmail.com
40362	FORESIGHT HOMES REAL ESTATE L.L.C	فورسايت هومز للعقارات ذ.م.م		552280409	kachlan@outlook.com
42704	APEX SMART REAL ESTATE L.L.C	ابيكس سمارت للعقارات ش.ذ.م.م			info@detgroup.ae
43287	IKA PROPERTY L.L.C	ايكا للعقارات ذ.م.م			deepak.beriwal@gmail.com
44293	GOLDEN TEAM REAL ESTATE L.L.C	جولدن تيم للعقارات ش.ذ.م.م			alishady2@gmail.com
42516	JKP REAL ESTATE L.L.C	جيه كيه بي للعقارات ش.ذ.م.م			khalfanalharm@gmail.com
39992	TRUSTED ADVISORS REAL ESTATE L.L.C	ترستد أدفايزورز للعقارات ش.ذ.م.م			trustedadvisors2023@gmail.com
43018	BAYT ALKHABIR PROPERTIES L.L.C	بيت الخبير للعقارات ذ.م.م			MUNIR.ONLINE@LIVE.COM
28550	DOLAS DETA FOR WEB-DESIGN CO. L.L.C CO. L.L.C	دلاس دت لتصميم مواقع الشبكة المعلوماتية ( الانترنت) شركة الشخص الواحد ذ.م.م شركة الشخص الواحد ذ.م.م			fawad@paradiselifere.com
43519	G T A REAL ESTATE BROKERS EST.	مؤسسة جي تي أى للوسطاء العقاريين			gta.salmulla@gmail.com
43582	HOME BLOCKS REAL ESTATE L.L.C	هوم بلوكس للعقارات ذ.م.م			sohail.t@homeblocks.io
44372	SMART ISP REAL ESTATE L.L.C	سمارت اي اس بي للعقارات ش.ذ.م.م			ao@multispace.ae
42855	ACCELERATED DREAMS REAL ESTATE L.L.C	اكسيليريتد دريم للعقارات ش.ذ.م.م		47187118	maritesnunez03@gmail.com
43163	PRIDE REALTY REAL ESTATE L.L.C	برايد ريالتي للعقارات ش.ذ.م.م			Arpipandya92@gmail.com
40727	JOKER DEAL PROPERTIES L.L.C	جوكر ديل للعقارات ش.ذ.م.م			mariam.elkersh0@gmail.com
40196	IDEA CASA REAL ESTATE L.L.C	ايدا كاسا للعقارات ذ.م.م			massimodvt@gmail.com
28966	EuroEstates Properties FZ-LLC DMCC Branch	(يورو استيت بروبرتيس ش.م.ح-ذ.م.م (فرع م.د.م.س		72220636	contact@euroestates.ae
43344	AMANA HOMES REAL ESTATE L.L.C	أمانة هومز للعقارات ش.ذ.م.م			Calumnewell@hotmail.com
42049	SKYLUXE REAL ESTATE BROKERAGE L.L.C	سكاي لوكس للوساطة العقارية ش.ذ.م.م			paulinaharris@mail.com
41271	BLACK FLINT ROCK REAL ESTATE L.L.C	بلاك فلينت روك للعقارات ش.ذ.م.م		45513067	akasem1018@hotmail.com
42935	MENA ALLIANCE PROPERTIES L.L.C	مينا اللاينس للعقارات ش.ذ.م.م			gaosongcn18@gmail.com
44702	WGC REAL ESTATE L.L.C	دبليو جي سي للعقارات ش.ذ.م.م		42583837	ddc@worldcitygroup.com
40543	DIDOUSEYA PROPERTIES L.L.C	ديدوسيا بروبرتيز ش.ذ.م.م			moh.siyam@gmail.com
40267	MIKA CASTLE REAL ESTATE L.L.C	ميكا كاستل للوساطة العقارية ش.ذ.م.م			wfarsudeh@yahoo.com
42571	E B R I C S PROPERTIES L.L.C	إي بي ار آي سي اس للعقارات ذ.م.م			ahmadalimalk1988@gmail.com
40141	AL GENENA REAL ESTATE	الجنينة للعقارات			je3496@gmail.com
43183	A A V REAL ESTATE L.L.C	ايه ايه في للعقارات ش.ذ.م.م			info@avrealestate.ae
44233	OSLIN PROPERTIES L.L.C	اوسلين للعقارات ش.ذ.م.م		42528824	muosab.hammadih@hakgroup.ae
42640	CASA FERNS REAL ESTATE L.L.C	كاسا فيرنس للعقارات ذ.م.م			maria.fdes30@gmail.com
44341	DELUXE DREAMDOM REAL ESTATE L.L.C	ديلوكس دريم دوم للعقارات ذ.م.م		971-4-3516035	timurtt2002@gmail.com
44969	HARMONY OASIS REAL ESTATE L.L.C	هارموني أوازس للعقارات ش.ذ.م.م		553355060	khalidaltawel@gmail.com
42462	REVANTAGE REAL ESTATE BROKERAGE L.L.C	ريفنتج للوساطة العقارية ش.ذ.م.م			Sabapatel86@yahoo.in
41735	DALHAM REAL ESTATE L.L.C	دلهام للعقارات ش.ذ.م.م			casakialex@gmail.com
43318	HORIZON HEIGHTS REAL ESTATE L.L.C	هورايزن هايتس للعقارات ذ.م.م			info@horizonheights.ae
43104	ROYAL TURQUOISE PROPERTIES L.L.C	رويال تركواز للعقارات ش.ذ.م.م			abdallahsaheb@gmail.com
41057	SARH ALSULTAN REAL ESTATE BROKERAGE L.L.C	صرح السلطان للوساطة العقارية ذ.م.م			moh.alsoltan87@gmail.co
43429	CELIA TARGET REAL ESTATE L.L.C	سيليا تارجت للعقارات ذ.م.م			roby.hakem500@gmail.com
42375	PROPMAX REAL ESTATE L.L.C	بروبماكس للعقارات ش.ذ.م.م			manjunatha@propmaxre.com
40539	BRIDGE LINK REAL ESTATE L.L.C	بريدج لينك للعقارات ش.ذ.م.م			midinovadilet509@gmail.com
43431	MUNA ABDULAZIZ REAL ESTATE	منى عبدالعزيز للعقارات			muna-83@hotmail.com
40934	NOVA LUXURY HOMES REAL ESTATE L.L.C	نوفا لكشري هومز للعقارات ذ.م.م			info@novahomes.ae
40225	HOUSE RUN REAL ESTATE BROKERAGE L.L.C	هاوس رن للوساطة العقارية ذ.م.م			aaimran@yahoo.com
42551	PRIVATE DEPARTMENT OF REAL ESTATE BROKERAGE	الدائرة الخاصه للوساطة العقارية		557777157	alaleeli.khalifa@gmail.com
43512	TOP LIFESTYLE REAL ESTATE BROKERS L.L.C	توب لايفستايل للواساطة العقارية ذ.م.م		40000000	1ahmedosman@gmail.com
42780	I AND M REAL ESTATE L.L.C	اي اند ام للعقارات ش.ذ.م.م		509911758	islamhameid@gmail.com
23357	E G I M REAL ESTATE BROKERS	اي جي اي ام للوساطة العقارية		971-4-5686891	ibrahim.r111@gmail.com
44411	ABAQ AL RAYYAN REAL ESTATE L.L.C	عبق الريان للعقارات ش.ذ.م.م			a.alrayyan11@gmail.com
44065	SSWASTIK REALITY REAL ESTATE BROKERAGE L.L.C	سوستيك رياليتي للوساطة العقارية ذ.م.م			Sam@sswastikrealty.ae
43382	ARCADIA HOMES REAL ESTATE L.L.C	اركاديا هومز للعقارات ش.ذ.م.م			mingoluang@gmail.com
41172	SAMA SHAHBA REAL ESTATE L.L.C	سماء شهبا للعقارات ش.ذ.م.م			o.khadro@shahba.de
42584	SAILO FIRST REAL ESTATE L.L.C	سيلو فرست للعقارات ش.ذ.م.م			info.sailofirstrealestate@gmail.com
41601	SAWA SAWA REAL ESTATE BROKERAGE L.L.C	سوى سوى للوساطة العقارية ذ.م.م			sawa.legal@hotmail.com
41065	KAROLINA DIAMOND PROPERTIES REAL ESTATE BROKERAGE L.L.C	كارولينا دايموند للوساطة العقارية ذ.م.م			office@bizneswdubai.com
33051	MOHIM PROPERTIES L.L.C	مهيم للعقارات ش.ذ.م.م			inboxmohim@gmail.com
41247	EXOTIC HAVEN REAL ESTATE L.L.C	اكزوتيك هافين للعقارات ش.ذ.م.م			ABDULKHANJI@hotmail.COM
43810	ROYAL PANORAMA PROPERTIES L.L.C	رويال بانوراما للعقارات ش.ذ.م.م			Hanan.yazza7@gmail.com
41479	SEABEATS REAL ESTATE L.L.C	سيبيتز للعقارات ش.ذ.م.م			CEO@SEABEATS.AE
28740	R E I M REAL ESTATE BROKERAGE	ار إي آي ام للوساطة العقارية			nuaym@reim.ae
42027	TITANS CAPITAL REAL ESTATE L.L.C	تايتنز كابيتال للعقارات ش.ذ.م.م			Sarvar.mmc@gmail.com
41736	GWRE REAL ESTATE	جي دبليو ار اي للعقارات			poya@gateway.work
28808	CREDENCE REAL ESTATE BROKERS	كريدينس للوساطة العقارية			bigstar4142@gmail.com
40522	DEYAAR ALKHALIDIYA REAL ESTATE L.L.C	ديار الخالديه للعقارات ش.ذ.م.م			alaa990issa@gmail.com
43394	DIAMOND DUNES REAL ESTATE L.L.C	دايموند ديونز للعقارات ش.ذ.م.م			haitham.abdelghany2010@gmail.com
40631	BI TWO MI PROPERTIES L.L.C	بي تو مي للعقارات ش.ذ.م.م			b2mishop@gmail.com
42735	SHAZAM PROPERTIES L.L.C	شازام للعقارات ذ.م.م			Jaymandalya@yahoo.co.in
43750	GOLDCREST REAL ESTATE BUYING AND SELLING BROKERAGE L.L.C	قولدكريست للوساطة في بيع العقارات وشرائها ذ.م.م			Yuvrajwalia17@gmail.com
42350	H J S REAL ESTATE L.L.C	اتش جي اس للعقارات ش.ذ.م.م			mushtaq.hjs@hotmail.fr
43844	BATS PROPERTIES L.L.C	باتس للعقارات ش.ذ.م.م			tawhid.e@bats.properties
42203	EASY FIRST PROPERTIES L.L.C	ايزي فيرست للعقارات ش.ذ.م.م			ceo@efcmuae.com
20510	GHAPH PROPERTIES ONE PERSON CO. L.L.C	شركة غاف للعقارات للشخص الواحد ذ.م.م		971-4-5656320	
40611	J A T REAL ESTATE L.L.C	جيه ايه تي للعقارات ش.ذ.م.م			thejatrealestate@gmail.com
33270	ATLANTS A L REALE STATE L.L.C	أتلانتس ايه ال للوساطة العقارية ش.ذ.م.م			Atlantsrealestate@gmail.com
42818	PATH FINDER REAL ESTATE L.L.C	بث فيندر للعقارات ذ.م.م		524506356	pfrealestatellc@gmail.com
41221	RAYDIUM REAL ESTATE L.L.C	رايديوم للعقارات ش.ذ.م.م			baselalbunni1@gmail.com
44544	URBN EDGE MKT REALTY L.L.C	اوربن ايدج ام كيه تي للعقارات ش.ذ.م.م			connect@preciouspoint.com
44846	WISEWAY REAL ESTATE L.L.C	وايزوي للعقارات ش.ذ.م.م			udzubii@gmail.com
41059	GENESIS LUX REAL ESTATE L.L.C	جينيسيس لوكس للعقارات ش.ذ.م.م			Ronak@Genesispro.ae
42649	MEERA JEET PROPERTIES L.L.C	ميرا جيت للعقارات ش.ذ.م.م			jeetshukla09@gmail.com
43233	F C D PREMIUM REAL ESTATE BROKERAGE L.L.C	اف سي دي بريمير للوساطة العقارية ذ.م.م			tillmann-kloss@outlook.com
28622	GULF REALTY REAL ESTATE	جلف ريلتي للعقارات			abdulsuria43@gmail.com
28845	3R FOR REAL ESTATE BROKERAGE	ثري ار للوساطة العقارية		971-4-6505255	Kmmh101@gmail.com
44046	DIAMON TOUCH REAL ESTATE BROKERS L.L.C	دايمون تاتش للوساطة العقارية ش.ذ.م.م			yasser.14.12@hotmail.com
40526	DESTINY VIEW REAL ESTATE L.L.C	ديستني فيو للعقارات ش.ذ.م.م			sohailsohailch039@gmail.com
44222	DREAMSCAPES REAL ESTATE L.L.C	دريم سكابس للعقارات ذ.م.م			abuha.sw@gmail.com
42120	SIGMA PLUS REAL ESTATE L.L.C	سيجما بلس للعقارات ش.ذ.م.م		971-04-3437340	INFO@SIGMAARTENG.COM
43321	MAX EQUITY REAL ESTATES L.L.C	ماكس اكويتي للعقارات ش.ذ.م.م			emrah@equitydxb.com
42955	NORTH CAPITAL REAL ESTATE BROKERAGE L.L.C	نورث كابيتال للعقارات ش.ذ.م.م			lijujasim@gmail.com
41106	MVK INTERNATIONAL REAL ESTATE L.L.C	ام في كي انترناشونال للعقارات ذ.م.م		45704999	info@mkinternational.ae
43723	ROKEN ALNAMA REAL ESTATE L.L.C	ركن النما للعقارات ذ.م.م			fatma.nwara3@gmail.com
42839	BARSA LUNA REAL ESTATE L.L.C	بارسا لونا للعقارات ش.ذ.م.م			waqarsara3@gmail.com
40646	JUST BUY REAL ESTATE L.L.C	جست باي للعقارات ش.ذ.م.م			office@justbuy-dubai.com
42067	BESPOKE PRIME PROPERTIES L.L.C	بيسبوك برايم للعقارات ش.ذ.م.م			abhinav3333@gmail.com
42477	ESRAA REAL ESTATE L.L.C	اسراء للعقارات ش.ذ.م.م			ALAA_680@HOTMAIL.COM
42344	M A A Z PROPERTIES L.L.C	ام ايه ايه زد للعقارات ش.ذ.م.م			dochubtyping@gmail.com
41250	TUNGSTEN REAL ESTATE L.L.C	تنجستين للعقارات ذ.م.م			tungstenuae@gmail.com
44299	ELITE CONCEPT REAL ESTATE L.L.C	اليت كونسبت للعقارات ذ.م.م			mahmoud.zayed80@gmail.com
42997	EMPORIUM PROPERTIES L.L.C	يمبوريوم للعقارات ذ.م.م		553085204	shahid@emporiumproperties.ae
43470	EXPLORE HOME PROPERTIES L.L.C	اكسبلور هوم للعقارات ذ.م.م			kashi_4469@yahoo.com
40305	HEATHERFIELD REAL ESTATE L.L.C	هيذرفيلد للعقارات ش.ذ.م.م			ramind3r@icloud.com
40283	LUMINARY REAL ESTATE L.L.C	لوميناري للعقارات ش.ذ.م.م			noman.hcre@gmail.com
41520	BRIGHT ZONE PROPERTIES L.L.C	برايت زون للعقارات ش.ذ.م.م			financebrightzone@outlook.com
43080	BLUEPINE PROPERTIES L.L.C	بلوباين للعقارات ذ.م.م			javed_goldenrepute@yahoo.com
41077	ALAWI ALBREIKI FOR REAL ESTATE BUYING & SELLING BROKERAGE CO. L.L.C	علاوي البريكي للوساطة في بيع العقارات وشرائها شركة الشخص الواحد ذ.م.م		971-50-9555519	alawialbraik@hotmail.com
42367	CITY GLOW PROPERTIES L.L.C	سيتي جلو للعقارات ش.ذ.م.م			neena.crash@gmail.com
43517	CONNECT 24 REAL ESTATE BROKER	كونكت 24 للوساطة العقارية			sayed.AlHashmi@gmail.com
42596	DUNA REAL ESTATE BROKERAGE L.L.C	ديونا للوساطة العقارية ش.ذ.م.م			nakpilcrisanto@gmail.com
42655	ANMAR REAL ESTATE BROKERAGE L.L.C	أنمار للوساطة العقارية ذ.م.م			firsthand1965@gmail.com
40385	MYRIAM TANDIA REAL ESTATE L.L.C	مريم تانديا للعقارات ش.ذ.م.م			POLELREALESTATE@GMAIL.COM
41319	LAVIE HOMES REAL ESTATE BROKERAGE L.L.C	لافي هومز للوساطة العقارية ذ.م.م			dadoq060@gmail.com
42598	APOLLO ASSETS PROPERTIES L.L.C	ابولو اسيتس للعقارات ش.ذ.م.م			altug@apolloassets.ae
41474	M I B PROPERTIES L.L.C	ام اي بي للعقارات ش.ذ.م.م			info@straightambition.com
41918	SAR REAL ESTATE BROKER L.L.C	اس ايه ار للوساطة العقارية ذ.م.م		526321465	rizwank73349@gmail.com
40042	GU RONG REAL ESTATE BROKERAGE L.L.C	جو رونج للوساطة العقارية ش.ذ.م.م			helengurong@hotmail.com
41994	FAFA ONE REAL ESTATE BROKERAGE L.L.C	فافا ون للوساطة العقارية ذ.م.م			judyxie56@gmail.com
43535	CHOUCAIR PROPERTIES L.L.C	شقير للعقارات ش.ذ.م.م			wafchoucair96@gmail.com
42724	NDN REAL ESTATE CONSULTANTS L.L.C	ان دي ان للاستشارات العقارية ذ.م.م			daniel@nowak.ae
40209	M A T PROPERTIES L.L.C	ام ايه تي للعقارات ش.ذ.م.م			ahmad@matpro.ae
41815	FORTIS INVEST FOR REAL ESTATE BUYING & SELLING BROKERAGE L.L.C	فورتيس انفست للوساطة في بيع العقارات وشرائها ش.ذ.م.م			antoinehabr@yahoo.com
43875	STATE WAY PROPERTIES L.L.C	ستيت واي للعقارات ش.ذ.م.م	https://www.statewayproperties.com		mosayyeb.areesh@gmail.com
43729	ROYAL LEPAGE REALESTATE	رويال لابيج للعقارات			ABDULLA.ALMANNAEI@GMAIL.COM
42868	IRENA RADIMIR REAL ESTATE BUYING & SELLING BROKERAGE L.L.C	ايرنا راديمير للوساطة في بيع العقارات وشرائها ذ.م.م			Irenaradimir@gmail.com
40916	TURBAN MEN REAL ESTATE L.L.C	توربان مان للعقارات ش.ذ.م.م			aadeshchawla123@gmail.com
41638	AZTECO REAL ESTATE	ازتيكو للعقارات			saqib.royale@gmail.com
41064	LUXURY LOCATED REAL ESTATE L.L.C	لاكجري لوكيتد للعقارات ش.ذ.م.م			harcsabalazs1997@gmail.com
43533	PROACT LUXURY REAL ESTATE L.L.C	برواكت لوكشري للعقارات ش.ذ.م.م	https://proactrealty.com		ritukantojha@gmail.com
43564	A S A PROPERTIES	ايه اس ايه للعقارات			asa.properties@hotmail.com
38879	HARMONY SPACES REAL ESTATE L.L.C	هارموني سبيسس للعقارات ذ.م.م			purvashi2212@gmail.com
42047	OLAT PROPERTIES L.L.C	او ال ايه تي للعقارات ش.ذ.م.م			olaonanaye@aol.com
40616	BROWN AND FERGUSON REAL ESTATE BROKERAGE L.L.C	براون اند فيرغسون للوساطة العقارية ش.ذ.م.م		585939028	dylan@brownandferguson.com
41672	KEY PARADISE REAL ESTATE L.L.C	كي باردايس للعقارات ذ.م.م			ELZASOLAIMAN@GMAIL.COM
41717	TOGETHER REAL ESTATE BROKERS L.L.C	توكذر للوساطة العقارية ش.ذ.م.م			elsawy.osama@icloud.com
41507	ALPHA REALTY PROPERTIES	الفا ريالتي للعقارات			alpharealtydubai@gmail.com
43845	VILLAHOUSE REAL ESTATES L.L.C	فيلاهاوس للعقارات ش.ذ.م.م		551162774	Fawzimoosa@hotmail.com
44504	SYNCHRO PRIME REAL ESTATE L.L.C	سينكرو برايم للعقارات ذ.م.م			synchroprime@gmail.com
42712	KINENET REAL ESTATE L.L.C	كينينيت للعقارات ش.ذ.م.م		507540716	realtorbisrat@gmail.com
41939	AVRORA PROPERTIES L.L.C	افرورا للعقارات ش.ذ.م.م			kara.sultan203@gmail.com
41649	INFINITY LIVING REAL ESTATE L.L.C	انفينيتي ليفينق للعقارات ش.ذ.م.م			infinityliving.ae@gmail.com
44643	AMARCO REAL ESTATE L.L.C	عماركو للعقارات ش.ذ.م.م			ammar@amarco.ae
41331	VKR PROPERTIES L.L.C	فى كيه ار للعقارات ش.ذ.م.م			ishrutirungta@gmail.com
41562	AXELERA REAL ESTATE BROKERAGE CO. L.L.C	أكسيليرا للوساطة العقارية شركة الشخص الواحد ذ.م.م			Almeqbali30@gmail.com
41365	LONGEVITY REAL ESTATE L.L.C	لونقفيتي للعقارات ش.ذ.م.م			imashovrahim01@gmail.com
42853	INVENTO PROPERTIES L.L.C	انفينتو للعقارات ش.ذ.م.م			sultaninvento@gmail.com
42463	NOVA DOMUS PROPERTIES L.L.C	نوفا دوماس للعقارات ش.ذ.م.م			Emiratesdreaming@gmail.com
43449	SMART FINDER REAL ESTATE L.L.C	سمارت فايندر للعقارات ذ.م.م			info@smartfinder.ae
43033	HUSSEIN RADWAN REAL ESTATE	حسين رضوان للعقارات			husseinradwan147@gmail.com
43614	SMART GATE REAL ESTATE L.L.C	سمارت جيت للعقارات ش.ذ.م.م			rupeshsingh88@gmail.com
40301	N F M PROPERTIES L.L.C	ان اف ام للعقارات ش.ذ.م.م			nayamaalouli@hotmail.com
41971	ARISTOCRAT LUXURY HOMES REAL ESTATE L.L.C	اريستوكرات لكزري هومز للعقارات ش.ذ.م.م			bahodur_9099@yahoo.com
40963	MUBA LIVING PROPERTIES L.L.C	موبا ليفينج للعقارات ذ.م.م		971-04-3974466	IMRANKKF@AOL.UK
42799	T AND J CAPITAL REALESTATE L.L.C	تي وجيه كابيتال للعقارات ش.ذ.م.م			jobsusan@gmail.com
40436	GRONN PROPERTIES L.L.C	جرون للعقارات ذ.م.م			althaf.gronnproperties@gmail.com
42613	JAXTOX REAL ESTATE BROKERAGE L.L.C	جاكستوكس للوساطة العقارية ش.ذ.م.م			ahmeddanial999@gmail.com
42789	FABULOUS HOME REAL ESTATE L.L.C	فابيولس هوم للعقارات ش.ذ.م.م			Sh.hamdan.alhosani@gmail.com
44443	MOHAMMAD ALABBAR REAL ESTATE BROKERAGE	محمد العبار للوساطة العقارية		+971-506544554	Alabbar.mohammed@gmail.com
42910	SAMA ALTAMAYAZ REALESTATE L.L.C	سما التميز للعقارات ش.ذ.م.م			Mahertah7721@gmail.com
40782	PRIME FAMA REAL ESTATE L.L.C	برايم فاما للعقارات ش.ذ.م.م			amer15705@yahoo.com
43530	UPSURGE REALTY L.L.C	اب سورج للعقارات ش.ذ.م.م			samirsharma.dxb@gmail.com
40897	CITRINE SIGNATURE REAL ESTATE L.L.C	سيترين سيجنتشر للعقارات ذ.م.م			shams0564009675@gmail.com
32960	PROBIZ REAL ESTATE L.L.C	بروبيز للعقارات ش.ذ.م.م			bisharat@probizrealestate.ae
41183	AZEZ ARABIANS REAL ESTATE BROKRAGE L.L.C	ازيز اريبيانز للوساطة العقارية ش.ذ.م.م			kenda.behyan@gmail.com
40624	BUILDCAPS REAL ESTATE L.L.C	بيلدكبس للعقارات ش.ذ.م.م			Buildcaps@gmail.com
40230	FABRI ELITE PROPERTIES L.L.C	فابري ايليت للعقارات ش.ذ.م.م			Saqar.alali@gmail.com
42829	ASICO REAL ESTATE L.L.C (BRANCH)	اسيكو للعقارات ش.ذ.م.م (فرع)			ahmed.alsuwaidi@asico.ae
41794	THE HOUSE FINDERS REAL ESTATE L.L.C	ذا هاوس فايندرز للعقارات ش.ذ.م.م			Dina-khalil-91@hotmail.com
41597	CYAN HOME REAL ESTATE L.L.C	ساين هوم للعقارات ش.ذ.م.م			morteza.alidaie@gmail.com
16092	REALTY FINDERS REAL ESTATE BROKER L.L.C	ريالتي فايندرز للوساطة العقارية ذ.م.م		97143558939	HAREESH_H@HOTMAIL.COM
43360	ASHIYANA PROPERTIES L.L.C	اشيانا للعقارات ذ.م.م		44938219	rizwanfst@gmail.com
42844	ENZO HOMES PROPERTIES L.L.C	اينزو هومز للعقارات ش.ذ.م.م			enzohomesproperties@gmail.com
42778	ROYAL SIGMA REAL ESTATE L.L.C	رويال سيجما للعقارات ش.ذ.م.م			legalservicesemirates@gmail.com
44356	ALSEHAM ALFEDEYEH REAL ESTATE L.L.C	السهام الفضيه للعقارات ش.ذ.م.م			ahmadmuradbd123@gmail.co
16144	A R A S REAL ESTATE L.L.C	ايه ار ايه اس للعقارات ش.ذ.م.م	www.arasrealestate.com	971-4-2877444	administration@aras-group.ae
40967	ROYAL SQUARE FEET REAL ESTATE L.L.C	رويال سكوير فيت للعقارات ش.ذ.م.م			juzermotorwala92@gmail.com
40189	KEY 2 HOME REAL ESTATE L.L.C	كي 2 هوم للعقارات ذ.م.م			chingiz.d.88@gmail.com
43245	PERFECT PLACE PROPERTIES L.L.C	بيرفكت بليس للعقارات ش.ذ.م.م			mohamedfathallah81@gmail.com
42034	A S H D REALTY L.L.C	ايه اس اتش دي العقارية ش.ذ.م.م			Preethadayalal@gmail.com
16077	MEEM PROPERTIES	ميم العقارية		42412719	numir.idrees@gmail.com
44189	SAMI IBRAHIM S ALMUSSA REAL ESTATE L.L.C	سامى بن ابراهيم بن سعد الموسى للعقارات ش.ذ.م.م			samialmussadubai@gmail.com
43199	ELITE PRIME REAL ESTATE L.L.C	ايليت برايم للعقارات ش.ذ.م.م			emad.me@hotmail.com
41808	EXCEPTIONAL PROPERTIES L.L.C	اكسيبشونال للعقارات ش.ذ.م.م			shaikh@epuae.com
43145	RASAN REAL ESTATE BROKERAGE L.L.C	رسن للوساطة العقارية ذ.م.م			rita12azdak@gmail.com
40486	QASR AL SHAHD REAL ESTATE EST.	مؤسسة قصر الشهد للعقارات		+971-555575758	bo_a7md_363@live.com
40926	AKO CAPITAL REAL ESTATE BROKERAGE L.L.C	ايه كيه او كابيتال للوساطة العقارية ش.ذ.م.م			liam.jeffrey@swissproperty.ae
40977	ZHENIS REAL ESTATE L.L.C	جينيس للعقارات ش.ذ.م.م		503240583	Ztulepbergenov@mail.ru
41819	STAR VISTA REAL ESTATE L.L.C	ستار فيستا للعقارات ذ.م.م		0	starvistauae@gmail.com
40284	BARMADA REAL ESTATE L.L.C	برمدا للعقارات ش.ذ.م.م			Bn.brmada@yahoo.com
42212	XCLUSIVE HOMES REAL ESTATE L.L.C	إكسكلوسيف هومز العقارية ش.ذ.م.م			info@xclusivehomes.ae
41440	PALM HILLS REAL ESTATE L.L.C	بالم هيلز للعقارات ش.ذ.م.م			a.masoud.dxb11@gmail.com
40285	BLVCK REAL ESTATE BROKER L.L.C	بلفك للوساطة العقارية ش.ذ.م.م			support@blvckandco.com
43548	TRAPEZE REAL ESTATE L.L.C	ترابيز للعقارات ش.ذ.م.م			askre.dxb@gmail.com
43096	NBH REAL ESTATE L.L.C	ان بي اتش العقارية ذ.م.م			a.m7md.996@gmail.com
40603	FOSTER PROPERITES L.L.C	فوستر للعقارات ش.ذ.م.م		501594325	sanishvk2020@gmail.com
43172	YOUR MOVE REAL ESTATE L.L.C	يور موف للعقارات ش.ذ.م.م			Martinleivars@gmail.com
42785	LUCKY KEYS REAL ESTATE BROKERS L.L.C	لكي كيز للوساطة العقارية ش.ذ.م.م			w256@mail.ru
42232	NEW CONCEPT PROPERTIES L.L.C	نيو كونسبت بروبرتيز ش.ذ.م.م		569999777	kajoor@live.com
26642	M & M REAL ESTATE BROKERAGE	ام اند ام للوساطة العقارية		562199292	m.alimshoeva@mandmrealestate.ae
41000	BRICKLINK PROPERTIES L.L.C	بريك لينك للعقارات ش.ذ.م.م			sbilal_hussain@icloud.com
44127	DOLDER REAL ESTATE BROKER L.L.C	دولدر للوساطة العقارية ش.ذ.م.م			RICHARD@DOLDERGROUP.AE
41500	FRONT LINE OVERSEAS REAL ESTATE	فرونت لاين اوفرسيس للعقارات			FRONTLINEBC1@GMAIL.COM
44993	ALRIYASAH REAL ESTATE L.L.C	الرياسه للعقارات ش.ذ.م.م			Dha124126@gmail.com
41618	VEXA REAL ESTATE BROKER	فيكسا للوساطة العقارية			albpam@gmail.com
40885	RIZMONA PROPERTIES L.L.C	ريزمونا للعقارات ذ.م.م			buzzadvisors@gmail.com
44050	ASTRA TERRA PROPERTIES L.L.C	استرا تررا للعقارات ش.ذ.م.م	https://astraterra.ae/		jtoubia1995@gmail.com
41982	HEAVEN GATE PROPERTIES L.L.C	هيفن جيت للعقارات ش.ذ.م.م			admin@heavengateproperties.com
42455	AGI PRIME REAL ESTATE L.L.C	اية جي اي برايم للعقارات ش.ذ.م.م			antonio.912009@hotmail.it
28217	GLAM PROPERTIES	جلام للعقارات			michael@mjsteps.com
41622	MENGXUAN LIU REAL ESTATE L.L.C	مينجكسوان ليو للعقارات ش.ذ.م.م		525366105	mliu612@hotmail.com
24322	PAKIZA PROPERTIES	باكيزا للعقارات		971-4-3318266	nadeemgori5@gmail.com
43572	SAIF SULTAN ALSHAMSI REAL ESTATE L.L.C	سيف سلطان الشامسي للعقارات ش.ذ.م.م			vzzc@hotmail.com
41129	HARBOUR GATE INTERNATIONAL REAL ESTATE L.L.C	هاربور جيت انترناشيونال للعقارات ش.ذ.م.م			Farhad@hgatedubai.com
43592	AL ADEL REAL ESTATE L.L.C	العدل للعقارات ش.ذ.م.م			elie.b.hazim@gmail.com
44309	RENKLER PROPERTIES L.L.C	رينكلير للعقارات ش.ذ.م.م			marwa@renklerproperties.com
41709	PARCEL REAL ESTATES L.L.C	بارسل للعقارات ذ.م.م			ozdencmn@gmail.com
40389	PRESTIGE VISTA REAL ESTATE L.L.C	برستيج فيستا للوساطة العقارية ش.ذ.م.م			fasihuddin.pirzada@gmail.com
43409	V K S REALTY REAL ESTATE L.L.C	في كيه اس ريالتي للعقارات ش.ذ.م.م			kanishkchadha2001@gmail.com
25628	ASSET HOMEZ INTERNATIONAL PROPERTIES L.L.C	اسيت هومز انترناشونال للعقارات ش.ذ.م.م		45896555	bijoykdy@gmail.com
40831	DEANS REAL ESTATE MANAGMENT L.L.C	دينس لإدارة العقارات ذ.م.م			info@deansre.com
43097	ICONIC LIVING REAL ESTATE L.L.C	ايكونيك ليفينج للعقارات ذ.م.م			zeeshan.haroon@gmail.com
41379	DAR AL ATTAA REAL ESTATE L.L.C	دار العطاء للعقارات ش.ذ.م.م			fata_alarab@yahoo.com
33629	ALARD ALBAYDA REAL ESTATE L.L.C	الارض البيضاء للعقارات ش.ذ.م.م			abdo_1961@hotmail.com
43804	BRICKSTONE LUXURY REAL ESTATE L.L.C	بريكستون لاكجوري العقارية ذ.م.م			Lovejudy1108@outlook.com
40598	HETAIROS REAL ESTATE L.L.C	هيتاروس للعقارات ش.ذ.م.م			setup@dhanguard.com
42968	C D R REAL ESTATE L.L.C	سي دي ار للعقارات ذ.م.م			Ibrahim.salama.leb@gmail.com
41024	ASKIN PROPERTIES L.L.C	أسكين للعقارات ذ.م.م			mootezbhr@gmail.com
40090	REXCEL REAL ESTATE L.L.C	ريكسيل للوساطة العقارية ش.ذ.م.م			rajmakesh15@gmail.com
41557	LEJU PROPERTIES L.L.C	ليجو للعقارات ش.ذ.م.م			gavincaf@gmail.com
41030	INFINIX INFINITY REAL ESTATE	انفينيكس انفنيتي للعقارات			kariemessam2010@hotmail.com
43209	AMORTH REAL ESTATE L.L.C	أمورث للعقارات ذ.م.م			eslam.elgendy212@gmail.com
41036	N B J R HOME REAL ESTATE	ان بي جيه ار هوم للعقارات			negrel.jordane@gmail.com
43865	DESERT EAGLE REAL ESTATE L.L.C	ديزرت ايجل للعقارات ش.ذ.م.م		505051171	Rahim.deserteagle@gmail.com
40902	DREAM CREST REAL ESTATE L.L.C	دريم كريست للعقارات ش.ذ.م.م			tmanyengavanajohn@gmail.com
42602	ROYAL CONTACT REAL ESTATE L.L.C	رويال كونتكت للعقارات ش.ذ.م.م			AHMETDEMIRBILEK82@GMAIL.COM
40559	GOLDEN ELITE PROPERTIES L.L.C	قولدن اليت للعقارات ذ.م.م			rainliang0314@gmail.com
41031	BEST PRESTIGIOUS PROPERTIES L.L.C	بست برستيجيوس للعقارات ش.ذ.م.م			Sundusalnaief@gmail.com
44015	DREAMS WAY REAL ESTATE BROKERAGE L.L.C	دريمس ويي للوساطة العقارية ش.ذ.م.م			jawadahmed100@yahoo.com
43414	UNIQUE ERA REAL ESTATE	يونيك اي ار ايه للعقارات			z.89@hotmail.com
28788	AZBIT PROPERTIES L.L.C	ازبيت للعقارات ذ.م.م		0	yunussheik@hotmail.com
44576	ALAYA REAL ESTATE L.L.C	ايه ال ايه واي ايه للعقارات ش.ذ.م.م			Tatiana_cretu@hotmail.fr
43561	RAGHAV REAL ESTATE L.L.C	راغاف للعقارات ش.ذ.م.م			raghav2322@icloud.com
40795	AL JUNOOD REAL ESTATE L.L.C	الجنود للعقارات ش.ذ.م.م			emhimami@gmail.com
40237	MANO CAPITAL REAL ESTATE L.L.C	مانو كابيتال للعقارات ش.ذ.م.م			nodikamiles555@icloud.com
41268	FAH REAL ESTATE	اف ايه اتش للعقارات		43407624	alisamir81@gmail.com
41222	MICRO LINE REAL ESTATE L.L.C	مايكرو لاين للعقارات ش.ذ.م.م			nedalalmohammad@gmail.com
40994	A Y A M Z LUXURY REAL ESTATE L.L.C	ايه واي ايه ام زد لكجري للعقارات ذ.م.م			eliazacbar@hotmail.com
42288	GOLD BRICKS REAL ESTATE L.L.C	جولد بريكس للعقارات ش.ذ.م.م			reshmabaig@gmail.com
27905	SANAA ALYEMEN REAL ESTATE BROKER	صنعاء اليمن للوساطة العقارية		506524145	F_ghattas@hotmail.com
40289	F N F REAL ESTATE BROKERAGE L.L.C	اف ان اف للوساطة العقارية ذ.م.م			Yosrahanyabdelwahab@gmail.com
43106	G & G CAPITAL REAL ESTATE L.L.C	جي اند جي كابيتال للعقارات ذ.م.م			macankur2701@gmail.com
25513	ROYAL ELEGANT REAL ESTATE	رويال ايليجنت للعقارات		971-04-2958070	hamdati@hotmail.com
42537	JMA REAL ESTATE L.L.C	جيه ام ايه للعقارات ش.ذ.م.م			bosoyeogunkanmi@gmail.com
40894	VASVI REALTY L.L.C	فاسفي للعقارات ش.ذ.م.م			vibhali27@gmail.com
40695	MESSIER REAL ESTATE L.L.C	ماسيير للعقارات ش.ذ.م.م	www.dubailuxurylistings.com		vanja.messier@gmail.com
43458	PRIME POINT PROPERTIES L.L.C	برايم بوينت للعقارات ش.ذ.م.م			ahmadamber201@gmail.com
42221	WESTATES PROPERTIES L.L.C	ويستيتس للعقارات ش.ذ.م.م		529715488	Elchin@westates.com
42216	RELOCOR HOME REAL ESTATE BROKER L.L.C	ريلوكور هوم للوساطة العقارية ذ.م.م			contact@relocorhome.ae
42810	BRADOSTI REAL ESTATE L.L.C	برادوستي للعقارات ش.ذ.م.م			ssaiff1991@gmail.com
35544	BRICKYARD REAL ESTATE L.L.C	بريكيارد للعقارات ش.ذ.م.م		971585285008	get2akbar@gmail.com
44659	SHAAR PROPERTIES L.L.C	شار للعقارات ش.ذ.م.م			rrafiee@yahoo.com
28736	YOUSCO REAL ESTATE BROKERAGE	يوسكو للوساطة العقارية			MYA1991@OUTLOOK.COM
40909	ALPHA OASIS REAL ESTATE BROKER L.L.C	الفا اويسس للوساطة العقارية ش.ذ.م.م			adeelaslam5@gmail.com
42048	LEON ESTATES REAL ESTATE L.L.C	ليون إستيتس للعقارات ذ.م.م			mohanad.atiah@gmail.com
43383	LOEMIS PROPERTIES L.L.C	لويميس بروبرتيز ش.ذ.م.م			hosam.a.abdelhadi@gmail.com
41029	HOMEGRAM REAL ESTATE L.L.C	هوميجرام للعقارات ش.ذ.م.م			eemanarshiyaofficial@gmail.com
42645	RAINBOW STONE REAL ESTATE L.L.C	رينبو ستون للعقارات ذ.م.م			Rainbowstonedubai@gmail.com
43632	GRAND APEX REAL ESTATE L.L.C	جراند ابيكس العقارية ذ.م.م			amir@abshersetup.ae
41708	ONE QUEST PROPERTIES L.L.C	وان كويست للعقارات ش.ذ.م.م		506955426	info@onequest-properties.ae
41874	HONCHO REAL ESTATE L.L.C	هونشو للعقارات ذ.م.م			Honcho.kapoor.shah@gmail.com
43493	PREMIERS ELITE REAL ESTATE L.L.C	بريميرز ايليت للعقارات ش.ذ.م.م			anaselattar@hotmail.com
28655	JELI REAL ESTATE	جيلي للعقارات			jelirealestate@yahoo.com
40516	IVY PROPERTIES L.L.C	ايفي للعقارات ش.ذ.م.م			lama.baalousha@hotmail.com
40143	S A E X O GLOBAL PROPERTIES L.L.C	اس ايه اي اكس او جلوبال للعقارات ش.ذ.م.م			sohaibliaqat@yahoo.com
43427	PRIME VENTURES REAL ESTATE L.L.C	برايم فنتشرز للعقارات ش.ذ.م.م			derirkiddh@yahoo.com
41230	URBNS REAL ESTATE L.L.C	اوربنس للعقارات ش.ذ.م.م			hayam_amir@yahoo.com
41785	GRAND SKY REAL ESTATE L.L.C	جراند سكاي للعقارات ذ.م.م			U1dubai@gmail.com
42600	AL MUSTAQBAL AL MUSHRIQ L.L.C	المستقبل المشرق للعقارات ذ.م.م			ahmed@mustaqbalrealestate.com
28288	ALMIIRA REAL ESTATE L.L.C	الميرة للعقارات ش.ذ.م.م		504173317	alqemma.uae1@gmail.com
40159	MUHAMMAD SAEEDI REAL ESTATE MANAGEMENT SUPERVISION SERVICES L.L.C	محمد سعيدي لخدمات الإشراف الإداري للعقارات ش.ذ.م.م			hasnatsaeedi78@gmail.com
43503	666 ESTATES	666 العقارية			rashid.alsharif@gmail.com
40014	BOLD ROUTES PROPERTIES L.L.C	بولد رووتس للعقارات ذ.م.م			nabilhesham106@gmail.com
42293	PALMA VISTA REAL ESTATE BROKERS L.L.C	بالما فيستا للوسطاء العقاريين ش.ذ.م.م			eldor@palmavista.world
43662	REITSTART REAL ESTATE	ريتستارت للعقارات			reitstart@gmail.com
41949	YKG REAL ESTATE L.L.C	واي كيه جي للعقارات ش.ذ.م.م			realestateykg@gmail.com
42535	BRIXTON REALESTATE L.L.C	بريكستون للعقارات ش.ذ.م.م			afsin.merchant@hotmail.com
41878	SIVAN REAL ESTATE L.L.C	سيفان للعقارات ش.ذ.م.م		971-54-4297439	admin@sivanrealestate.com
41726	QIC FOR REAL ESTATE BUYING & SELLING BROKERAGE	كيو للاستثمار للوساطة في بيع العقارات وشرائها		971-50-2228122	iii.88@outlook.com
43339	POINTX REAL ESTATE L.L.C	بوينتكس للعقارات ش.ذ.م.م			iram.din@pointxrealty.com
41732	ELIXIR PROPERTIES L.L.C	اليكسير للعقارات ش.ذ.م.م			mehtavikram42@gmail.com
44684	BENSONFLOW REAL ESTATE L.L.C	بنسنفلو للعقارات ش.ذ.م.م			ak@bensonflow.com
42219	SEVEN STAGE REAL ESTATE BROKERAGE L.L.C	سفن ستايج للوساطة العقارية ش.ذ.م.م		97145912422	rajeev_cat@rediffmail.com
44078	MENZAAL REAL ESTATE L.L.C	منزال للعقارات ش.ذ.م.م			salim@masaar.com
40880	EPASERO REAL ESTATE L.L.C	ايباسيرو للعقارات ش.ذ.م.م			Awais.randhawa221@gmail.com
43121	PURE PRIME PROPERTIES L.L.C	بيور برايم للعقارات ش.ذ.م.م			Barrywrigley1@gmail.com
40944	BEST MOVE PROPERTIES	بست موف للعقارات			bilal_2411@hotmail.com
43917	OUSMANE SOW PROPERTIES L.L.C	عثمان سو للعقارات ش.ذ.م.م			ousmanesow.properties@gmail.com
42010	MAGNIFICENT PROPERTIES L.L.C	ماغنيفيسينت للعقارات ذ.م.م	https://magnificent.ae/		ep@magnificent.ae
40792	FIRST MARK REAL ESTATE L.L.C	فيرست مارك للعقارات ش.ذ.م.م			info@firstmark.ae
42110	ROKUN ALMARAYA REAL ESTATE L.L.C	ركن المرايا للعقارات ش.ذ.م.م			m.md.80@hotmail.com
41556	ROSE LUXURY PROPERTIES L.L.C	روز لاكشري للعقارات ذ.م.م			shajikmathai@yahoo.com
40030	HABITAS PROPERTIES L.L.C	هابيتاس للعقارات ش.ذ.م.م			hany.shawky.salama@gmail.com
42822	MOHAMMAD AL NASHI REAL ESTATE L.L.C	محمد الناشي للعقارات ش.ذ.م.م			mohammadalnashi@gmail.com
40953	GREEN SPINE REAL ESTATE	جرين سباين للعقارات	www.greenspine.ae		salaheddin.alawad@gmail.com
42783	FOX RIVER PROPERTIES L.L.C	فوكس ريفير للعقارات ش.ذ.م.م			kate@foxriver.ae
44033	IMZA PREMIUM PROPERTIES L.L.C	امزا بريميوم للعقارات ش.ذ.م.م			nodira1.davlatova@gmail.com
41723	APEX SKYLINE REAL ESTATE L.L.C	ابيكس سكايلاين للعقارات ذ.م.م			info@apexskyline.ae
41370	OLIVER OAK PROPERTIES L.L.C	اوليفر اووك للعقارات ذ.م.م			operations@nxtg.ae
40928	NAMASTE PROPERTIES L.L.C	ناماستي بروبرتيز ذ.م.م			Sweetyjaiswal141989@gmail.com
40287	S A N D S REAL ESTATE BROKERAGE L.L.C	اس ايه ان دي اس للوساطة العقارية ش.ذ.م.م		971-04-4081900	shawlummer@gmail.com
41560	BRAMWELL & PARTNERS REAL ESTATE MANAGEMENT L.L.C - DUBAI BRANCH	برامويل وشركاه لإدارة العقارات ذ.م.م - فرع دبي			mike@bramwellre.com
44143	REYES & ELSAMAD REAL ESTATE L.L.C	ريس اند الصمد للعقارات ذ.م.م			melsamad1@hotmail.com
40664	CLEMENCEAU REAL ESTATE L.L.C	كليمونسو للعقارات ذ.م.م			nouriasmili@gmail.com
32907	I G A REAL ESTATE BROKERAGE L.L.C	ايه جي اي للوساطة العقارية ذ.م.م			eid@iga.estate
41552	MATI ULLAH PROPERTIES L.L.C	مطيع الله للعقارات ش.ذ.م.م			matiullah.etd@gmail.com
44666	BURJ ALARAB REAL ESTATE BROKERS L.L.C	برج العرب للوسطاء العقاريين ش.ذ.م.م		43261737	karadanjassim@gmail.com
43156	VALENTINA REAL ESTATE BROKERS L.L.C	فالينتينا للوساطة العقارية ش.ذ.م.م			Vr@valentinarusu.com
42247	MATRIX STAR REAL ESTATE	ماتركس ستار للعقارات			rafyishfaq3434@gmail.com
16059	NOOR SARAY REAL ESTATE	نور سراي العقارية		971-4-2677770	dr.shafa62@gamil.com
19126	STAMINA REAL ESTATE BROKERS OWNED BY SHAHAD MOHAMMAD SAEED ALMAZROOEI ONE PERSON COMPANY L.L.C	ستامنا للوساطة العقارية لمالكها شهد محمد سعيد المزروعي شركة الشخص الواحد ش.ذ.م.م			
44508	FOX SQUAD REAL ESTATE L.L.C	فوكس سكويد للعقارات ش.ذ.م.م			umranijunaid@gmail.com
41465	BERG HAM PROPERTIES L.L.C	بي اي ار جي اتش ايه ام للعقارات ش.ذ.م.م			kasiaha@hotmail.co.uk
40752	BRICKS AND BEAMS REAL ESTATE L.L.C	بركس اند بيمس للعقارات ذ.م.م			jagasiapayal@gmail.com
41802	DAGI REAL ESTATE BROKERS L.L.C	دجي للوساطة العقارية ذ.م.م			dagi.girl@mail.ru
42971	SIAM FOR REAL ESTATE BROKERAGE	سيام للوساطة العقارية		+971-588888837	b.qurwash@gmail.com
33141	WEALTH ESTATE UHNWI PROPERTIES L.L.C	ويلث استيت يو اتش ان دبليو اي للعقارات ش.ذ.م.م		400000	hani@wealthconsulting.com
41037	NOBAR REALTY L.L.C	نوبار للعقارات ش.ذ.م.م			gnoel@gnpc.ca
28447	Az for real estate brokerage	عز للوساطة العقارية		42629406	Bendahmane.azizz@gmail.com
41997	PONTIS REAL ESTATE L.L.C	بونتيس للعقارات ذ.م.م			gurmeergill@hotmail.com
42975	LUNAR REAL ESTATE L.L.C	لونار للعقارات ش.ذ.م.م			amerel14@web.de
43155	ARIZON PROPERTY MANAGEMENTS L.L.C	اريزون لادارة العقارات ذ.م.م		971-04-3587036	info@arizonproperty.com
41703	PREVIEW PROPERTIES L.L.C	بريفيو للعقارات ذ.م.م		585577999	mahendra@previewgroup.ae
42634	BONAPARTE REAL ESTATE L.L.C	بونابارتي للعقارات ش.ذ.م.م			al-daleeh@hotmail.com
43151	AL MESLA REAL ESTATE L.L.C	الميسلا للعقارات ش.ذ.م.م			hatem.mansour20@gmail.com
33264	PEARL VIEWS PROPERTIES L.L.C	بيرل فيوز للعقارات ش.ذ.م.م			A.dalali.ad@gmail.com
42472	SAGITTARIUS REAL ESTATE L.L.C	ساجتيريس للعقارات ذ.م.م			m_samih@msn.com
41660	CONTINENTAL PREMIUM PROPERTIES L.L.C	كونتيننتال بريميم للعقارات ش.ذ.م.م			Justkane31@gmail.com
42614	STAR GATE REAL ESTATE L.L.C	ستار جيت للعقارات ش.ذ.م.م			Wasimpmw@yahoo.com
40078	ALARD ALWASIAH REAL ESTATE L.L.C	الارض الوسيعة للعقارات ش.ذ.م.م			alardalwasiahrealestate@gmail.com
44545	BLUE ONYX REAL ESTATE	بلو اونكس للعقارات			hana@onyxre.ae
43112	AZZARO LUXURY HOMES REAL ESTATE L.L.C	ازارو لاكجري هومز للعقارات ش.ذ.م.م			info@azzarohomes.com
42075	LAKE DISTRICT REAL ESTATE BUYING AND SELLING L.L.C	ليك دستركت للوساطة في بيع العقارات ش.ذ.م.م			support@blackswanbss.com
42128	I A K PROPERTIES REAL ESTATE L.L.C	اي ايه كي للوساطة العقارية ذ.م.م			veerukuchur@gmail.com
40390	EXGROW PROPERTIES	اكسجرو للعقارات			group-management@ex-exceed.com
40394	EDITION HOME REAL ESTATE L.L.C	ايديشن هوم للعقارات ش.ذ.م.م			d.xuanyen@gmail.com
35053	DIMAC FOR BUYING AND SELLING OF REAL ESTATE CO. L.L.C	ديماس لشراء وبيع العقارات شركة الشخص الواحد ذ.م.م			dimulyapuga@gmail.com
2417	LUCKY DEAL REAL ESTATE BROKERS	الصفقة المحظوظة للوساطة العقارية		971-04-4572365	md@luckydealuae.com
27784	NABCO PROPERTIES L.L.C	نابكو للعقارات ش.ذ.م.م		585253993	nabeel@nabcoassociates.com
40226	CRL PROPERTIES L.L.C	سي ار ال للعقارات ش.ذ.م.م			crlegacy.properties@gmail.com
40665	ABSOLUTE CHOICE PROPERTY L.L.C	ابسوليوت تشويس للعقارات ش.ذ.م.م			sharifmazhar@absolutechoiceproperty.com
42324	GLIMMR HOMES REAL ESTATE L.L.C	جليمر هومز للعقارات ش.ذ.م.م			doaa.creative89@gmail.com
34361	WORLDWIDE PROPERTIES	وورلدوايد بروبيرتيز للعقارات			info@worldwidegroup.ae
41619	TWB REAL ESTATE L.L.C	تي دبليو بي للعقارات ذ.م.م			bipin.andrews@gmail.com
42623	NOUR ALDUNYA REAL ESTATE L.L.C	نور الدنيا للعقارات ش.ذ.م.م			hasratali6653@gmail.com
41305	DMAG INTERNATIONAL PROPERTIES L.L.C	ديماغ انترناشيونال للعقارات ذ.م.م			Deepak@dmag.ae
43709	VISION HOME REAL ESTATE L.L.C	فيجن هوم للعقارات ذ.م.م			vickyfyn@gmail.com
40076	GULF CENTRAL PROPERTIES	غلف سنترال للعقارات		971-56-9007200	Office@gulfcentral.ae
43722	DREAM ACHIEVE PROPERTIES L.L.C	دريم اشيف للعقارات ش.ذ.م.م			dream.achieve786@gmail.com
43853	HILLS AND VIEWS REAL ESTATE L.L.C	هيلز اند فيوز للعقارات ش.ذ.م.م			json50533@gmail.com
40865	AL SHAMS AL SAEED REAL ESTATE	الشمس السعيد للعقارات			saeedfarhandnp@gmail.com
44608	GOLDEN BHOOMI REAL ESTATE L.L.C	جولدن بهومي للعقارات ذ.م.م			Marutikamble05@gmail.com
43332	CHAMPOLLION REAL ESTATE BROKERAGE L.L.C	شامبليون للوساطة العقارية ذ.م.م			champollionrealestate@gmail.com
40704	KREI PROPERTIES L.L.C	كيه ار اي اي للعقارات ش.ذ.م.م			aspeeg@gmail.com
42333	M N H REAL ESTATE L.L.C	ام ان اتش للعقارات ش.ذ.م.م			MNH.REALESTATEDUBAI@GMAIL.COM
40344	SKY ZENITH REAL ESTATE L.L.C	سكاي زينيث للعقارات ذ.م.م			Sayed.nusratbegum@gmail.com
44354	GALAXY STAR REAL ESTATE L.L.C	جالاكسي ستار للعقارات ش.ذ.م.م		425200	solovyevm1974@gmail.com
42929	ALKHANA REAL ESTATE	الخانة للعقارات			essam_afify86@yahoo.com
28742	LUXURY ESCAPES REAL ESTATE LLC	لكشري ايسكيبس للعقارات ش.ذ.م.م		309074	asif.khurshid@gbsei.com
42193	KUNAL KURAPATI REAL ESTATE L.L.C	كونال كوراباتى للعقارات ش.ذ.م.م			kkrealestatellc9@gmail.com
40992	LADOS REAL ESTATE L.L.C	لادوس للعقارات ش.ذ.م.م			info@lados.ae
23267	OXFORD HOMES REAL ESTATE L.L.C	اكسفورد هومز للعقارات ش.ذ.م.م			esmatmohamed181@gmail.com
42945	ALEXANDER J SHAMI PROPERTIES L.L.C	الكسندر جي شامي للعقارات ذ.م.م			alex.shami.0@gmail.com
41585	JIM & CO REAL ESTATE L.L.C	شركة جيم للعقارات ش.ذ.م.م		528819636	waqar240@gmail.com
28716	TRUST TRIO HOME REAL ESTATE L.L.C	تراست تريو هوم العقارية ش.ذ.م.م	www.triohomes.ae	44508205	emirates.access@gmail.com
40435	ALNA REAL ESTATE L.L.C	ألنا للعقارات ش.ذ.م.م			info@alexanderluxuryrealestate.com
40109	BAIT AL BAHAR REAL ESTATE	بيت البحرللعقارات			Saif2333325@gmail.com
41713	FAST CONNECT PROPERTIES L.L.C	فاست كونكت للعقارات ذ.م.م			kslintlgroup@gmail.com
42068	DUBUYERS PROPERTIES L.L.C	دوبويرز للعقارات ش.ذ.م.م			Queendxbrokers@gmail.com
40179	KEMAAR REAL ESTATE L.L.C	كيمار للعقارات ش.ذ.م.م		971-04-3284990	marcybalouch@gmail.com
42582	PRADHAN REAL ESTATE L.L.C	برذان للعقارات ش.ذ.م.م			Kartikthacker9@gmail.com
41095	ASSET LEEDZ REAL ESTATE BROKER	اسيت ليدز للوساطة العقارية			rehaansaj@gmail.com
44543	BAHAR AMIN PROPERTIES	بحر امين للعقارات			M.a.bahman1987@gmail.com
40566	HOME HUSTLER REAL ESTATE L.L.C	هوم هاستلير للعقارات ش.ذ.م.م			contact@homehustlerdubai.com
40231	MAK LUXURY REAL ESTATE L.L.C	ام ايه كيه لاكجري للعقارات ش.ذ.م.م			info@mak-luxury.com
43421	A AND S PROPERTIES L.L.C	ايه آند إس للعقارات ش.ذ.م.م			am200557@gmail.com
43611	TAVIAN PROPERTIES L.L.C	تافيان للعقارات ذ.م.م			anubhav@tavianproperties.com
42148	AUBREY JAMES REAL ESTATE BROKERAGE L.L.C	اوبري جيمس للوساطة العقارية ش.ذ.م.م		569688225	Joshlytton98@outlook.com
41454	DEEP OCEAN REAL ESTATE L.L.C	ديب اوشن للعقارات ش.ذ.م.م			100j@clothespintower.com
40198	KEVO LIVING REAL ESTATE L.L.C	كيفو ليفينق للعقارات ش.ذ.م.م			INFO@KEVOLIVING.COM
41810	LEO CROWN REAL ESTATE L.L.C	ليو كراون للعقارات ش.ذ.م.م			dhru_bhatt@hotmail.com
32048	MAXIMUS REAL ESTATE L.L.C	ماكسيموس للعقارات ش.ذ.م.م		45550405	Hanah.ceo@gmail.com
41215	AL SHAHEEN AL AFDAL PROPERTY	الشاهين الافضل للعقارات			butty5243@gmail.com
44227	BAYAN MAIHOUB REAL ESTATE BROKERS L.L.C	بيان ميهوب للوساطة العقارية ش.ذ.م.م			bayanmayhoub@gmail.com
41307	M E A M REAL ESTATE L.L.C	ام اي ايه ام للعقارات ش.ذ.م.م			bashirmaysa@gmail.com
41639	MODERN HORIZON REAL ESTATE L.L.C	مودرن هوريزن للعقارات ش.ذ.م.م			dilshaaad@gmail.com
41553	MONTAIGNE IMMOBILIER PROPERTIES L.L.C	مونتين إيموبيلير للعقارات ش.ذ.م.م			C.guedj@montaigne-properties.com
42008	AGHOSH PROPERTIES L.L.C	اجوش للعقارات ش.ذ.م.م		545569194	aliminhas86@gmail.com
42330	THE HOUSE NINE REAL ESTATE L.L.C	ذا هاوس ناين للعقارات ش.ذ.م.م			sidheeq583@gmail.com
42192	G A B REAL ESTATE L.L.C	جي ايه بي للوساطة العقارية ش.ذ.م.م			workstatin1555@gmail.com
43806	PRRASHAR KAMRA REALTY L.L.C	براشار كامرا رياليتي ش.ذ.م.م			admin@commitwise.ae
32912	ONE ADDRESS BUYING AND SELLING OF REAL ESTATE L.L.C	ون ادريس لشراء الاراضي والعقارات وبيعها ش.ذ.م.م		44249988	usama@oneaddressdubai.com
40125	SPS GLOBAL REAL ESTATE BROKERAGE L.L.C	اس بيه اس جلوبال للوساطة العقارية ش.ذ.م.م			pankaj@spsglobalrealtors.com
12678	TRADERS PROPERTY	تريدرس للعقارات			raisdubai@gmail.com
41594	CRYSTAL HUB REAL ESTATE BROKER	كريستال هب للوساطة العقارية			admin@eaglewingsuae.com
41509	NEXARISE REAL ESTATE L.L.C	نيكساريس للعقارات ش.ذ.م.م			sales@applestack.co.uk
42635	NOOSA REAL ESTATE L.L.C	نوسا للعقارات ش.ذ.م.م			tha.clearance@gmail.com
40493	FALCO CIELO REALTY L.L.C	فالكو تشيلو للعقارات ش.ذ.م.م			hesham5233@gmail.com
